Order ID,Order Date,Ship Date,Customer Name,City,State,Category,Product Name,Sales,Quantity,Profit,Shipping Days,Year,Month,Profit Margin,Status
CA-2013-138688,2013-06-13,2013-06-17,Darrin Van Huff,Los Angeles,California,Labels,Self-Adhesive Address Labels for Typewriters by Universal,14.62,2,6.8714,4,2013,6,47.0,Profit
CA-2011-115812,2011-06-09,2011-06-14,Brosina Hoffman,Los Angeles,California,Furnishings,"Eldon Expressions Wood and Plastic Desk Accessories, Cherry Wood",48.86,7,14.1694,5,2011,6,28.999999999999996,Profit
CA-2011-115812,2011-06-09,2011-06-14,Brosina Hoffman,Los Angeles,California,Art,Newell 322,7.28,4,1.9656,5,2011,6,27.0,Profit
CA-2011-115812,2011-06-09,2011-06-14,Brosina Hoffman,Los Angeles,California,Phones,Mitel 5320 IP Phone VoIP phone,907.152,4,90.7152,5,2011,6,10.0,Profit
CA-2011-115812,2011-06-09,2011-06-14,Brosina Hoffman,Los Angeles,California,Binders,DXL Angle-View Binders with Locking Rings by Samsill,18.504,3,5.7825,5,2011,6,31.249999999999993,Profit
CA-2011-115812,2011-06-09,2011-06-14,Brosina Hoffman,Los Angeles,California,Appliances,Belkin F5C206VTEL 6 Outlet Surge,114.9,5,34.47,5,2011,6,30.0,Profit
CA-2011-115812,2011-06-09,2011-06-14,Brosina Hoffman,Los Angeles,California,Tables,Chromcraft Rectangular Conference Tables,1706.184,9,85.3092,5,2011,6,5.0,Profit
CA-2011-115812,2011-06-09,2011-06-14,Brosina Hoffman,Los Angeles,California,Phones,Konftel 250 Conference phone - Charcoal black,911.424,4,68.3568,5,2011,6,7.500000000000001,Profit
CA-2013-161389,2013-12-06,2013-12-11,Irene Maddox,Seattle,Washington,Binders,Fellowes PB200 Plastic Comb Binding Machine,407.976,3,132.5922,5,2013,12,32.49999999999999,Profit
CA-2011-167164,2011-05-13,2011-05-15,Alejandro Grove,West Jordan,Utah,Storage,Fellowes Super Stor/Drawer,55.5,2,9.99,2,2011,5,18.0,Profit
CA-2011-143336,2011-08-27,2011-09-01,Zuschuss Donatelli,San Francisco,California,Art,Newell 341,8.56,2,2.4824,5,2011,8,28.999999999999996,Profit
CA-2011-143336,2011-08-27,2011-09-01,Zuschuss Donatelli,San Francisco,California,Phones,Cisco SPA 501G IP Phone,213.48,3,16.011,5,2011,8,7.5,Profit
CA-2011-143336,2011-08-27,2011-09-01,Zuschuss Donatelli,San Francisco,California,Binders,"Wilson Jones Hanging View Binder, White, 1""",22.72,4,7.384,5,2011,8,32.5,Profit
CA-2012-106320,2012-09-25,2012-09-30,Emily Burns,Orem,Utah,Tables,Bretford CR4500 Series Slim Rectangular Table,1044.63,3,240.2649,5,2012,9,23.0,Profit
CA-2013-121755,2013-01-16,2013-01-20,Eric Hoffmann,Los Angeles,California,Binders,Wilson Jones Active Use Binders,11.648,2,4.2224,4,2013,1,36.25000000000001,Profit
CA-2013-121755,2013-01-16,2013-01-20,Eric Hoffmann,Los Angeles,California,Accessories,Imation 8GB Mini TravelDrive USB 2.0 Flash Drive,90.57,3,11.7741,4,2013,1,13.0,Profit
CA-2013-101343,2013-07-18,2013-07-23,Ruben Ausman,Los Angeles,California,Storage,"Eldon Base for stackable storage shelf, platinum",77.88,2,3.894,5,2013,7,5.0,Profit
CA-2012-135545,2012-11-24,2012-11-30,Kunst Miller,Los Angeles,California,Accessories,"Verbatim 25 GB 6x Blu-ray Single Layer Recordable Disc, 3/Pack",13.98,2,6.1512,6,2012,11,44.0,Profit
CA-2012-135545,2012-11-24,2012-11-30,Kunst Miller,Los Angeles,California,Binders,"Acco PRESSTEX Data Binder with Storage Hooks, Dark Blue, 14 7/8"" X 11""",25.824,6,9.3612,6,2012,11,36.25,Profit
CA-2012-135545,2012-11-24,2012-11-30,Kunst Miller,Los Angeles,California,Paper,Xerox 1943,146.73,3,68.9631,6,2012,11,47.0,Profit
CA-2012-135545,2012-11-24,2012-11-30,Kunst Miller,Los Angeles,California,Furnishings,Luxo Economy Swing Arm Lamp,79.76,4,22.3328,6,2012,11,27.999999999999996,Profit
CA-2011-106376,2011-12-05,2011-12-10,Brendan Sweed,Gilbert,Arizona,Art,"Hunt BOSTON Model 1606 High-Volume Electric Pencil Sharpener, Beige",1113.024,8,111.3024,5,2011,12,10.000000000000002,Profit
CA-2011-106376,2011-12-05,2011-12-10,Brendan Sweed,Gilbert,Arizona,Phones,netTALK DUO VoIP Telephone Service,167.968,4,62.988,5,2011,12,37.5,Profit
CA-2011-139451,2011-10-12,2011-10-16,Duane Noonan,San Francisco,California,Art,"Premium Writing Pencils, Soft, #2 by Central Association for the Blind",14.9,5,4.172,4,2011,10,27.999999999999996,Profit
CA-2011-139451,2011-10-12,2011-10-16,Duane Noonan,San Francisco,California,Storage,"Sortfiler Multipurpose Personal File Organizer, Black",21.39,1,6.2031,4,2011,10,28.999999999999996,Profit
CA-2013-109806,2013-09-18,2013-09-23,Jim Sink,Los Angeles,California,Art,Turquoise Lead Holder with Pocket Clip,20.1,3,6.633,5,2013,9,32.99999999999999,Profit
CA-2013-109806,2013-09-18,2013-09-23,Jim Sink,Los Angeles,California,Phones,Panasonic Kx-TS550,73.584,2,8.2782,5,2013,9,11.249999999999998,Profit
CA-2013-109806,2013-09-18,2013-09-23,Jim Sink,Los Angeles,California,Paper,Xerox 1995,6.48,1,3.1104,5,2013,9,47.99999999999999,Profit
US-2014-109484,2014-11-07,2014-11-13,Roger Barcio,Portland,Oregon,Binders,Flexible Leather- Look Classic Collection Ring Binder,5.682,1,-3.788,6,2014,11,-66.66666666666666,Loss
CA-2014-157833,2014-06-18,2014-06-21,Katherine Ducich,San Francisco,California,Binders,Trimflex Flexible Post Binders,51.312,3,17.9592,3,2014,6,35.0,Profit
US-2012-156867,2012-11-13,2012-11-17,Lena Cacioppo,Aurora,Colorado,Accessories,Logitech K350 2.4Ghz Wireless Keyboard,238.896,6,-26.8758,4,2012,11,-11.250000000000002,Loss
US-2012-156867,2012-11-13,2012-11-17,Lena Cacioppo,Aurora,Colorado,Furnishings,"Deflect-o DuraMat Lighweight, Studded, Beveled Mat for Low Pile Carpeting",102.36,3,-3.8385,4,2012,11,-3.75,Loss
US-2012-156867,2012-11-13,2012-11-17,Lena Cacioppo,Aurora,Colorado,Binders,"Avery Trapezoid Ring Binder, 3"" Capacity, Black, 1040 sheets",36.882,3,-25.8174,4,2012,11,-70.0,Loss
CA-2012-110457,2012-03-02,2012-03-06,Dave Kipp,Seattle,Washington,Tables,Hon Racetrack Conference Tables,787.53,3,165.3813,4,2012,3,21.000000000000004,Profit
US-2014-107272,2014-11-06,2014-11-13,Troy Staebel,Phoenix,Arizona,Binders,"Avery Durable Slant Ring Binders, No Labels",2.388,2,-1.8308,7,2014,11,-76.66666666666667,Loss
US-2014-107272,2014-11-06,2014-11-13,Troy Staebel,Phoenix,Arizona,Storage,"Trav-L-File Heavy-Duty Shuttle II, Black",243.992,7,30.499,7,2014,11,12.5,Profit
US-2013-125969,2013-11-07,2013-11-11,Lindsay Shagiari,Los Angeles,California,Chairs,"Global Task Chair, Black",81.424,2,-9.1602,4,2013,11,-11.249999999999998,Loss
US-2013-125969,2013-11-07,2013-11-11,Lindsay Shagiari,Los Angeles,California,Furnishings,Eldon Cleatmat Plus Chair Mats for High Pile Carpets,238.56,3,26.2416,4,2013,11,10.999999999999998,Profit
CA-2013-145583,2013-10-14,2013-10-20,Lena Creighton,Roseville,California,Paper,Xerox 195,20.04,3,9.6192,6,2013,10,48.0,Profit
CA-2013-145583,2013-10-14,2013-10-20,Lena Creighton,Roseville,California,Paper,Xerox 1880,35.44,1,16.6568,6,2013,10,47.0,Profit
CA-2013-145583,2013-10-14,2013-10-20,Lena Creighton,Roseville,California,Art,"Sanford Colorific Colored Pencils, 12/Box",11.52,4,3.456,6,2013,10,30.0,Profit
CA-2013-145583,2013-10-14,2013-10-20,Lena Creighton,Roseville,California,Fasteners,Ideal Clamps,4.02,2,1.9698,6,2013,10,49.00000000000001,Profit
CA-2013-145583,2013-10-14,2013-10-20,Lena Creighton,Roseville,California,Binders,GBC Wire Binding Strips,76.176,3,26.6616,6,2013,10,35.0,Profit
CA-2013-145583,2013-10-14,2013-10-20,Lena Creighton,Roseville,California,Supplies,Fiskars Softgrip Scissors,65.88,6,18.4464,6,2013,10,28.000000000000004,Profit
CA-2013-145583,2013-10-14,2013-10-20,Lena Creighton,Roseville,California,Furnishings,Longer-Life Soft White Bulbs,43.12,14,20.6976,6,2013,10,48.00000000000001,Profit
CA-2014-106180,2014-09-19,2014-09-24,Sally Hughsby,San Francisco,California,Art,Newell 343,8.82,3,2.3814,5,2014,9,27.0,Profit
CA-2014-106180,2014-09-19,2014-09-24,Sally Hughsby,San Francisco,California,Envelopes,Convenience Packs of Business Envelopes,10.86,3,5.1042,5,2014,9,47.0,Profit
CA-2014-106180,2014-09-19,2014-09-24,Sally Hughsby,San Francisco,California,Paper,Xerox 1911,143.7,3,68.976,5,2014,9,48.00000000000001,Profit
CA-2012-110744,2012-09-07,2012-09-12,Helen Andreada,Pasadena,California,Storage,Safco Industrial Wire Shelving,671.93,7,20.1579,5,2012,9,3.0000000000000004,Profit
CA-2013-158834,2013-03-14,2013-03-17,Tamara Willingham,Scottsdale,Arizona,Appliances,Belkin 7 Outlet SurgeMaster Surge Protector with Phone Protection,157.92,5,17.766,3,2013,3,11.25,Profit
CA-2013-158834,2013-03-14,2013-03-17,Tamara Willingham,Scottsdale,Arizona,Phones,Jabra BIZ 2300 Duo QD Duo Corded Headset,203.184,2,15.2388,3,2013,3,7.5,Profit
CA-2012-124919,2012-05-31,2012-06-02,Stephanie Phelps,San Jose,California,Paper,Southworth 25% Cotton Antique Laid Paper & Envelopes,58.38,7,26.271,2,2012,5,45.0,Profit
CA-2012-124919,2012-05-31,2012-06-02,Stephanie Phelps,San Jose,California,Paper,Xerox 1883,105.52,4,48.5392,2,2012,5,46.0,Profit
CA-2012-124919,2012-05-31,2012-06-02,Stephanie Phelps,San Jose,California,Storage,"Tenex Personal Project File with Scoop Front Design, Black",80.88,6,21.0288,2,2012,5,26.0,Profit
CA-2012-118948,2012-05-28,2012-06-03,Neil Knudson,Seattle,Washington,Art,Newell 311,6.63,3,1.7901,6,2012,5,27.0,Profit
CA-2011-104269,2011-03-01,2011-03-06,Dave Brooks,Seattle,Washington,Chairs,Global Deluxe High-Back Manager's Chair,457.568,2,51.4764,5,2011,3,11.25,Profit
CA-2013-162733,2013-05-12,2013-05-13,Ted Trevino,Los Angeles,California,Paper,Xerox 1920,5.98,1,2.691,1,2013,5,44.99999999999999,Profit
CA-2013-154508,2013-11-17,2013-11-21,Ruben Dartt,Carlsbad,New Mexico,Envelopes,Staples,28.4,5,13.348,4,2013,11,47.0,Profit
CA-2013-113817,2013-11-08,2013-11-12,Max Jones,Seattle,Washington,Binders,Wilson Jones International Size A4 Ring Binders,27.68,2,9.688,4,2013,11,35.0,Profit
CA-2011-118962,2011-08-05,2011-08-09,Chad Sievert,Los Angeles,California,Paper,"Adams Phone Message Book, Professional, 400 Message Capacity, 5 3/6” x 11”",20.94,3,9.8418,4,2011,8,46.99999999999999,Profit
CA-2011-118962,2011-08-05,2011-08-09,Chad Sievert,Los Angeles,California,Paper,Xerox 1913,110.96,2,53.2608,4,2011,8,48.00000000000001,Profit
CA-2011-118962,2011-08-05,2011-08-09,Chad Sievert,Los Angeles,California,Chairs,"Global Value Steno Chair, Gray",340.144,7,21.259,4,2011,8,6.25,Profit
CA-2011-123260,2011-08-26,2011-08-30,Frank Merwin,Los Angeles,California,Accessories,SanDisk Ultra 32 GB MicroSDHC Class 10 Memory Card,176.8,8,22.984,4,2011,8,13.0,Profit
CA-2012-131457,2012-10-31,2012-11-06,Mary Zewe,Redlands,California,Envelopes,Poly String Tie Envelopes,14.28,7,6.7116,6,2012,10,47.0,Profit
CA-2011-133690,2011-08-03,2011-08-05,Bruce Stewart,Denver,Colorado,Tables,BoxOffice By Design Rectangular and Half-Moon Meeting Room Tables,218.75,2,-161.875,2,2011,8,-74.0,Loss
CA-2011-133690,2011-08-03,2011-08-05,Bruce Stewart,Denver,Colorado,Appliances,"Bravo II Megaboss 12-Amp Hard Body Upright, Replacement Belts, 2 Belts per Pack",2.6,1,0.2925,2,2011,8,11.249999999999998,Profit
CA-2014-108329,2014-12-10,2014-12-15,Laurel Elliston,Whittier,California,Phones,Nortel Business Series Terminal T7208 Digital phone,444.768,4,44.4768,5,2014,12,10.0,Profit
CA-2013-130162,2013-10-29,2013-11-02,Jonathan Howell,Los Angeles,California,Storage,"Personal Filing Tote with Lid, Black/Gray",93.06,6,26.0568,4,2013,10,27.999999999999996,Profit
CA-2013-130162,2013-10-29,2013-11-02,Jonathan Howell,Los Angeles,California,Phones,Adtran 1202752G1,302.376,3,22.6782,4,2013,10,7.500000000000001,Profit
CA-2014-160514,2014-11-13,2014-11-17,David Bremer,Santa Clara,California,Paper,Xerox 4200 Series MultiUse Premium Copy Paper (20Lb. and 84 Bright),10.56,2,4.752,4,2014,11,44.99999999999999,Profit
CA-2013-154739,2013-12-11,2013-12-16,Logan Haushalter,San Francisco,California,Chairs,"Global Leather Highback Executive Chair with Pneumatic Height Adjustment, Black",321.568,2,28.1372,5,2013,12,8.75,Profit
CA-2013-145625,2013-09-12,2013-09-18,Kelly Collister,San Diego,California,Paper,"Wirebound Message Books, Two 4 1/4"" x 5"" Forms per Page",7.61,1,3.5767,6,2013,9,47.0,Profit
CA-2013-145625,2013-09-12,2013-09-18,Kelly Collister,San Diego,California,Accessories,Logitech P710e Mobile Speakerphone,3347.37,13,636.0003,6,2013,9,19.000000000000004,Profit
CA-2012-155040,2012-11-10,2012-11-15,Alan Hwang,Brentwood,California,Accessories,Microsoft Sculpt Comfort Mouse,79.9,2,35.156,5,2012,11,43.99999999999999,Profit
CA-2014-163979,2014-12-29,2015-01-03,Kristen Hastings,San Francisco,California,Storage,Adjustable Depth Letter/Legal Cart,725.84,4,210.4936,5,2014,12,28.999999999999996,Profit
CA-2012-155334,2012-07-30,2012-07-31,Helen Andreada,San Francisco,California,Accessories,Logitech 910-002974 M325 Wireless Mouse for Web Scrolling,209.93,7,92.3692,1,2012,7,44.0,Profit
CA-2012-155334,2012-07-30,2012-07-31,Helen Andreada,San Francisco,California,Furnishings,Regeneration Desk Collection,5.28,3,2.3232,1,2012,7,43.99999999999999,Profit
CA-2012-155334,2012-07-30,2012-07-31,Helen Andreada,San Francisco,California,Binders,Presstex Flexible Ring Binders,10.92,3,4.095,1,2012,7,37.5,Profit
CA-2014-118136,2014-09-17,2014-09-18,Barry Blumstein,Inglewood,California,Paper,"Ampad Gold Fibre Wirebound Steno Books, 6"" x 9"", Gregg Ruled",8.82,2,4.0572,1,2014,9,46.0,Profit
CA-2014-118136,2014-09-17,2014-09-18,Barry Blumstein,Inglewood,California,Art,Newell 330,5.98,1,1.5548,1,2014,9,25.999999999999996,Profit
CA-2012-130890,2012-11-02,2012-11-06,Jas O'Carroll,Los Angeles,California,Tables,"Bevis Round Bullnose 29"" High Table Top",1038.84,5,51.942,4,2012,11,5.0,Profit
CA-2012-130883,2012-09-26,2012-10-02,Tracy Blumstein,Portland,Oregon,Paper,Staples,141.76,5,47.844,6,2012,9,33.75,Profit
CA-2012-130883,2012-09-26,2012-10-02,Tracy Blumstein,Portland,Oregon,Accessories,Microsoft Arc Touch Mouse,239.8,5,47.96,6,2012,9,20.0,Profit
CA-2012-130883,2012-09-26,2012-10-02,Tracy Blumstein,Portland,Oregon,Paper,Xerox 216,31.104,6,10.8864,6,2012,9,35.0,Profit
CA-2011-111451,2011-12-26,2011-12-28,Kelly Lampkin,Colorado Springs,Colorado,Furnishings,"Howard Miller 13"" Diameter Goldtone Round Wall Clock",300.416,8,78.8592,2,2011,12,26.25,Profit
CA-2011-111451,2011-12-26,2011-12-28,Kelly Lampkin,Colorado Springs,Colorado,Chairs,Global Deluxe Office Fabric Chairs,230.352,3,20.1558,2,2011,12,8.75,Profit
CA-2011-111451,2011-12-26,2011-12-28,Kelly Lampkin,Colorado Springs,Colorado,Furnishings,Eldon ClusterMat Chair Mat with Cordless Antistatic Protection,218.352,3,-24.5646,2,2011,12,-11.249999999999998,Loss
CA-2011-111451,2011-12-26,2011-12-28,Kelly Lampkin,Colorado Springs,Colorado,Binders,Ibico Laser Imprintable Binding System Covers,78.6,5,-62.88,2,2011,12,-80.0,Loss
CA-2011-111451,2011-12-26,2011-12-28,Kelly Lampkin,Colorado Springs,Colorado,Fasteners,"Vinyl Coated Wire Paper Clips in Organizer Box, 800/Box",27.552,3,9.2988,2,2011,12,33.75,Profit
CA-2013-142902,2013-09-13,2013-09-15,Ben Peterman,Arvada,Colorado,Furnishings,C-Line Cubicle Keepers Polyproplyene Holder With Velcro Backings,15.136,4,3.5948,2,2013,9,23.75,Profit
CA-2013-142902,2013-09-13,2013-09-15,Ben Peterman,Arvada,Colorado,Chairs,Hon 4070 Series Pagoda Armless Upholstered Stacking Chairs,466.768,2,52.5114,2,2013,9,11.250000000000002,Profit
CA-2013-142902,2013-09-13,2013-09-15,Ben Peterman,Arvada,Colorado,Furnishings,"Eldon Expressions Desk Accessory, Wood Photo Frame, Mahogany",15.232,1,1.7136,2,2013,9,11.25,Profit
CA-2013-142902,2013-09-13,2013-09-15,Ben Peterman,Arvada,Colorado,Labels,Avery 509,6.264,3,2.0358,2,2013,9,32.5,Profit
CA-2011-156601,2011-09-19,2011-09-24,Frank Atkinson,Long Beach,California,Fasteners,OIC Binder Clips,7.16,2,3.58,5,2011,9,50.0,Profit
CA-2013-162138,2013-04-24,2013-04-28,Grace Kelly,Hesperia,California,Binders,Ibico Laser Imprintable Binding System Covers,251.52,6,81.744,4,2013,4,32.5,Profit
CA-2013-162138,2013-04-24,2013-04-28,Grace Kelly,Hesperia,California,Accessories,Logitech Wireless Headset h800,99.99,1,34.9965,4,2013,4,35.0,Profit
CA-2012-137946,2012-09-01,2012-09-04,Doug Bickford,Los Angeles,California,Binders,Storex Dura Pro Binders,4.752,1,1.6038,3,2012,9,33.75,Profit
CA-2012-137946,2012-09-01,2012-09-04,Doug Bickford,Los Angeles,California,Copiers,Hewlett Packard LaserJet 3310 Copier,959.984,2,335.9944,3,2012,9,35.0,Profit
CA-2012-137946,2012-09-01,2012-09-04,Doug Bickford,Los Angeles,California,Binders,Avery Non-Stick Binders,14.368,4,4.49,3,2012,9,31.25,Profit
CA-2011-129924,2011-07-12,2011-07-17,Alyssa Crouse,San Francisco,California,Binders,Tuff Stuff Recycled Round Ring Binders,7.712,2,2.7956,5,2011,7,36.25,Profit
CA-2011-129924,2011-07-12,2011-07-17,Alyssa Crouse,San Francisco,California,Tables,Hon 5100 Series Wood Tables,698.352,3,-17.4588,5,2011,7,-2.5,Loss
CA-2012-128167,2012-06-22,2012-06-26,Ken Lonsdale,Layton,Utah,Fasteners,"OIC Binder Clips, Mini, 1/4"" Capacity, Black",4.96,4,2.3312,4,2012,6,47.0,Profit
CA-2014-169901,2014-06-16,2014-06-20,Clay Cheatham,San Francisco,California,Phones,Anker 36W 4-Port USB Wall Charger Travel Power Adapter for iPhone 5s 5c 5,47.976,3,4.7976,4,2014,6,10.0,Profit
CA-2011-123344,2011-09-24,2011-09-29,Julia Dunbar,San Francisco,California,Storage,"Gould Plastics 9-Pocket Panel Bin, 18-3/8w x 5-1/4d x 20-1/2h, Black",211.96,4,8.4784,5,2011,9,4.0,Profit
US-2011-119137,2011-07-23,2011-07-27,Arthur Gainer,Tucson,Arizona,Binders,Wilson Jones Custom Binder Spines & Labels,8.16,5,-5.712,4,2011,7,-70.0,Loss
US-2011-119137,2011-07-23,2011-07-27,Arthur Gainer,Tucson,Arizona,Accessories,NETGEAR AC1750 Dual Band Gigabit Smart WiFi Router,1023.936,8,179.1888,4,2011,7,17.5,Profit
US-2011-119137,2011-07-23,2011-07-27,Arthur Gainer,Tucson,Arizona,Art,Newell 324,9.24,1,0.924,4,2011,7,10.0,Profit
US-2011-119137,2011-07-23,2011-07-27,Arthur Gainer,Tucson,Arizona,Accessories,Microsoft Natural Keyboard Elite,479.04,10,-29.94,4,2011,7,-6.25,Loss
CA-2013-134775,2013-10-29,2013-10-30,Alejandro Savely,San Francisco,California,Paper,Southworth Structures Collection,50.96,7,25.48,1,2013,10,50.0,Profit
CA-2013-134775,2013-10-29,2013-10-30,Alejandro Savely,San Francisco,California,Binders,"Square Ring Data Binders, Rigid 75 Pt. Covers, 11"" x 14-7/8""",49.536,3,17.3376,1,2013,10,35.0,Profit
US-2011-135972,2011-09-21,2011-09-23,Jack Garza,Des Moines,Washington,Phones,Nortel Meridian M3904 Professional Digital phone,246.384,2,27.7182,2,2011,9,11.25,Profit
US-2011-135972,2011-09-21,2011-09-23,Jack Garza,Des Moines,Washington,Copiers,Canon PC1080F Personal Copier,1799.97,3,701.9883,2,2011,9,38.99999999999999,Profit
CA-2014-102946,2014-07-01,2014-07-06,Victor Preis,Las Vegas,Nevada,Binders,Tuf-Vin Binders,75.792,3,25.5798,5,2014,7,33.75,Profit
CA-2014-117457,2014-12-09,2014-12-13,Keith Herrera,San Francisco,California,Accessories,Sony 64GB Class 10 Micro SDHC R40 Memory Card,179.95,5,37.7895,4,2014,12,21.0,Profit
CA-2014-117457,2014-12-09,2014-12-13,Keith Herrera,San Francisco,California,Copiers,Sharp AL-1530CS Digital Copier,1199.976,3,434.9913,4,2014,12,36.25,Profit
CA-2014-117457,2014-12-09,2014-12-13,Keith Herrera,San Francisco,California,Paper,"Wirebound Message Book, 4 per Page",27.15,5,13.3035,4,2014,12,49.0,Profit
CA-2014-117457,2014-12-09,2014-12-13,Keith Herrera,San Francisco,California,Tables,"Bevis Round Conference Table Top, X-Base",1004.024,7,-112.9527,4,2014,12,-11.249999999999998,Loss
CA-2014-117457,2014-12-09,2014-12-13,Keith Herrera,San Francisco,California,Paper,"Wirebound Service Call Books, 5 1/2"" x 4""",9.68,1,4.6464,4,2014,12,48.0,Profit
CA-2014-117457,2014-12-09,2014-12-13,Keith Herrera,San Francisco,California,Labels,Self-Adhesive Removable Labels,28.35,9,13.608,4,2014,12,48.0,Profit
CA-2014-117457,2014-12-09,2014-12-13,Keith Herrera,San Francisco,California,Paper,Xerox 1908,55.98,1,27.4302,4,2014,12,49.0,Profit
CA-2014-117457,2014-12-09,2014-12-13,Keith Herrera,San Francisco,California,Bookcases,O'Sullivan 4-Shelf Bookcase in Odessa Pine,1336.829,13,31.4548,4,2014,12,2.3529411764705883,Profit
CA-2014-117457,2014-12-09,2014-12-13,Keith Herrera,San Francisco,California,Chairs,Novimex High-Tech Fabric Mesh Task Chair,113.568,2,-18.4548,4,2014,12,-16.25,Loss
CA-2014-142636,2014-11-04,2014-11-08,Kimberly Carter,Seattle,Washington,Paper,Xerox 191,139.86,7,65.7342,4,2014,11,47.0,Profit
CA-2014-142636,2014-11-04,2014-11-08,Kimberly Carter,Seattle,Washington,Chairs,Global Deluxe Office Fabric Chairs,307.136,4,26.8744,4,2014,11,8.75,Profit
CA-2014-122105,2014-06-25,2014-06-29,Caroline Jumper,Huntington Beach,California,Art,Bulldog Vacuum Base Pencil Sharpener,95.92,8,25.8984,4,2014,6,26.999999999999996,Profit
CA-2013-148796,2013-04-15,2013-04-19,Philip Brown,Los Angeles,California,Chairs,Bevis Steel Folding Chairs,383.8,5,38.38,4,2013,4,10.0,Profit
CA-2014-110478,2014-03-05,2014-03-10,Sung Pak,Los Angeles,California,Art,American Pencil,9.32,4,2.7028,5,2014,3,28.999999999999996,Profit
CA-2014-110478,2014-03-05,2014-03-10,Sung Pak,Los Angeles,California,Envelopes,"White Envelopes, White Envelopes with Clear Poly Window",15.25,1,7.015,5,2014,3,46.0,Profit
CA-2011-142048,2011-06-22,2011-06-25,Joel Eaton,Louisville,Colorado,Accessories,KeyTronic 6101 Series - Keyboard - Black,196.752,6,56.5662,3,2011,6,28.749999999999996,Profit
US-2011-110674,2011-02-13,2011-02-19,Sanjit Chand,Concord,California,Chairs,"Global Geo Office Task Chair, Gray",129.568,2,-24.294,6,2011,2,-18.75,Loss
CA-2012-109638,2012-12-15,2012-12-22,Joseph Holt,Seattle,Washington,Appliances,3M Office Air Cleaner,103.92,4,36.372,7,2012,12,35.0,Profit
CA-2012-109638,2012-12-15,2012-12-22,Joseph Holt,Seattle,Washington,Accessories,Logitech G700s Rechargeable Gaming Mouse,899.91,9,377.9622,7,2012,12,42.0,Profit
CA-2012-109638,2012-12-15,2012-12-22,Joseph Holt,Seattle,Washington,Binders,Acco D-Ring Binder w/DublLock,51.312,3,18.6006,7,2012,12,36.25000000000001,Profit
CA-2013-109869,2013-04-23,2013-04-30,Tanja Norvell,Phoenix,Arizona,Furnishings,Eldon Wave Desk Accessories,23.56,5,7.068,7,2013,4,30.0,Profit
CA-2013-109869,2013-04-23,2013-04-30,Tanja Norvell,Phoenix,Arizona,Tables,Bush Advantage Collection Racetrack Conference Table,1272.63,6,-814.4832,7,2013,4,-63.99999999999999,Loss
CA-2013-109869,2013-04-23,2013-04-30,Tanja Norvell,Phoenix,Arizona,Binders,Poly Designer Cover & Back,28.485,5,-20.889,7,2013,4,-73.33333333333333,Loss
CA-2013-109869,2013-04-23,2013-04-30,Tanja Norvell,Phoenix,Arizona,Supplies,Premier Electric Letter Opener,185.376,2,-34.758,7,2013,4,-18.75,Loss
CA-2013-109869,2013-04-23,2013-04-30,Tanja Norvell,Phoenix,Arizona,Appliances,"Fellowes Premier Superior Surge Suppressor, 10-Outlet, With Phone and Remote",78.272,2,5.8704,7,2013,4,7.5,Profit
CA-2011-144666,2011-11-09,2011-11-11,Jeremy Pistek,San Francisco,California,Storage,SAFCO Boltless Steel Shelving,340.92,3,3.4092,2,2011,11,0.9999999999999999,Profit
CA-2011-144666,2011-11-09,2011-11-11,Jeremy Pistek,San Francisco,California,Bookcases,"Sauder Mission Library with Doors, Fruitwood Finish",222.666,2,10.4784,2,2011,11,4.7058823529411775,Profit
CA-2011-144666,2011-11-09,2011-11-11,Jeremy Pistek,San Francisco,California,Phones,Samsung Galaxy Note 3,703.968,4,87.996,2,2011,11,12.5,Profit
CA-2011-144666,2011-11-09,2011-11-11,Jeremy Pistek,San Francisco,California,Storage,"Decoflex Hanging Personal Folder File, Blue",92.52,6,24.9804,2,2011,11,27.0,Profit
CA-2011-144666,2011-11-09,2011-11-11,Jeremy Pistek,San Francisco,California,Paper,"Recycled Desk Saver Line ""While You Were Out"" Book, 5 1/2"" X 4""",62.65,7,28.819,2,2011,11,46.0,Profit
CA-2011-144666,2011-11-09,2011-11-11,Jeremy Pistek,San Francisco,California,Paper,Xerox 1912,94.85,5,45.528,2,2011,11,48.00000000000001,Profit
CA-2013-103891,2013-07-13,2013-07-20,Kristen Hastings,Los Angeles,California,Phones,Cisco SPA525G2 IP Phone - Wireless,95.76,6,7.182,7,2013,7,7.5,Profit
CA-2011-134677,2011-10-06,2011-10-10,Xylona Preis,San Diego,California,Accessories,Imation USB 2.0 Swivel Flash Drive USB flash drive - 4 GB - Pink,9.09,3,1.9089,4,2011,10,21.000000000000004,Profit
CA-2014-140963,2014-06-11,2014-06-14,Michelle Tran,Los Angeles,California,Labels,Alphabetical Labels for Top Tab Filing,29.6,2,14.8,3,2014,6,50.0,Profit
CA-2014-140963,2014-06-11,2014-06-14,Michelle Tran,Los Angeles,California,Bookcases,O'Sullivan Living Dimensions 2-Shelf Bookcases,514.165,5,-30.245,3,2014,6,-5.882352941176471,Loss
CA-2014-140963,2014-06-11,2014-06-14,Michelle Tran,Los Angeles,California,Phones,iHome FM Clock Radio with Lightning Dock,279.96,5,17.4975,3,2014,6,6.25,Profit
CA-2013-169166,2013-05-10,2013-05-15,Sonia Sunley,Seattle,Washington,Accessories,Sony Micro Vault Click 8 GB USB 2.0 Flash Drive,93.98,2,13.1572,5,2013,5,13.999999999999998,Profit
CA-2013-126158,2013-07-26,2013-08-01,Sanjit Chand,Costa Mesa,California,Binders,Clear Mylar Reinforcing Strips,119.616,8,40.3704,6,2013,7,33.75,Profit
CA-2013-126158,2013-07-26,2013-08-01,Sanjit Chand,Costa Mesa,California,Furnishings,"Howard Miller 14-1/2"" Diameter Chrome Round Wall Clock",255.76,4,81.8432,6,2013,7,32.0,Profit
CA-2013-126158,2013-07-26,2013-08-01,Sanjit Chand,Costa Mesa,California,Chairs,DMI Arturo Collection Mission-style Design Wood Chair,241.568,2,18.1176,6,2013,7,7.5,Profit
CA-2013-126158,2013-07-26,2013-08-01,Sanjit Chand,Costa Mesa,California,Furnishings,Deflect-O Glasstique Clear Desk Accessories,69.3,9,22.869,6,2013,7,33.0,Profit
US-2013-105578,2013-05-31,2013-06-05,Maribeth Yedwab,Parker,Colorado,Binders,Vinyl Sectional Post Binders,22.62,2,-15.08,5,2013,5,-66.66666666666666,Loss
US-2013-105578,2013-05-31,2013-06-05,Maribeth Yedwab,Parker,Colorado,Binders,GBC Standard Therm-A-Bind Covers,14.952,2,-11.9616,5,2013,5,-80.0,Loss
US-2013-105578,2013-05-31,2013-06-05,Maribeth Yedwab,Parker,Colorado,Chairs,Global Troy Executive Leather Low-Back Tilter,801.568,2,50.098,5,2013,5,6.25,Profit
US-2013-105578,2013-05-31,2013-06-05,Maribeth Yedwab,Parker,Colorado,Binders,Storex Flexible Poly Binders with Double Pockets,2.376,3,-1.9008,5,2013,5,-80.0,Loss
US-2013-105578,2013-05-31,2013-06-05,Maribeth Yedwab,Parker,Colorado,Paper,"White Dual Perf Computer Printout Paper, 2700 Sheets, 1 Part, Heavyweight, 20 lbs., 14 7/8 x 11",32.792,1,11.8871,5,2013,5,36.25,Profit
CA-2014-163405,2014-12-22,2014-12-26,Bradley Nguyen,Los Angeles,California,Art,Newell 327,6.63,3,1.7901,4,2014,12,27.0,Profit
CA-2014-163405,2014-12-22,2014-12-26,Bradley Nguyen,Los Angeles,California,Art,Newell 317,5.88,2,1.7052,4,2014,12,29.000000000000004,Profit
CA-2014-127432,2014-01-23,2014-01-28,Alan Dominguez,Great Falls,Montana,Copiers,Canon Image Class D660 Copier,2999.95,5,1379.977,5,2014,1,46.00000000000001,Profit
CA-2014-127432,2014-01-23,2014-01-28,Alan Dominguez,Great Falls,Montana,Storage,Advantus Rolling Storage Box,51.45,3,13.8915,5,2014,1,27.0,Profit
CA-2014-127432,2014-01-23,2014-01-28,Alan Dominguez,Great Falls,Montana,Paper,Great White Multi-Use Recycled Paper (20Lb. and 84 Bright),11.96,2,5.382,5,2014,1,44.99999999999999,Profit
CA-2014-127432,2014-01-23,2014-01-28,Alan Dominguez,Great Falls,Montana,Storage,Tennsco Single-Tier Lockers,1126.02,3,56.301,5,2014,1,5.0,Profit
US-2013-139486,2013-05-22,2013-05-24,Logan Haushalter,Los Angeles,California,Phones,Motorola HK250 Universal Bluetooth Headset,55.176,3,-12.4146,2,2013,5,-22.5,Loss
US-2013-139486,2013-05-22,2013-05-24,Logan Haushalter,Los Angeles,California,Accessories,Imation 16GB Mini TravelDrive USB 2.0 Flash Drive,66.26,2,27.1666,2,2013,5,41.0,Profit
CA-2012-102848,2012-11-07,2012-11-09,Karen Bern,Los Angeles,California,Chairs,Safco Contoured Stacking Chairs,190.72,1,11.92,2,2012,11,6.25,Profit
US-2014-129441,2014-09-08,2014-09-12,Jasper Cacioppo,Los Angeles,California,Furnishings,Tenex Chairmats For Use With Carpeted Floors,47.94,3,2.397,4,2014,9,5.0,Profit
CA-2013-126613,2013-07-11,2013-07-17,Allen Armold,Mesa,Arizona,Storage,Sterilite Officeware Hinged File Box,16.768,2,1.4672,6,2013,7,8.75,Profit
CA-2013-136924,2013-07-15,2013-07-18,Erin Smith,Tucson,Arizona,Phones,LG Electronics Tone+ HBS-730 Bluetooth Headset,380.864,8,38.0864,3,2013,7,10.0,Profit
CA-2013-136406,2013-04-16,2013-04-18,Bill Donatelli,San Francisco,California,Chairs,HON 5400 Series Task Chairs for Big and Tall,1121.568,2,0.0,2,2013,4,0.0,No Profit No Loss
CA-2014-100650,2014-06-30,2014-07-04,Dean Katz,Anaheim,California,Storage,Tennsco 16-Compartment Lockers with Coat Rack,1295.78,2,310.9872,4,2014,6,24.0,Profit
CA-2013-113243,2013-06-11,2013-06-16,Olvera Toch,Los Angeles,California,Labels,Avery 473,20.7,2,9.936,5,2013,6,48.00000000000001,Profit
CA-2013-113243,2013-06-11,2013-06-16,Olvera Toch,Los Angeles,California,Tables,Bretford “Just In Time” Height-Adjustable Multi-Task Work Tables,1335.68,4,-217.048,5,2013,6,-16.25,Loss
CA-2013-113243,2013-06-11,2013-06-16,Olvera Toch,Los Angeles,California,Paper,Xerox 226,32.4,5,15.552,5,2013,6,48.0,Profit
CA-2014-118731,2014-11-21,2014-11-23,Liz Pelletier,San Francisco,California,Furnishings,Coloredge Poster Frame,42.6,3,16.614,2,2014,11,39.0,Profit
CA-2014-118731,2014-11-21,2014-11-23,Liz Pelletier,San Francisco,California,Binders,"GBC Prepunched Paper, 19-Hole, for Binding Systems, 24-lb",84.056,7,27.3182,2,2014,11,32.5,Profit
CA-2012-130736,2012-12-07,2012-12-09,Jeremy Farry,Seattle,Washington,Fasteners,"Alliance Big Bands Rubber Bands, 12/Pack",3.96,2,0.0,2,2012,12,0.0,No Profit No Loss
CA-2012-130736,2012-12-07,2012-12-09,Jeremy Farry,Seattle,Washington,Labels,Avery 509,2.61,1,1.2006,2,2012,12,46.0,Profit
CA-2014-137099,2014-12-08,2014-12-11,Frank Preis,Los Angeles,California,Phones,Cisco SPA301,374.376,3,46.797,3,2014,12,12.5,Profit
CA-2014-156951,2014-10-02,2014-10-09,Ellis Ballard,Seattle,Washington,Paper,Personal Creations Ink Jet Cards and Labels,91.84,8,45.0016,7,2014,10,49.0,Profit
CA-2014-156951,2014-10-02,2014-10-09,Ellis Ballard,Seattle,Washington,Binders,"GBC White Gloss Covers, Plain Front",81.088,7,27.3672,7,2014,10,33.75,Profit
CA-2014-156951,2014-10-02,2014-10-09,Ellis Ballard,Seattle,Washington,Paper,Xerox 222,19.44,3,9.3312,7,2014,10,48.00000000000001,Profit
CA-2014-156951,2014-10-02,2014-10-09,Ellis Ballard,Seattle,Washington,Chairs,Hon Every-Day Series Multi-Task Chairs,451.152,3,0.0,7,2014,10,0.0,No Profit No Loss
CA-2013-127250,2013-11-04,2013-11-08,Sarah Foster,Marysville,Washington,Art,Newell 332,8.82,3,2.3814,4,2013,11,27.0,Profit
CA-2012-149713,2012-09-18,2012-09-22,Trudy Glocke,Long Beach,California,Paper,Personal Creations Ink Jet Cards and Labels,160.72,14,78.7528,4,2012,9,48.99999999999999,Profit
CA-2012-149713,2012-09-18,2012-09-22,Trudy Glocke,Long Beach,California,Paper,Rediform S.O.S. Phone Message Books,19.92,4,9.7608,4,2012,9,48.99999999999999,Profit
CA-2012-149713,2012-09-18,2012-09-22,Trudy Glocke,Long Beach,California,Supplies,Acme Value Line Scissors,7.3,2,2.19,4,2012,9,30.0,Profit
CA-2012-132906,2012-09-10,2012-09-14,Charles Crestani,Los Angeles,California,Supplies,Martin-Yale Premier Letter Opener,51.52,4,1.5456,4,2012,9,3.0,Profit
CA-2014-145233,2014-12-02,2014-12-06,Dianna Vittorini,Denver,Colorado,Phones,GE 30524EE4,470.376,3,52.9173,4,2014,12,11.25,Profit
CA-2014-145233,2014-12-02,2014-12-06,Dianna Vittorini,Denver,Colorado,Phones,AT&T SB67148 SynJ,105.584,2,9.2386,4,2014,12,8.75,Profit
CA-2014-145233,2014-12-02,2014-12-06,Dianna Vittorini,Denver,Colorado,Appliances,Fellowes Basic Home/Office Series Surge Protectors,31.152,3,3.5046,4,2014,12,11.249999999999998,Profit
CA-2014-145233,2014-12-02,2014-12-06,Dianna Vittorini,Denver,Colorado,Binders,Recycled Pressboard Report Cover with Reinforced Top Hinge,6.783,7,-4.7481,4,2014,12,-70.0,Loss
CA-2014-145233,2014-12-02,2014-12-06,Dianna Vittorini,Denver,Colorado,Phones,Jabra BIZ 2300 Duo QD Duo Corded Headset,406.368,4,30.4776,4,2014,12,7.5,Profit
US-2013-156986,2013-03-21,2013-03-25,Zuschuss Carroll,Salem,Oregon,Phones,i.Sound Portable Power - 8000 mAh,84.784,2,-20.1362,4,2013,3,-23.749999999999996,Loss
US-2013-156986,2013-03-21,2013-03-25,Zuschuss Carroll,Salem,Oregon,Paper,Xerox 225,20.736,4,7.2576,4,2013,3,35.0,Profit
US-2013-156986,2013-03-21,2013-03-25,Zuschuss Carroll,Salem,Oregon,Binders,Clear Mylar Reinforcing Strips,16.821,3,-12.8961,4,2013,3,-76.66666666666666,Loss
US-2013-156986,2013-03-21,2013-03-25,Zuschuss Carroll,Salem,Oregon,Paper,Xerox 1894,10.368,2,3.6288,4,2013,3,35.0,Profit
CA-2011-131450,2011-08-08,2011-08-15,Lena Radford,San Diego,California,Appliances,Fellowes Superior 10 Outlet Split Surge Protector,76.12,2,22.0748,7,2011,8,28.999999999999996,Profit
CA-2011-131450,2011-08-08,2011-08-15,Lena Radford,San Diego,California,Copiers,Sharp AL-1530CS Digital Copier,1199.976,3,434.9913,7,2011,8,36.25,Profit
CA-2011-131450,2011-08-08,2011-08-15,Lena Radford,San Diego,California,Phones,AT&T 1070 Corded Phone,445.96,5,55.745,7,2011,8,12.5,Profit
CA-2011-131450,2011-08-08,2011-08-15,Lena Radford,San Diego,California,Furnishings,Dana Halogen Swing-Arm Architect Lamp,327.76,8,91.7728,7,2011,8,28.000000000000004,Profit
CA-2014-153787,2014-05-20,2014-05-24,Annie Thurman,Seattle,Washington,Appliances,Belkin Premiere Surge Master II 8-outlet surge protector,97.16,2,28.1764,4,2014,5,29.000000000000004,Profit
CA-2014-133431,2014-12-18,2014-12-22,Logan Currie,San Francisco,California,Binders,"Acco Pressboard Covers with Storage Hooks, 9 1/2"" x 11"", Executive Red",15.24,5,5.1435,4,2014,12,33.75,Profit
CA-2014-133431,2014-12-18,2014-12-22,Logan Currie,San Francisco,California,Paper,"Ampad Gold Fibre Wirebound Steno Books, 6"" x 9"", Gregg Ruled",13.23,3,6.0858,4,2014,12,46.0,Profit
US-2013-135720,2013-12-12,2013-12-14,Fred McMath,Aurora,Colorado,Storage,Tennsco Regal Shelving Units,243.384,3,-51.7191,2,2013,12,-21.25,Loss
US-2013-135720,2013-12-12,2013-12-14,Fred McMath,Aurora,Colorado,Accessories,Imation 32GB Pocket Pro USB 3.0 Flash Drive - 32 GB - Black - 1 P ...,119.8,5,29.95,2,2013,12,25.0,Profit
US-2013-135720,2013-12-12,2013-12-14,Fred McMath,Aurora,Colorado,Phones,Jabra SPEAK 410,300.768,4,30.0768,2,2013,12,10.0,Profit
US-2013-123470,2013-08-16,2013-08-22,Max Engle,Aurora,Colorado,Binders,Premium Transparent Presentation Covers by GBC,18.882,3,-13.8468,6,2013,8,-73.33333333333333,Loss
US-2013-123470,2013-08-16,2013-08-22,Max Engle,Aurora,Colorado,Appliances,Tripp Lite TLP810NET Broadband Surge for Modem/Fax,122.328,3,12.2328,6,2013,8,10.0,Profit
CA-2013-115917,2013-05-21,2013-05-26,Rick Bensley,Vallejo,California,Furnishings,Luxo Professional Fluorescent Magnifier Lamp with Clamp-Mount Base,1049.2,5,272.792,5,2013,5,25.999999999999996,Profit
CA-2013-115917,2013-05-21,2013-05-26,Rick Bensley,Vallejo,California,Binders,Wilson Jones Turn Tabs Binder Tool for Ring Binders,15.424,4,5.0128,5,2013,5,32.5,Profit
CA-2014-167913,2014-07-31,2014-08-04,John Lee,Mission Viejo,California,Storage,Economy Rollaway Files,330.4,2,85.904,4,2014,7,26.0,Profit
CA-2014-167913,2014-07-31,2014-08-04,John Lee,Mission Viejo,California,Labels,Avery 480,26.25,7,12.6,4,2014,7,48.0,Profit
CA-2013-103947,2013-04-02,2013-04-09,Barry Blumstein,Sierra Vista,Arizona,Fasteners,Staples,31.56,5,9.8625,7,2013,4,31.250000000000007,Profit
CA-2013-103947,2013-04-02,2013-04-09,Barry Blumstein,Sierra Vista,Arizona,Appliances,Belkin F9H710-06 7 Outlet SurgeMaster Surge Protector,30.144,2,3.0144,7,2013,4,10.0,Profit
CA-2013-160745,2013-12-12,2013-12-17,Anthony Rawles,Vancouver,Washington,Furnishings,3M Hangers With Command Adhesive,14.8,4,6.068,5,2013,12,41.0,Profit
CA-2013-160745,2013-12-12,2013-12-17,Anthony Rawles,Vancouver,Washington,Phones,AT&T TR1909W,302.376,3,22.6782,5,2013,12,7.500000000000001,Profit
CA-2013-160745,2013-12-12,2013-12-17,Anthony Rawles,Vancouver,Washington,Accessories,First Data FD10 PIN Pad,316.0,4,31.6,5,2013,12,10.0,Profit
CA-2012-131534,2012-03-28,2012-04-02,Alan Barnes,Los Angeles,California,Accessories,Imation Bio 8GB USB Flash Drive Imation Corp,166.24,1,24.936,5,2012,3,15.0,Profit
CA-2012-131534,2012-03-28,2012-04-02,Alan Barnes,Los Angeles,California,Paper,Xerox 1977,33.4,5,16.032,5,2012,3,48.00000000000001,Profit
CA-2013-163755,2013-11-05,2013-11-09,Alejandro Savely,Seattle,Washington,Furnishings,"Tenex ""The Solids"" Textured Chair Mats",209.88,3,35.6796,4,2013,11,17.0,Profit
CA-2012-142027,2012-04-09,2012-04-14,Jay Kimmel,Long Beach,California,Tables,Laminate Occasional Tables,369.912,3,-13.8717,5,2012,4,-3.7500000000000004,Loss
CA-2011-153150,2011-07-01,2011-07-06,Dorris liebe,Seattle,Washington,Binders,Cardinal Holdit Business Card Pockets,19.92,5,6.972,5,2011,7,35.0,Profit
CA-2011-104472,2011-06-02,2011-06-07,Christine Kargatis,Orem,Utah,Binders,GBC Standard Therm-A-Bind Covers,59.808,3,19.4376,5,2011,6,32.5,Profit
CA-2011-104472,2011-06-02,2011-06-07,Christine Kargatis,Orem,Utah,Furnishings,Aluminum Document Frame,73.32,6,21.996,5,2011,6,30.0,Profit
CA-2013-112942,2013-02-13,2013-02-18,Ross DeVincentis,Los Angeles,California,Paper,Tops Green Bar Computer Printout Paper,146.82,3,73.41,5,2013,2,50.0,Profit
CA-2014-131954,2014-01-22,2014-01-26,Darrin Sayre,Seattle,Washington,Storage,Carina Double Wide Media Storage Towers in Natural & Black,242.94,3,9.7176,4,2014,1,3.9999999999999996,Profit
CA-2014-131954,2014-01-22,2014-01-26,Darrin Sayre,Seattle,Washington,Accessories,Logitech Illuminated - Keyboard,179.97,3,86.3856,4,2014,1,48.0,Profit
CA-2014-131954,2014-01-22,2014-01-26,Darrin Sayre,Seattle,Washington,Binders,Wilson Jones Century Plastic Molded Ring Binders,99.696,6,33.6474,4,2014,1,33.75,Profit
CA-2014-131954,2014-01-22,2014-01-26,Darrin Sayre,Seattle,Washington,Binders,Wilson Jones Leather-Like Binders with DublLock Round Rings,27.936,4,9.4284,4,2014,1,33.75,Profit
CA-2014-131954,2014-01-22,2014-01-26,Darrin Sayre,Seattle,Washington,Bookcases,O'Sullivan Cherrywood Estates Traditional Bookcase,84.98,1,18.6956,4,2014,1,21.999999999999996,Profit
CA-2014-131954,2014-01-22,2014-01-26,Darrin Sayre,Seattle,Washington,Binders,Acco Translucent Poly Ring Binders,18.72,5,6.552,4,2014,1,35.0,Profit
CA-2011-132500,2011-09-08,2011-09-12,Gary Zandusky,San Francisco,California,Accessories,Logitech Wireless Touch Keyboard K400,49.98,2,8.4966,4,2011,9,17.000000000000004,Profit
CA-2011-124429,2011-05-27,2011-05-27,Maya Herman,San Diego,California,Tables,KI Conference Tables,567.12,10,-28.356,0,2011,5,-5.0,Loss
CA-2011-124429,2011-05-27,2011-05-27,Maya Herman,San Diego,California,Storage,Fellowes Officeware Wire Shelving,359.32,4,7.1864,0,2011,5,2.0,Profit
CA-2013-110499,2013-04-08,2013-04-10,Yoseph Carroll,San Francisco,California,Copiers,Hewlett Packard 610 Color Digital Copier / Printer,1199.976,3,374.9925,2,2013,4,31.25,Profit
CA-2012-135272,2012-12-07,2012-12-12,Melanie Seite,Los Angeles,California,Furnishings,12-1/2 Diameter Round Wall Clock,79.92,4,28.7712,5,2012,12,36.0,Profit
CA-2012-112319,2012-08-31,2012-09-05,Andrew Roberts,Los Angeles,California,Paper,Xerox 226,58.32,9,27.9936,5,2012,8,48.0,Profit
CA-2012-144267,2012-08-21,2012-08-23,Nick Zandusky,San Francisco,California,Chairs,Hon GuestStacker Chair,544.008,3,40.8006,2,2012,8,7.5,Profit
CA-2012-144267,2012-08-21,2012-08-23,Nick Zandusky,San Francisco,California,Paper,Xerox 191,59.94,3,28.1718,2,2012,8,47.0,Profit
CA-2012-144267,2012-08-21,2012-08-23,Nick Zandusky,San Francisco,California,Paper,Xerox 1974,23.92,4,11.7208,2,2012,8,49.0,Profit
CA-2012-144267,2012-08-21,2012-08-23,Nick Zandusky,San Francisco,California,Paper,Xerox 1927,4.28,1,1.926,2,2012,8,44.99999999999999,Profit
CA-2014-129567,2014-03-18,2014-03-22,Clay Ludtke,Lancaster,California,Binders,Heavy-Duty E-Z-D Binders,17.456,2,5.8914,4,2014,3,33.75,Profit
CA-2012-154620,2012-12-12,2012-12-16,Liz Thompson,Lancaster,California,Chairs,"Lifetime Advantage Folding Chairs, 4/Carton",348.928,2,34.8928,4,2012,12,10.0,Profit
CA-2011-156433,2011-09-20,2011-09-26,Erica Smith,San Francisco,California,Labels,Avery 499,9.96,2,4.5816,6,2011,9,46.0,Profit
CA-2011-156433,2011-09-20,2011-09-26,Erica Smith,San Francisco,California,Paper,"Wirebound Message Book, 4 per Page",21.72,4,10.6428,6,2011,9,49.0,Profit
CA-2012-101910,2012-11-27,2012-12-03,Carlos Daly,Lake Elsinore,California,Chairs,"Situations Contoured Folding Chairs, 4/Set",283.92,5,17.745,6,2012,11,6.25,Profit
CA-2014-105809,2014-02-21,2014-02-24,Helen Wasserman,San Diego,California,Furnishings,"Executive Impressions 14"" Contract Wall Clock",22.23,1,7.3359,3,2014,2,32.99999999999999,Profit
CA-2014-105809,2014-02-21,2014-02-24,Helen Wasserman,San Diego,California,Phones,Logitech Mobile Speakerphone P710e - speaker phone,215.968,2,18.8972,3,2014,2,8.75,Profit
CA-2014-135783,2014-04-23,2014-04-25,Gary McGarr,San Francisco,California,Furnishings,"Eldon Stackable Tray, Side-Load, Legal, Smoke",18.28,2,6.2152,2,2014,4,34.0,Profit
CA-2011-134313,2011-11-01,2011-11-07,Russell Applegate,Denver,Colorado,Art,Model L Table or Wall-Mount Pencil Sharpener,43.176,3,4.3176,6,2011,11,10.0,Profit
CA-2011-134313,2011-11-01,2011-11-07,Russell Applegate,Denver,Colorado,Phones,ClearOne CHATAttach 160 - speaker phone,1983.968,4,247.996,6,2011,11,12.5,Profit
CA-2011-151995,2011-10-13,2011-10-15,Zuschuss Carroll,Edmonds,Washington,Art,Newell 32,11.52,4,3.2256,2,2011,10,28.000000000000004,Profit
CA-2011-151995,2011-10-13,2011-10-15,Zuschuss Carroll,Edmonds,Washington,Tables,"Bevis Round Bullnose 29"" High Table Top",1298.55,5,311.652,2,2011,10,24.0,Profit
CA-2011-151995,2011-10-13,2011-10-15,Zuschuss Carroll,Edmonds,Washington,Appliances,Belkin F9G930V10-GRY 9 Outlet Surge,213.92,4,62.0368,2,2011,10,29.000000000000004,Profit
CA-2011-151995,2011-10-13,2011-10-15,Zuschuss Carroll,Edmonds,Washington,Accessories,Sony 16GB Class 10 Micro SDHC R40 Memory Card,25.78,2,2.578,2,2011,10,10.0,Profit
CA-2014-143686,2014-05-15,2014-05-15,Pauline Johnson,Santa Ana,California,Furnishings,"Eldon Stackable Tray, Side-Load, Legal, Smoke",18.28,2,6.2152,0,2014,5,34.0,Profit
CA-2014-143686,2014-05-15,2014-05-15,Pauline Johnson,Santa Ana,California,Accessories,Razer Tiamat Over Ear 7.1 Surround Sound PC Gaming Headset,1399.93,7,601.9699,0,2014,5,43.0,Profit
US-2011-102071,2011-05-09,2011-05-15,Patrick Gardner,San Francisco,California,Accessories,Kingston Digital DataTraveler 32GB USB 2.0,67.8,4,4.068,6,2011,5,6.0,Profit
US-2011-102071,2011-05-09,2011-05-15,Patrick Gardner,San Francisco,California,Accessories,Sony Micro Vault Click 16 GB USB 2.0 Flash Drive,167.97,3,40.3128,6,2011,5,24.000000000000004,Profit
CA-2013-161669,2013-11-08,2013-11-10,Eudokia Martin,Los Angeles,California,Binders,Fellowes Binding Cases,37.44,4,11.7,2,2013,11,31.25,Profit
CA-2013-161669,2013-11-08,2013-11-10,Eudokia Martin,Los Angeles,California,Binders,Ibico Plastic and Wire Spiral Binding Combs,26.976,4,8.7672,2,2013,11,32.50000000000001,Profit
CA-2013-161669,2013-11-08,2013-11-10,Eudokia Martin,Los Angeles,California,Supplies,Acme Preferred Stainless Steel Scissors,11.36,2,3.2944,2,2013,11,29.000000000000004,Profit
CA-2013-161669,2013-11-08,2013-11-10,Eudokia Martin,Los Angeles,California,Labels,Avery 486,14.62,2,6.8714,2,2013,11,47.0,Profit
CA-2013-152534,2013-06-21,2013-06-26,Dave Poirier,Salinas,California,Art,DIXON Oriole Pencils,5.16,2,1.3416,5,2013,6,25.999999999999996,Profit
CA-2013-152534,2013-06-21,2013-06-26,Dave Poirier,Salinas,California,Paper,Xerox 202,38.88,6,18.6624,5,2013,6,48.00000000000001,Profit
CA-2011-133851,2011-06-09,2011-06-16,Chuck Magee,San Francisco,California,Supplies,Staples,7.36,2,0.1472,7,2011,6,2.0,Profit
CA-2011-133851,2011-06-09,2011-06-16,Chuck Magee,San Francisco,California,Art,Deluxe Chalkboard Eraser Cleaner,23.1,2,10.626,7,2011,6,46.0,Profit
US-2014-123463,2014-12-24,2014-12-24,Gary Zandusky,San Francisco,California,Art,"Binney & Smith Crayola Metallic Crayons, 16-Color Pack",13.48,4,5.9312,0,2014,12,43.99999999999999,Profit
CA-2012-143602,2012-04-25,2012-04-28,Jill Stevenson,Los Angeles,California,Binders,Fellowes Black Plastic Comb Bindings,13.944,3,4.5318,3,2012,4,32.49999999999999,Profit
CA-2014-115364,2014-06-27,2014-07-03,Olvera Toch,San Diego,California,Storage,Eldon Shelf Savers Cubes and Bins,83.76,12,1.6752,6,2014,6,2.0,Profit
CA-2011-104976,2011-12-09,2011-12-16,Cyma Kinney,San Francisco,California,Paper,Xerox 1987,34.68,6,16.9932,7,2011,12,49.00000000000001,Profit
CA-2013-105494,2013-11-11,2013-11-13,Pamela Coakley,San Francisco,California,Storage,File Shuttle I and Handi-File,155.82,7,42.0714,2,2013,11,27.0,Profit
CA-2013-105494,2013-11-11,2013-11-13,Pamela Coakley,San Francisco,California,Binders,Binding Machine Supplies,70.008,3,24.5028,2,2013,11,35.0,Profit
CA-2013-130477,2013-04-09,2013-04-13,Logan Currie,Los Angeles,California,Paper,Xerox 1923,20.04,3,9.6192,4,2013,4,48.0,Profit
CA-2013-130477,2013-04-09,2013-04-13,Logan Currie,Los Angeles,California,Storage,Fellowes Neat Ideas Storage Cubes,64.96,2,2.5984,4,2013,4,4.0,Profit
CA-2013-130477,2013-04-09,2013-04-13,Logan Currie,Los Angeles,California,Paper,Xerox 1931,12.96,2,6.2208,4,2013,4,47.99999999999999,Profit
US-2014-111745,2014-11-06,2014-11-07,Ruben Ausman,Farmington,New Mexico,Accessories,NETGEAR AC1750 Dual Band Gigabit Smart WiFi Router,159.99,1,54.3966,1,2014,11,34.0,Profit
CA-2012-148250,2012-12-13,2012-12-17,Rachel Payne,Riverside,California,Paper,Xerox 213,12.96,2,6.2208,4,2012,12,47.99999999999999,Profit
CA-2012-148250,2012-12-13,2012-12-17,Rachel Payne,Riverside,California,Appliances,Fellowes 8 Outlet Superior Workstation Surge Protector w/o Phone/Fax/Modem Protection,134.48,4,34.9648,4,2012,12,26.0,Profit
CA-2013-105760,2013-06-20,2013-06-21,Karen Carlisle,San Francisco,California,Paper,"Message Book, Standard Line ""While You Were Out"", 5 1/2"" X 4"", 200 Sets/Book",17.12,2,8.0464,1,2013,6,47.0,Profit
CA-2013-142958,2013-12-14,2013-12-21,Rob Williams,Torrance,California,Binders,"Acco Pressboard Covers with Storage Hooks, 14 7/8"" x 11"", Dark Blue",6.096,2,2.2098,7,2013,12,36.25,Profit
CA-2013-142958,2013-12-14,2013-12-21,Rob Williams,Torrance,California,Tables,Bretford CR4500 Series Slim Rectangular Table,1114.272,4,41.7852,7,2013,12,3.7500000000000004,Profit
CA-2012-120880,2012-05-29,2012-06-03,John Lucas,Seattle,Washington,Paper,Xerox 1894,32.4,5,15.552,5,2012,5,48.0,Profit
CA-2012-120880,2012-05-29,2012-06-03,John Lucas,Seattle,Washington,Storage,Standard Rollaway File with Lock,540.57,3,140.5482,5,2012,5,26.0,Profit
CA-2012-120880,2012-05-29,2012-06-03,John Lucas,Seattle,Washington,Binders,"Avery Trapezoid Extra Heavy Duty 4"" Binders",167.76,5,62.91,5,2012,5,37.5,Profit
US-2012-140200,2012-07-26,2012-07-28,Cynthia Arntzen,Mesa,Arizona,Tables,Bevis Boat-Shaped Conference Table,393.165,3,-204.4458,2,2012,7,-51.99999999999999,Loss
CA-2014-102414,2014-05-16,2014-05-19,Joseph Airdo,Phoenix,Arizona,Phones,"Logitech B530 USB Headset - headset - Full size, Binaural",29.592,1,2.5893,3,2014,5,8.75,Profit
CA-2014-102414,2014-05-16,2014-05-19,Joseph Airdo,Phoenix,Arizona,Binders,Avery Durable Slant Ring Binders,4.752,2,-3.168,3,2014,5,-66.66666666666667,Loss
CA-2014-102414,2014-05-16,2014-05-19,Joseph Airdo,Phoenix,Arizona,Paper,"Universal Ultra Bright White Copier/Laser Paper, 8 1/2"" x 11"", Ream",15.552,3,5.6376,3,2014,5,36.25,Profit
CA-2012-112571,2012-09-22,2012-09-22,Daniel Lacy,Oceanside,California,Furnishings,Luxo Professional Combination Clamp-On Lamps,204.6,2,53.196,0,2012,9,26.0,Profit
CA-2014-152142,2014-11-15,2014-11-20,Lindsay Williams,San Francisco,California,Chairs,"Global Leather Highback Executive Chair with Pneumatic Height Adjustment, Black",321.568,2,28.1372,5,2014,11,8.75,Profit
CA-2013-120859,2013-09-02,2013-09-05,Cynthia Voltz,San Francisco,California,Envelopes,"White Business Envelopes with Contemporary Seam, Recycled White Business Envelopes",21.88,2,10.94,3,2013,9,50.0,Profit
US-2014-100209,2014-07-10,2014-07-16,Tamara Dahlen,Portland,Oregon,Binders,Wilson Jones Easy Flow II Sheet Lifters,1.08,2,-0.792,6,2014,7,-73.33333333333333,Loss
CA-2011-163419,2011-11-11,2011-11-14,Tracy Zic,Louisville,Colorado,Art,"BIC Brite Liner Grip Highlighters, Assorted, 5/Pack",3.392,1,0.8056,3,2011,11,23.75,Profit
CA-2011-163419,2011-11-11,2011-11-14,Tracy Zic,Louisville,Colorado,Phones,Samsung Galaxy S III - 16GB - pebble blue (T-Mobile),559.984,2,55.9984,3,2011,11,10.0,Profit
CA-2011-163419,2011-11-11,2011-11-14,Tracy Zic,Louisville,Colorado,Chairs,"Global Airflow Leather Mesh Back Chair, Black",603.92,5,75.49,3,2011,11,12.5,Profit
CA-2013-105585,2013-08-27,2013-08-28,Roland Fjeld,San Jose,California,Fasteners,Advantus SlideClip Paper Clips,10.23,3,4.9104,1,2013,8,48.0,Profit
CA-2013-105585,2013-08-27,2013-08-28,Roland Fjeld,San Jose,California,Paper,Xerox 1979,154.9,5,69.705,1,2013,8,44.99999999999999,Profit
CA-2013-155488,2013-11-14,2013-11-18,Frank Merwin,Vancouver,Washington,Art,Boston 16801 Nautilus Battery Pencil Sharpener,44.02,2,11.4452,4,2013,11,25.999999999999996,Profit
CA-2012-126445,2012-08-27,2012-08-31,Ryan Akin,Murrieta,California,Storage,Fellowes Super Stor/Drawer Files,484.65,3,92.0835,4,2012,8,19.0,Profit
CA-2012-105312,2012-11-06,2012-11-09,Meg Tillman,Scottsdale,Arizona,Envelopes,"Redi-Strip #10 Envelopes, 4 1/8 x 9 1/2",7.08,3,2.478,3,2012,11,35.0,Profit
CA-2012-105312,2012-11-06,2012-11-09,Meg Tillman,Scottsdale,Arizona,Binders,UniKeep View Case Binders,4.401,3,-3.5208,3,2012,11,-80.0,Loss
CA-2011-158540,2011-11-24,2011-11-26,Vivek Gonzalez,San Diego,California,Furnishings,"Eldon Delta Triangular Chair Mat, 52"" x 58"", Clear",151.72,4,27.3096,2,2011,11,18.0,Profit
CA-2014-118437,2014-06-18,2014-06-22,Philip Fox,Olympia,Washington,Furnishings,"Howard Miller 13-3/4"" Diameter Brushed Chrome Round Wall Clock",155.25,3,46.575,4,2014,6,30.000000000000004,Profit
CA-2014-118437,2014-06-18,2014-06-22,Philip Fox,Olympia,Washington,Storage,Project Tote Personal File,14.03,1,4.0687,4,2014,6,28.999999999999996,Profit
US-2012-126214,2012-12-21,2012-12-24,John Stevenson,Seattle,Washington,Tables,Bevis 36 x 72 Conference Tables,1618.37,13,356.0414,3,2012,12,22.000000000000004,Profit
US-2012-126214,2012-12-21,2012-12-24,John Stevenson,Seattle,Washington,Accessories,Enermax Acrylux Wireless Keyboard,99.6,1,36.852,3,2012,12,37.0,Profit
CA-2012-133025,2012-09-17,2012-09-19,Meg O'Connel,Los Angeles,California,Paper,Xerox 216,32.4,5,15.552,2,2012,9,48.0,Profit
CA-2014-106964,2014-12-18,2014-12-21,Hallie Redmond,Los Angeles,California,Binders,GBC Plastic Binding Combs,11.808,2,4.2804,3,2014,12,36.25000000000001,Profit
CA-2012-127418,2012-06-13,2012-06-14,Jennifer Jackson,Los Angeles,California,Binders,Aluminum Screw Posts,36.624,3,13.734,1,2012,6,37.5,Profit
CA-2011-139192,2011-05-27,2011-06-01,Lena Creighton,San Francisco,California,Phones,Plantronics HL10 Handset Lifter,1113.504,12,125.2692,5,2011,5,11.25,Profit
CA-2011-139192,2011-05-27,2011-06-01,Lena Creighton,San Francisco,California,Accessories,Logitech Wireless Performance Mouse MX for PC and Mac,99.99,1,37.9962,5,2011,5,38.00000000000001,Profit
CA-2014-167150,2014-12-11,2014-12-18,Ben Peterman,San Diego,California,Binders,Avery Hole Reinforcements,19.936,4,7.2268,7,2014,12,36.25,Profit
CA-2014-167150,2014-12-11,2014-12-18,Ben Peterman,San Diego,California,Binders,"Wilson Jones Ledger-Size, Piano-Hinge Binder, 2"", Blue",65.568,2,22.9488,7,2014,12,35.0,Profit
CA-2013-157686,2013-10-02,2013-10-03,Brian DeCherney,San Francisco,California,Chairs,"Global Value Mid-Back Manager's Chair, Gray",194.848,4,12.178,1,2013,10,6.25,Profit
CA-2012-144652,2012-11-20,2012-11-26,Skye Norling,Los Angeles,California,Art,Newell 333,19.46,7,5.0596,6,2012,11,25.999999999999996,Profit
CA-2013-152814,2013-04-29,2013-05-03,Erica Hernandez,Denver,Colorado,Paper,Xerox 1881,29.472,3,9.9468,4,2013,4,33.75,Profit
CA-2013-134348,2013-11-13,2013-11-20,Maurice Satty,Mesa,Arizona,Binders,Avery Durable Slant Ring Binders With Label Holder,6.27,5,-4.598,7,2013,11,-73.33333333333334,Loss
CA-2013-134348,2013-11-13,2013-11-20,Maurice Satty,Mesa,Arizona,Binders,Round Ring Binders,4.368,7,-3.3488,7,2013,11,-76.66666666666666,Loss
CA-2013-134348,2013-11-13,2013-11-20,Maurice Satty,Mesa,Arizona,Accessories,Micropad Numeric Keypads,31.984,2,1.999,7,2013,11,6.25,Profit
CA-2014-132521,2014-09-24,2014-09-26,Don Weiss,Seattle,Washington,Appliances,Belkin 8 Outlet SurgeMaster II Gold Surge Protector,119.96,2,33.5888,2,2014,9,28.000000000000004,Profit
CA-2014-132521,2014-09-24,2014-09-26,Don Weiss,Seattle,Washington,Storage,Sterilite Officeware Hinged File Box,31.44,3,8.4888,2,2014,9,26.999999999999996,Profit
CA-2014-132521,2014-09-24,2014-09-26,Don Weiss,Seattle,Washington,Binders,Avery Printable Repositionable Plastic Tabs,6.88,1,2.322,2,2014,9,33.75,Profit
CA-2013-166163,2013-08-16,2013-08-21,Craig Yedwab,Oakland,California,Phones,Nokia Lumia 521 (T-Mobile),71.976,3,7.1976,5,2013,8,10.0,Profit
CA-2013-166163,2013-08-16,2013-08-21,Craig Yedwab,Oakland,California,Labels,Avery 488,3.15,1,1.512,5,2013,8,48.00000000000001,Profit
CA-2012-143490,2012-12-06,2012-12-13,Naresj Patel,San Diego,California,Art,Stanley Contemporary Battery Pencil Sharpeners,120.15,9,33.642,7,2012,12,28.000000000000004,Profit
CA-2012-143490,2012-12-06,2012-12-13,Naresj Patel,San Diego,California,Phones,AT&T 1080 Corded phone,219.184,2,19.1786,7,2012,12,8.75,Profit
CA-2011-159338,2011-06-25,2011-06-28,Noel Staavos,Los Angeles,California,Tables,Hon 4060 Series Tables,447.84,5,11.196,3,2011,6,2.5,Profit
CA-2013-107216,2013-06-15,2013-06-18,Paul Van Hugh,San Francisco,California,Art,Newell 326,7.04,4,2.0416,3,2013,6,28.999999999999996,Profit
CA-2013-107216,2013-06-15,2013-06-18,Paul Van Hugh,San Francisco,California,Furnishings,"GE General Purpose, Extra Long Life, Showcase & Floodlight Incandescent Bulbs",8.73,3,4.1031,3,2013,6,47.0,Profit
CA-2013-107216,2013-06-15,2013-06-18,Paul Van Hugh,San Francisco,California,Accessories,Logitech ClearChat Comfort/USB Headset H390,29.29,1,9.6657,3,2013,6,32.99999999999999,Profit
CA-2013-107216,2013-06-15,2013-06-18,Paul Van Hugh,San Francisco,California,Art,Newell 346,8.64,3,2.5056,3,2013,6,28.999999999999996,Profit
CA-2013-112340,2013-10-22,2013-10-28,Neoma Murray,Riverside,California,Paper,"Rediform Wirebound ""Phone Memo"" Message Book, 11 x 5-3/4",22.92,3,11.2308,6,2013,10,49.0,Profit
CA-2014-140585,2014-12-19,2014-12-24,Russell Applegate,Encinitas,California,Binders,Binding Machine Supplies,46.672,2,16.3352,5,2014,12,35.0,Profit
CA-2014-140585,2014-12-19,2014-12-24,Russell Applegate,Encinitas,California,Bookcases,"Bush Saratoga Collection 5-Shelf Bookcase, Hanover Cherry, *Special Order",119.833,1,-12.6882,5,2014,12,-10.588235294117647,Loss
CA-2014-140585,2014-12-19,2014-12-24,Russell Applegate,Encinitas,California,Accessories,Logitech Illuminated - Keyboard,119.98,2,57.5904,5,2014,12,48.0,Profit
CA-2013-144855,2013-07-23,2013-07-25,Dionis Lloyd,San Francisco,California,Labels,Self-Adhesive Removable Labels,6.3,2,3.024,2,2013,7,48.00000000000001,Profit
US-2013-114776,2013-12-07,2013-12-08,Greg Guthrie,Antioch,California,Paper,Xerox 216,19.44,3,9.3312,1,2013,12,48.00000000000001,Profit
CA-2011-146969,2011-09-29,2011-10-03,Arthur Prichep,Los Angeles,California,Furnishings,Luxo Professional Combination Clamp-On Lamps,204.6,2,53.196,4,2011,9,26.0,Profit
CA-2011-146969,2011-09-29,2011-10-03,Arthur Prichep,Los Angeles,California,Fasteners,Stockwell Push Pins,8.72,4,2.8776,4,2011,9,33.0,Profit
CA-2011-146969,2011-09-29,2011-10-03,Arthur Prichep,Los Angeles,California,Paper,Xerox 223,6.48,1,3.1104,4,2011,9,47.99999999999999,Profit
CA-2011-146969,2011-09-29,2011-10-03,Arthur Prichep,Los Angeles,California,Machines,Star Micronics TSP800 TSP847IIU Receipt Printer,686.32,2,223.054,4,2011,9,32.49999999999999,Profit
CA-2011-146969,2011-09-29,2011-10-03,Arthur Prichep,Los Angeles,California,Storage,"Fellowes Mobile File Cart, Black",62.18,1,16.7886,4,2011,9,26.999999999999996,Profit
CA-2014-160395,2014-01-01,2014-01-07,Kelly Lampkin,Reno,Nevada,Art,"Crayola Anti Dust Chalk, 12/Pack",3.64,2,1.638,6,2014,1,44.99999999999999,Profit
CA-2014-160395,2014-01-01,2014-01-07,Kelly Lampkin,Reno,Nevada,Binders,Lock-Up Easel 'Spel-Binder',159.768,7,53.9217,6,2014,1,33.75,Profit
CA-2013-149314,2013-07-03,2013-07-08,George Bell,Los Angeles,California,Chairs,Hon Deluxe Fabric Upholstered Stacking Chairs,195.184,1,19.5184,5,2013,7,10.0,Profit
CA-2011-126522,2011-09-01,2011-09-05,Larry Tron,Escondido,California,Art,"BOSTON Model 1800 Electric Pencil Sharpeners, Putty/Woodgrain",53.94,3,15.6426,4,2011,9,29.000000000000004,Profit
CA-2012-125416,2012-11-02,2012-11-02,Kelly Collister,Seattle,Washington,Accessories,Logitech K350 2.4Ghz Wireless Keyboard,447.93,9,49.2723,0,2012,11,11.0,Profit
CA-2011-158064,2011-04-21,2011-04-25,Allen Armold,Los Angeles,California,Binders,ACCOHIDE Binder by Acco,16.52,5,5.5755,4,2011,4,33.75,Profit
CA-2011-120243,2011-12-27,2011-12-30,Alyssa Tate,Los Angeles,California,Labels,Staples,11.56,4,5.4332,3,2011,12,47.0,Profit
CA-2011-127131,2011-11-24,2011-11-30,Harold Ryan,Seattle,Washington,Binders,Peel & Stick Add-On Corner Pockets,12.096,7,4.2336,6,2011,11,35.0,Profit
CA-2011-127131,2011-11-24,2011-11-30,Harold Ryan,Seattle,Washington,Storage,"Carina 42""Hx23 3/4""W Media Storage Unit",485.88,6,9.7176,6,2011,11,1.9999999999999998,Profit
CA-2011-127131,2011-11-24,2011-11-30,Harold Ryan,Seattle,Washington,Paper,Xerox 220,25.92,4,12.4416,6,2011,11,47.99999999999999,Profit
CA-2011-127131,2011-11-24,2011-11-30,Harold Ryan,Seattle,Washington,Storage,"Recycled Data-Pak for Archival Bound Computer Printouts, 12-1/2 x 12-1/2 x 16",197.58,2,53.3466,6,2011,11,27.0,Profit
CA-2014-117212,2014-02-27,2014-03-01,Bradley Talbott,Los Angeles,California,Appliances,Kensington 6 Outlet Guardian Standard Surge Protector,81.92,4,22.1184,2,2014,2,27.0,Profit
CA-2014-117212,2014-02-27,2014-03-01,Bradley Talbott,Los Angeles,California,Phones,Toshiba IPT2010-SD IP Telephone,889.536,8,66.7152,2,2014,2,7.5,Profit
CA-2014-117212,2014-02-27,2014-03-01,Bradley Talbott,Los Angeles,California,Chairs,GuestStacker Chair with Chrome Finish Legs,892.224,3,89.2224,2,2014,2,10.0,Profit
CA-2014-117212,2014-02-27,2014-03-01,Bradley Talbott,Los Angeles,California,Paper,Xerox 1908,223.92,4,109.7208,2,2014,2,49.0,Profit
CA-2014-117212,2014-02-27,2014-03-01,Bradley Talbott,Los Angeles,California,Paper,Xerox 1924,23.12,4,11.3288,2,2014,2,48.99999999999999,Profit
CA-2013-114727,2013-07-19,2013-07-25,Linda Southworth,Denver,Colorado,Chairs,Hon GuestStacker Chair,544.008,3,40.8006,6,2013,7,7.5,Profit
CA-2013-114727,2013-07-19,2013-07-25,Linda Southworth,Denver,Colorado,Binders,Round Ring Binders,1.872,3,-1.4352,6,2013,7,-76.66666666666666,Loss
CA-2013-114727,2013-07-19,2013-07-25,Linda Southworth,Denver,Colorado,Chairs,Hon 4700 Series Mobuis Mid-Back Task Chairs with Adjustable Arms,854.352,3,10.6794,6,2013,7,1.25,Profit
CA-2013-114727,2013-07-19,2013-07-25,Linda Southworth,Denver,Colorado,Storage,"Sauder Facets Collection Locker/File Cabinet, Sky Alder Finish",593.568,2,0.0,6,2013,7,0.0,No Profit No Loss
CA-2013-114727,2013-07-19,2013-07-25,Linda Southworth,Denver,Colorado,Storage,"Fellowes Strictly Business Drawer File, Letter/Legal Size",338.04,3,-33.804,6,2013,7,-10.0,Loss
CA-2011-110184,2011-07-12,2011-07-16,Ben Ferrer,Los Angeles,California,Storage,Fellowes Super Stor/Drawer,249.75,9,44.955,4,2011,7,18.0,Profit
CA-2011-110184,2011-07-12,2011-07-16,Ben Ferrer,Los Angeles,California,Phones,GE DSL Phone Line Filter,255.936,8,28.7928,4,2011,7,11.249999999999998,Profit
CA-2014-100013,2014-11-07,2014-11-12,Zuschuss Carroll,Los Angeles,California,Envelopes,"#10- 4 1/8"" x 9 1/2"" Security-Tint Envelopes",15.28,2,7.4872,5,2014,11,49.0,Profit
CA-2014-100013,2014-11-07,2014-11-12,Zuschuss Carroll,Los Angeles,California,Furnishings,Dax Clear Box Frame,8.73,1,2.9682,5,2014,11,34.0,Profit
CA-2014-100013,2014-11-07,2014-11-12,Zuschuss Carroll,Los Angeles,California,Art,SANFORD Liquid Accent Tank-Style Highlighters,5.68,2,1.7608,5,2014,11,31.0,Profit
CA-2011-127012,2011-08-11,2011-08-15,Greg Matthias,Seattle,Washington,Furnishings,"Eldon Image Series Desk Accessories, Ebony",12.35,1,5.434,4,2011,8,44.0,Profit
CA-2011-127012,2011-08-11,2011-08-15,Greg Matthias,Seattle,Washington,Art,Sanford 52201 APSCO Electric Pencil Sharpener,40.97,1,10.6522,4,2011,8,26.0,Profit
CA-2011-127012,2011-08-11,2011-08-15,Greg Matthias,Seattle,Washington,Fasteners,"Vinyl Coated Wire Paper Clips in Organizer Box, 800/Box",22.96,2,10.7912,4,2011,8,47.0,Profit
CA-2011-168494,2011-12-12,2011-12-14,Nora Preis,Fresno,California,Tables,Hon Non-Folding Utility Tables,764.688,6,95.586,2,2011,12,12.5,Profit
CA-2011-168494,2011-12-12,2011-12-14,Nora Preis,Fresno,California,Tables,Bretford Rectangular Conference Table Tops,3610.848,12,135.4068,2,2011,12,3.75,Profit
CA-2011-168494,2011-12-12,2011-12-14,Nora Preis,Fresno,California,Bookcases,Bestar Classic Bookcase,254.9745,3,11.9988,2,2011,12,4.705882352941177,Profit
CA-2014-110380,2014-09-03,2014-09-08,Phillip Flathmann,San Francisco,California,Art,Pencil and Crayon Sharpener,6.57,3,1.7739,5,2014,9,27.0,Profit
US-2011-167738,2011-12-24,2011-12-29,Julie Creighton,Los Angeles,California,Storage,Letter Size Cart,142.86,1,41.4294,5,2011,12,28.999999999999996,Profit
US-2011-167738,2011-12-24,2011-12-29,Julie Creighton,Los Angeles,California,Chairs,"Global Value Mid-Back Manager's Chair, Gray",292.272,6,18.267,5,2011,12,6.25,Profit
CA-2014-121412,2014-09-24,2014-09-28,Brooke Gillingham,Louisville,Colorado,Furnishings,Aluminum Document Frame,29.328,3,3.666,4,2014,9,12.5,Profit
CA-2013-163384,2013-11-11,2013-11-13,Chuck Clark,San Francisco,California,Binders,"ACCOHIDE 3-Ring Binder, Blue, 1""",13.216,4,4.4604,2,2013,11,33.75,Profit
CA-2013-163384,2013-11-11,2013-11-13,Chuck Clark,San Francisco,California,Paper,Xerox 1996,32.4,5,15.552,2,2013,11,48.0,Profit
CA-2012-101707,2012-08-27,2012-09-01,Philip Fox,San Diego,California,Supplies,Fiskars Softgrip Scissors,32.94,3,9.2232,5,2012,8,28.000000000000004,Profit
CA-2012-101707,2012-08-27,2012-09-01,Philip Fox,San Diego,California,Paper,Xerox 1973,114.2,5,52.532,5,2012,8,46.0,Profit
CA-2012-101707,2012-08-27,2012-09-01,Philip Fox,San Diego,California,Labels,Avery 511,3.08,1,1.4784,5,2012,8,48.0,Profit
CA-2012-138898,2012-05-25,2012-05-29,Justin Hirsh,Pueblo,Colorado,Appliances,Kensington 4 Outlet MasterPiece Compact Power Control Center,845.728,13,84.5728,4,2012,5,10.0,Profit
CA-2014-115427,2014-12-31,2015-01-04,Erica Bern,Fairfield,California,Binders,"Cardinal Slant-D Ring Binder, Heavy Gauge Vinyl",13.904,2,4.5188,4,2014,12,32.49999999999999,Profit
CA-2014-115427,2014-12-31,2015-01-04,Erica Bern,Fairfield,California,Binders,GBC Binding covers,20.72,2,6.475,4,2014,12,31.25,Profit
CA-2012-121391,2012-10-04,2012-10-07,Alex Avila,San Francisco,California,Storage,"Tenex Personal Project File with Scoop Front Design, Black",26.96,2,7.0096,3,2012,10,26.0,Profit
CA-2013-141397,2013-06-21,2013-06-22,Roy Collins,Pasadena,California,Paper,Xerox 1898,46.76,7,22.4448,1,2013,6,48.00000000000001,Profit
CA-2013-141397,2013-06-21,2013-06-22,Roy Collins,Pasadena,California,Binders,GBC Plastic Binding Combs,17.712,3,6.4206,1,2013,6,36.25000000000001,Profit
CA-2013-141397,2013-06-21,2013-06-22,Roy Collins,Pasadena,California,Appliances,Belkin 6 Outlet Metallic Surge Strip,21.78,2,5.6628,1,2013,6,25.999999999999996,Profit
CA-2013-141397,2013-06-21,2013-06-22,Roy Collins,Pasadena,California,Storage,Fellowes Bankers Box Recycled Super Stor/Drawer,161.94,3,9.7164,1,2013,6,6.000000000000001,Profit
CA-2013-141397,2013-06-21,2013-06-22,Roy Collins,Pasadena,California,Chairs,Hon Valutask Swivel Chairs,161.568,2,-8.0784,1,2013,6,-5.0,Loss
CA-2013-145919,2013-12-19,2013-12-24,Henry Goldwyn,Los Angeles,California,Paper,"Eureka Recycled Copy Paper 8 1/2"" x 11"", Ream",38.88,6,18.6624,5,2013,12,48.00000000000001,Profit
CA-2013-145919,2013-12-19,2013-12-24,Henry Goldwyn,Los Angeles,California,Furnishings,"Seth Thomas 12"" Clock w/ Goldtone Case",183.84,8,62.5056,5,2013,12,34.0,Profit
CA-2013-145919,2013-12-19,2013-12-24,Henry Goldwyn,Los Angeles,California,Supplies,Premier Electric Letter Opener,579.3,5,28.965,5,2013,12,5.0,Profit
CA-2014-106033,2014-10-16,2014-10-19,Frank Gastineau,San Francisco,California,Art,Panasonic KP-310 Heavy-Duty Electric Pencil Sharpener,87.92,4,26.376,3,2014,10,30.0,Profit
CA-2013-142762,2013-05-24,2013-05-28,Lisa DeCherney,San Francisco,California,Furnishings,"Eldon Image Series Desk Accessories, Ebony",37.05,3,16.302,4,2013,5,44.0,Profit
CA-2011-121664,2011-05-06,2011-05-10,Harold Pawlan,Los Angeles,California,Binders,Wilson Jones Legal Size Ring Binders,140.736,8,52.776,4,2011,5,37.50000000000001,Profit
US-2014-123281,2014-04-03,2014-04-08,Jamie Frazer,Los Angeles,California,Furnishings,Westinghouse Clip-On Gooseneck Lamps,25.11,3,6.5286,5,2014,4,26.0,Profit
CA-2014-162978,2014-05-05,2014-05-10,Lindsay Williams,San Francisco,California,Phones,Motorola L804,183.96,5,20.6955,5,2014,5,11.249999999999998,Profit
CA-2014-162978,2014-05-05,2014-05-10,Lindsay Williams,San Francisco,California,Paper,Things To Do Today Pad,17.61,3,8.4528,5,2014,5,48.0,Profit
CA-2014-162978,2014-05-05,2014-05-10,Lindsay Williams,San Francisco,California,Tables,Bretford Rectangular Conference Table Tops,300.904,1,11.2839,5,2014,5,3.75,Profit
US-2011-151925,2011-09-26,2011-10-01,Kean Takahito,Los Angeles,California,Chairs,"Leather Task Chair, Black",145.568,2,0.0,5,2011,9,0.0,No Profit No Loss
US-2014-155425,2014-11-11,2014-11-12,Ann Blume,Tucson,Arizona,Binders,Cardinal EasyOpen D-Ring Binders,38.388,14,-25.592,1,2014,11,-66.66666666666666,Loss
US-2014-155425,2014-11-11,2014-11-12,Ann Blume,Tucson,Arizona,Machines,DYMO CardScan Personal V9 Business Card Scanner,95.994,2,-63.996,1,2014,11,-66.66666666666667,Loss
US-2014-155425,2014-11-11,2014-11-12,Ann Blume,Tucson,Arizona,Accessories,Case Logic 2.4GHz Wireless Keyboard,239.952,6,-35.9928,1,2014,11,-15.000000000000002,Loss
US-2014-155425,2014-11-11,2014-11-12,Ann Blume,Tucson,Arizona,Phones,Adtran 1202752G1,201.584,2,15.1188,1,2014,11,7.5,Profit
US-2014-155425,2014-11-11,2014-11-12,Ann Blume,Tucson,Arizona,Chairs,Hon 2090 “Pillow Soft” Series Mid Back Swivel/Tilt Chairs,899.136,4,-146.1096,1,2014,11,-16.25,Loss
CA-2014-133249,2014-07-09,2014-07-12,Sam Zeldin,Pico Rivera,California,Furnishings,"Deflect-o SuperTray Unbreakable Stackable Tray, Letter, Black",145.9,5,62.737,3,2014,7,43.0,Profit
US-2012-103471,2012-12-24,2012-12-28,Jim Radford,Colorado Springs,Colorado,Bookcases,"Atlantic Metals Mobile 4-Shelf Bookcases, Custom Colors",590.058,7,-786.744,4,2012,12,-133.33333333333334,Loss
US-2012-103471,2012-12-24,2012-12-28,Jim Radford,Colorado Springs,Colorado,Art,"Dixon My First Ticonderoga Pencil, #2",14.04,3,1.5795,4,2012,12,11.25,Profit
US-2011-157021,2011-04-01,2011-04-06,Kunst Miller,Vallejo,California,Labels,Avery 490,29.6,2,14.8,5,2011,4,50.0,Profit
US-2011-157021,2011-04-01,2011-04-06,Kunst Miller,Vallejo,California,Binders,"Pressboard Data Binder, Crimson, 12"" X 8 1/2""",17.088,4,5.5536,5,2011,4,32.5,Profit
CA-2012-120362,2012-09-14,2012-09-19,Christina Anderson,Provo,Utah,Tables,"Lesro Round Back Collection Coffee Table, End Table",912.75,5,118.6575,5,2012,9,13.0,Profit
CA-2011-126361,2011-08-04,2011-08-09,Valerie Dominguez,Pleasant Grove,Utah,Appliances,Hoover WindTunnel Plus Canister Vacuum,1089.75,3,305.13,5,2011,8,27.999999999999996,Profit
CA-2011-126361,2011-08-04,2011-08-09,Valerie Dominguez,Pleasant Grove,Utah,Paper,Xerox 1934,447.84,8,219.4416,5,2011,8,49.0,Profit
CA-2011-126361,2011-08-04,2011-08-09,Valerie Dominguez,Pleasant Grove,Utah,Art,Newell 329,16.4,5,4.264,5,2011,8,26.000000000000007,Profit
CA-2011-126361,2011-08-04,2011-08-09,Valerie Dominguez,Pleasant Grove,Utah,Phones,Panasonic KX T7731-B Digital phone,399.96,5,34.9965,5,2011,8,8.75,Profit
CA-2011-126361,2011-08-04,2011-08-09,Valerie Dominguez,Pleasant Grove,Utah,Storage,"Safco Wire Cube Shelving System, For Use as 4 or 5 14"" Cubes, Black",158.9,5,7.945,5,2011,8,5.0,Profit
CA-2011-126361,2011-08-04,2011-08-09,Valerie Dominguez,Pleasant Grove,Utah,Binders,Ibico Standard Transparent Covers,13.184,1,4.7792,5,2011,8,36.25000000000001,Profit
US-2013-122245,2013-09-26,2013-10-01,Adrian Barton,Phoenix,Arizona,Tables,Bevis Boat-Shaped Conference Table,393.165,3,-204.4458,5,2013,9,-51.99999999999999,Loss
CA-2014-115994,2014-01-29,2014-02-01,Beth Thompson,Costa Mesa,California,Accessories,Logitech G13 Programmable Gameboard with LCD Display,239.97,3,26.3967,3,2014,1,11.0,Profit
CA-2014-115994,2014-01-29,2014-02-01,Beth Thompson,Costa Mesa,California,Furnishings,"DAX Executive Solid Wood Document Frame, Desktop or Hang, Mahogany, 5 x 7",37.74,3,12.8316,3,2014,1,34.0,Profit
CA-2012-124800,2012-09-26,2012-09-30,Rick Wilson,Mesa,Arizona,Paper,Petty Cash Envelope,86.272,4,31.2736,4,2012,9,36.24999999999999,Profit
CA-2012-124800,2012-09-26,2012-09-30,Rick Wilson,Mesa,Arizona,Binders,GBC VeloBinder Electric Binding Machine,72.588,2,-48.392,4,2012,9,-66.66666666666667,Loss
CA-2012-124800,2012-09-26,2012-09-30,Rick Wilson,Mesa,Arizona,Appliances,3M Replacement Filter for Office Air Cleaner for 20' x 33' Room,60.672,2,14.4096,4,2012,9,23.75,Profit
CA-2012-124800,2012-09-26,2012-09-30,Rick Wilson,Mesa,Arizona,Binders,Lock-Up Easel 'Spel-Binder',77.031,9,-59.0571,4,2012,9,-76.66666666666666,Loss
CA-2012-124800,2012-09-26,2012-09-30,Rick Wilson,Mesa,Arizona,Storage,2300 Heavy-Duty Transfer File Systems by Perma,119.904,6,-1.4988,4,2012,9,-1.25,Loss
CA-2012-124800,2012-09-26,2012-09-30,Rick Wilson,Mesa,Arizona,Phones,Samsung Rugby III,263.96,5,23.0965,4,2012,9,8.75,Profit
CA-2012-124800,2012-09-26,2012-09-30,Rick Wilson,Mesa,Arizona,Storage,SAFCO Boltless Steel Shelving,363.648,4,-86.3664,4,2012,9,-23.75,Loss
US-2012-164448,2012-10-31,2012-11-04,Damala Kotsonis,Salinas,California,Binders,Prestige Round Ring Binders,9.728,2,3.2832,4,2012,10,33.75,Profit
US-2012-164448,2012-10-31,2012-11-04,Damala Kotsonis,Salinas,California,Envelopes,"Redi-Strip #10 Envelopes, 4 1/8 x 9 1/2",14.75,5,7.08,4,2012,10,48.0,Profit
US-2012-164448,2012-10-31,2012-11-04,Damala Kotsonis,Salinas,California,Binders,"Acco Four Pocket Poly Ring Binder with Label Holder, Smoke, 1""",29.8,5,9.3125,4,2012,10,31.25,Profit
US-2012-164448,2012-10-31,2012-11-04,Damala Kotsonis,Salinas,California,Labels,"Avery 4027 File Folder Labels for Dot Matrix Printers, 5000 Labels per Box, White",427.42,14,196.6132,4,2012,10,46.0,Profit
US-2013-153129,2013-12-27,2013-12-31,Frank Preis,Seattle,Washington,Paper,Strathmore Photo Mount Cards,33.9,5,15.594,4,2013,12,46.0,Profit
CA-2014-128160,2014-12-20,2014-12-25,Michael Moore,San Francisco,California,Binders,Deluxe Heavy-Duty Vinyl Round Ring Binder,36.672,2,11.46,5,2014,12,31.250000000000007,Profit
CA-2012-166135,2012-10-01,2012-10-06,Shaun Chance,Aurora,Colorado,Storage,"Trav-L-File Heavy-Duty Shuttle II, Black",139.424,4,17.428,5,2012,10,12.5,Profit
CA-2012-145821,2012-05-01,2012-05-07,Jennifer Braxton,Los Angeles,California,Phones,OtterBox Defender Series Case - iPhone 5c,88.752,3,11.094,6,2012,5,12.5,Profit
US-2012-160150,2012-07-19,2012-07-20,Thais Sissman,Phoenix,Arizona,Binders,Wilson Jones DublLock D-Ring Binders,2.025,1,-1.35,1,2012,7,-66.66666666666667,Loss
CA-2012-119907,2012-12-01,2012-12-08,Logan Currie,Seattle,Washington,Binders,Wilson Jones Heavy-Duty Casebound Ring Binders with Metal Hinges,55.424,2,19.3984,7,2012,12,35.0,Profit
CA-2011-151708,2011-08-08,2011-08-14,Maria Bertelson,Glendale,Arizona,Furnishings,"Eldon Delta Triangular Chair Mat, 52"" x 58"", Clear",121.376,4,-3.0344,6,2011,8,-2.5,Loss
CA-2011-151708,2011-08-08,2011-08-14,Maria Bertelson,Glendale,Arizona,Accessories,SanDisk Ultra 64 GB MicroSDHC Class 10 Memory Card,95.976,3,-10.7973,6,2011,8,-11.25,Loss
CA-2014-164959,2014-07-12,2014-07-16,Katherine Nockton,Los Angeles,California,Labels,Avery 482,8.67,3,4.0749,4,2014,7,47.0,Profit
CA-2014-121468,2014-11-20,2014-11-21,Katherine Ducich,Westminster,California,Phones,Square Credit Card Reader,31.968,4,2.3976,1,2014,11,7.500000000000001,Profit
US-2013-108455,2013-12-03,2013-12-09,Mike Kennedy,San Francisco,California,Paper,Xerox 192,25.92,4,12.4416,6,2013,12,47.99999999999999,Profit
US-2013-108455,2013-12-03,2013-12-09,Mike Kennedy,San Francisco,California,Paper,HP Office Recycled Paper (20Lb. and 87 Bright),40.46,7,19.8254,6,2013,12,48.99999999999999,Profit
US-2013-108455,2013-12-03,2013-12-09,Mike Kennedy,San Francisco,California,Storage,X-Rack File for Hanging Folders,33.87,3,8.8062,6,2013,12,26.0,Profit
US-2013-108098,2013-10-15,2013-10-19,Christine Phan,Seattle,Washington,Accessories,WD My Passport Ultra 500GB Portable External Hard Drive,177.0,3,30.09,4,2013,10,17.0,Profit
CA-2012-140410,2012-11-03,2012-11-07,Corinna Mitchell,Los Angeles,California,Phones,Cisco IP Phone 7961G-GE VoIP phone,1212.848,7,106.1242,4,2012,11,8.75,Profit
CA-2012-140410,2012-11-03,2012-11-07,Corinna Mitchell,Los Angeles,California,Accessories,Logitech Trackman Marble Mouse,89.97,3,37.7874,4,2012,11,42.0,Profit
CA-2012-140410,2012-11-03,2012-11-07,Corinna Mitchell,Los Angeles,California,Furnishings,Coloredge Poster Frame,42.6,3,16.614,4,2012,11,39.0,Profit
CA-2014-139661,2014-10-31,2014-11-04,Jane Waco,Vancouver,Washington,Furnishings,Magna Visual Magnetic Picture Hangers,9.64,2,3.6632,4,2014,10,37.99999999999999,Profit
CA-2013-141586,2013-10-18,2013-10-21,Neil Knudson,San Francisco,California,Binders,"Avery Durable Plastic 1"" Binders",18.16,5,6.583,3,2013,10,36.25,Profit
CA-2013-100468,2013-11-25,2013-12-02,Alyssa Tate,Los Angeles,California,Phones,"iKross Bluetooth Portable Keyboard + Cell Phone Stand Holder + Brush for Apple iPhone 5S 5C 5, 4S 4",33.52,2,3.352,7,2013,11,10.0,Profit
CA-2013-100468,2013-11-25,2013-12-02,Alyssa Tate,Los Angeles,California,Furnishings,"DAX Value U-Channel Document Frames, Easel Back",9.94,2,3.0814,7,2013,11,31.0,Profit
CA-2012-153388,2012-08-01,2012-08-07,Pauline Chand,Los Angeles,California,Art,Prang Dustless Chalk Sticks,6.72,4,3.36,6,2012,8,50.0,Profit
CA-2012-153388,2012-08-01,2012-08-07,Pauline Chand,Los Angeles,California,Tables,Hon 2111 Invitation Series Corner Table,1004.976,6,-175.8708,6,2012,8,-17.5,Loss
CA-2014-103611,2014-09-13,2014-09-16,Jessica Myrick,Los Angeles,California,Furnishings,"Eldon Image Series Desk Accessories, Burgundy",8.36,2,3.0096,3,2014,9,36.0,Profit
CA-2014-100384,2014-06-25,2014-07-02,Nicole Hansen,Pomona,California,Art,Boston Heavy-Duty Trimline Electric Pencil Sharpeners,385.6,8,111.824,7,2014,6,28.999999999999996,Profit
CA-2014-100384,2014-06-25,2014-07-02,Nicole Hansen,Pomona,California,Art,4009 Highlighters by Sanford,35.82,9,11.8206,7,2014,6,33.0,Profit
CA-2014-148446,2014-12-11,2014-12-15,Michael Chen,North Las Vegas,Nevada,Tables,Bretford “Just In Time” Height-Adjustable Multi-Task Work Tables,1669.6,4,116.872,4,2014,12,7.000000000000001,Profit
CA-2011-111059,2011-02-04,2011-02-07,Tom Boeckenhauer,Seattle,Washington,Binders,Ibico Laser Imprintable Binding System Covers,83.84,2,27.248,3,2011,2,32.5,Profit
CA-2011-111059,2011-02-04,2011-02-07,Tom Boeckenhauer,Seattle,Washington,Binders,Avery Durable Poly Binders,13.272,3,4.3134,3,2011,2,32.49999999999999,Profit
CA-2014-116204,2014-02-12,2014-02-15,Victoria Wilson,San Francisco,California,Binders,"Acco Pressboard Covers with Storage Hooks, 14 7/8"" x 11"", Dark Blue",21.336,7,7.7343,3,2014,2,36.25000000000001,Profit
CA-2012-144806,2012-12-06,2012-12-11,Gary Hwang,Tucson,Arizona,Furnishings,"Howard Miller 13"" Diameter Pewter Finish Round Wall Clock",206.112,6,48.9516,5,2012,12,23.75,Profit
CA-2012-144806,2012-12-06,2012-12-11,Gary Hwang,Tucson,Arizona,Paper,Xerox 1970,19.92,5,6.723,5,2012,12,33.75,Profit
CA-2012-144806,2012-12-06,2012-12-11,Gary Hwang,Tucson,Arizona,Paper,Xerox 1960,198.272,8,61.96,5,2012,12,31.25,Profit
CA-2012-144806,2012-12-06,2012-12-11,Gary Hwang,Tucson,Arizona,Storage,"Belkin 19"" Vented Equipment Shelf, Black",247.104,6,-58.6872,5,2012,12,-23.75,Loss
CA-2012-144806,2012-12-06,2012-12-11,Gary Hwang,Tucson,Arizona,Art,"BOSTON Model 1800 Electric Pencil Sharpeners, Putty/Woodgrain",86.304,6,9.7092,5,2012,12,11.249999999999998,Profit
CA-2014-159884,2014-09-01,2014-09-06,Jeremy Farry,Tempe,Arizona,Storage,"Neat Ideas Personal Hanging Folder Files, Black",10.744,1,0.8058,5,2014,9,7.5,Profit
CA-2014-159884,2014-09-01,2014-09-06,Jeremy Farry,Tempe,Arizona,Fasteners,OIC Bulk Pack Metal Binder Clips,8.376,3,2.7222,5,2014,9,32.5,Profit
CA-2014-124086,2014-02-11,2014-02-15,Mike Pelletier,Laguna Niguel,California,Bookcases,"Bush Andora Bookcase, Maple/Graphite Gray Finish",203.983,2,16.7986,4,2014,2,8.235294117647058,Profit
CA-2011-107181,2011-02-05,2011-02-09,Deborah Brumfield,San Diego,California,Binders,GBC Recycled Grain Textured Covers,82.896,3,29.0136,4,2011,2,35.0,Profit
CA-2011-107181,2011-02-05,2011-02-09,Deborah Brumfield,San Diego,California,Paper,"Message Book, Standard Line ""While You Were Out"", 5 1/2"" X 4"", 200 Sets/Book",34.24,4,16.0928,4,2011,2,47.0,Profit
CA-2013-159345,2013-06-18,2013-06-23,Ivan Gibson,San Diego,California,Paper,Xerox 1934,111.96,2,54.8604,5,2013,6,49.0,Profit
CA-2012-111507,2012-02-06,2012-02-13,Victoria Wilson,Bellevue,Washington,Art,Newell 310,5.28,3,1.5312,7,2012,2,28.999999999999996,Profit
CA-2012-112116,2012-03-16,2012-03-18,Jeremy Ellison,Seattle,Washington,Tables,KI Adjustable-Height Table,171.96,2,44.7096,2,2012,3,26.0,Profit
CA-2013-126809,2013-04-10,2013-04-14,Edward Becker,Seattle,Washington,Binders,"Acco Pressboard Covers with Storage Hooks, 14 7/8"" x 11"", Light Blue",35.352,9,12.8151,4,2013,4,36.25,Profit
CA-2011-105172,2011-04-04,2011-04-09,Paul Knutson,San Francisco,California,Labels,Avery 518,18.9,6,9.072,5,2011,4,48.0,Profit
CA-2014-107293,2014-09-06,2014-09-07,Christopher Schild,Seattle,Washington,Art,Newell 333,2.78,1,0.7228,1,2014,9,26.0,Profit
CA-2012-132101,2012-03-19,2012-03-25,Jesus Ocampo,Seattle,Washington,Phones,Wireless Extenders zBoost YX545 SOHO Signal Booster,453.576,3,39.6879,6,2012,3,8.75,Profit
US-2014-152002,2014-06-12,2014-06-12,Dianna Vittorini,Los Angeles,California,Paper,"White Dual Perf Computer Printout Paper, 2700 Sheets, 1 Part, Heavyweight, 20 lbs., 14 7/8 x 11",122.97,3,60.2553,0,2014,6,49.0,Profit
US-2011-157385,2011-11-23,2011-11-25,Sanjit Chand,Los Angeles,California,Chairs,Novimex Swivel Fabric Task Chair,603.92,5,-67.941,2,2011,11,-11.250000000000002,Loss
US-2011-157385,2011-11-23,2011-11-25,Sanjit Chand,Los Angeles,California,Envelopes,Pastel Pink Envelopes,21.84,3,10.4832,2,2011,11,48.0,Profit
US-2011-157385,2011-11-23,2011-11-25,Sanjit Chand,Los Angeles,California,Accessories,Belkin F8E887 USB Wired Ergonomic Keyboard,29.99,1,6.2979,2,2011,11,21.000000000000004,Profit
US-2011-157385,2011-11-23,2011-11-25,Sanjit Chand,Los Angeles,California,Chairs,Safco Contoured Stacking Chairs,381.44,2,23.84,2,2011,11,6.25,Profit
CA-2012-122826,2012-06-23,2012-06-25,Rick Duston,Olympia,Washington,Phones,Pyle PRT45 Retro Home Telephone,201.568,4,22.6764,2,2012,6,11.25,Profit
CA-2011-117317,2011-10-19,2011-10-19,Jeremy Farry,Los Angeles,California,Paper,Spiral Phone Message Books with Labels by Adams,13.44,3,6.5856,0,2011,10,49.00000000000001,Profit
US-2013-115819,2013-04-20,2013-04-25,Jas O'Carroll,Los Angeles,California,Phones,PowerGen Dual USB Car Charger,39.96,5,12.987,5,2013,4,32.5,Profit
US-2013-115819,2013-04-20,2013-04-25,Jas O'Carroll,Los Angeles,California,Art,Newell 307,5.46,3,1.5288,5,2013,4,27.999999999999996,Profit
US-2013-115819,2013-04-20,2013-04-25,Jas O'Carroll,Los Angeles,California,Art,Panasonic KP-4ABK Battery-Operated Pencil Sharpener,73.2,5,21.228,5,2013,4,29.000000000000004,Profit
US-2013-115819,2013-04-20,2013-04-25,Jas O'Carroll,Los Angeles,California,Binders,"Angle-D Binders with Locking Rings, Label Holders",5.84,1,1.971,5,2013,4,33.75,Profit
US-2013-115819,2013-04-20,2013-04-25,Jas O'Carroll,Los Angeles,California,Paper,"Adams Telephone Message Book W/Dividers/Space For Phone Numbers, 5 1/4""X8 1/2"", 200/Messages",22.72,4,10.224,5,2013,4,45.0,Profit
US-2013-115819,2013-04-20,2013-04-25,Jas O'Carroll,Los Angeles,California,Binders,Avery Binder Labels,9.336,3,3.2676,5,2013,4,35.0,Profit
CA-2011-156349,2011-05-26,2011-05-30,Marina Lichtenstein,Los Angeles,California,Bookcases,Sauder Inglewood Library Bookcases,290.666,2,27.3568,4,2011,5,9.411764705882353,Profit
CA-2011-156349,2011-05-26,2011-05-30,Marina Lichtenstein,Los Angeles,California,Phones,VTech DS6151,201.584,2,20.1584,4,2011,5,10.0,Profit
CA-2011-156349,2011-05-26,2011-05-30,Marina Lichtenstein,Los Angeles,California,Phones,netTALK DUO VoIP Telephone Service,83.984,2,31.494,4,2011,5,37.5,Profit
CA-2014-138380,2014-12-22,2014-12-26,Yana Sorensen,Oakland,California,Storage,Letter Size Cart,1000.02,7,290.0058,4,2014,12,29.000000000000004,Profit
CA-2014-108560,2014-07-09,2014-07-16,Jenna Caffey,Kent,Washington,Furnishings,"GE 48"" Fluorescent Tube, Cool White Energy Saver, 34 Watts, 30/Box",198.46,2,99.23,7,2014,7,50.0,Profit
CA-2014-108560,2014-07-09,2014-07-16,Jenna Caffey,Kent,Washington,Labels,"Dot Matrix Printer Tape Reel Labels, White, 5000/Box",786.48,8,385.3752,7,2014,7,49.0,Profit
CA-2014-108560,2014-07-09,2014-07-16,Jenna Caffey,Kent,Washington,Binders,"GBC White Gloss Covers, Plain Front",23.168,2,7.8192,7,2014,7,33.75,Profit
CA-2014-108560,2014-07-09,2014-07-16,Jenna Caffey,Kent,Washington,Accessories,Micro Innovations USB RF Wireless Keyboard with Mouse,50.0,2,10.5,7,2014,7,21.0,Profit
CA-2012-157084,2012-12-19,2012-12-24,James Galang,Los Angeles,California,Phones,ShoreTel ShorePhone IP 230 VoIP phone,675.96,5,84.495,5,2012,12,12.5,Profit
CA-2012-157084,2012-12-19,2012-12-24,James Galang,Los Angeles,California,Accessories,Plantronics Savi W720 Multi-Device Wireless Headset System,1265.85,3,556.974,5,2012,12,44.00000000000001,Profit
CA-2011-168984,2011-11-26,2011-12-02,Natalie Webber,Tigard,Oregon,Paper,Xerox 2,15.552,3,5.4432,6,2011,11,35.0,Profit
CA-2011-168984,2011-11-26,2011-12-02,Natalie Webber,Tigard,Oregon,Storage,Office Impressions Heavy Duty Welded Shelving & Multimedia Storage Drawers,669.08,5,-167.27,6,2011,11,-25.0,Loss
CA-2011-168984,2011-11-26,2011-12-02,Natalie Webber,Tigard,Oregon,Phones,Jawbone MINI JAMBOX Wireless Bluetooth Speaker,438.336,4,-87.6672,6,2011,11,-20.0,Loss
CA-2012-111829,2012-03-19,2012-03-20,Fred Hopkins,Seattle,Washington,Storage,Deluxe Rollaway Locking File with Drawer,1247.64,3,349.3392,1,2012,3,27.999999999999996,Profit
CA-2012-111829,2012-03-19,2012-03-20,Fred Hopkins,Seattle,Washington,Copiers,Canon PC940 Copier,3149.93,7,1480.4671,1,2012,3,47.0,Profit
CA-2012-111829,2012-03-19,2012-03-20,Fred Hopkins,Seattle,Washington,Paper,Multicolor Computer Printout Paper,209.7,2,100.656,1,2012,3,48.00000000000001,Profit
CA-2011-135699,2011-08-29,2011-08-29,Hilary Holden,San Francisco,California,Paper,Xerox 1940,109.92,2,53.8608,0,2011,8,49.0,Profit
CA-2011-135699,2011-08-29,2011-08-29,Hilary Holden,San Francisco,California,Paper,Xerox 1986,13.36,2,6.4128,0,2011,8,48.0,Profit
US-2014-132444,2014-11-19,2014-11-22,Christina DeMoss,Seattle,Washington,Storage,Eldon Portable Mobile Manager,169.68,6,45.8136,3,2014,11,27.0,Profit
US-2014-132444,2014-11-19,2014-11-22,Christina DeMoss,Seattle,Washington,Accessories,Imation 16GB Mini TravelDrive USB 2.0 Flash Drive,132.52,4,54.3332,3,2014,11,41.0,Profit
US-2014-132444,2014-11-19,2014-11-22,Christina DeMoss,Seattle,Washington,Fasteners,Binder Clips by OIC,2.96,2,1.4208,3,2014,11,48.00000000000001,Profit
US-2014-132444,2014-11-19,2014-11-22,Christina DeMoss,Seattle,Washington,Binders,"Wilson Jones 1"" Hanging DublLock Ring Binders",8.448,2,2.9568,3,2014,11,35.0,Profit
US-2014-132444,2014-11-19,2014-11-22,Christina DeMoss,Seattle,Washington,Storage,Fellowes Bankers Box Stor/Drawer Steel Plus,95.94,3,9.594,3,2014,11,10.0,Profit
CA-2014-161809,2014-01-21,2014-01-27,Thea Hendricks,Los Angeles,California,Phones,RCA Visys Integrated PBX 8-Line Router,160.776,3,10.0485,6,2014,1,6.25,Profit
CA-2014-127285,2014-10-31,2014-11-07,Michelle Moray,Seattle,Washington,Binders,"GBC Velobind Prepunched Cover Sets, Regency Series",88.752,3,27.735,7,2014,10,31.25,Profit
CA-2014-127285,2014-10-31,2014-11-07,Michelle Moray,Seattle,Washington,Binders,Cardinal Slant-D Ring Binders,13.904,2,5.214,7,2014,10,37.50000000000001,Profit
CA-2013-107615,2013-03-23,2013-03-26,Robert Barroso,North Las Vegas,Nevada,Accessories,Logitech ClearChat Comfort/USB Headset H390,58.58,2,19.3314,3,2013,3,32.99999999999999,Profit
CA-2013-122728,2013-05-19,2013-05-25,Eric Barreto,San Francisco,California,Storage,Home/Office Personal File Carts,104.28,3,26.07,6,2013,5,25.0,Profit
CA-2013-122728,2013-05-19,2013-05-25,Eric Barreto,San Francisco,California,Paper,Universal Premium White Copier/Laser Paper (20Lb. and 87 Bright),17.94,3,8.7906,6,2013,5,48.99999999999999,Profit
US-2013-101497,2013-09-30,2013-10-02,Pamela Stobb,Los Angeles,California,Paper,Xerox 1887,18.97,1,9.1056,2,2013,9,48.00000000000001,Profit
CA-2013-147585,2013-11-08,2013-11-13,Claudia Bergmann,San Francisco,California,Furnishings,"C-Line Magnetic Cubicle Keepers, Clear Polypropylene",14.82,3,6.2244,5,2013,11,42.0,Profit
CA-2012-148376,2012-12-27,2012-12-31,Arthur Gainer,Los Angeles,California,Appliances,Belkin F9G930V10-GRY 9 Outlet Surge,106.96,2,31.0184,4,2012,12,29.000000000000004,Profit
CA-2012-148376,2012-12-27,2012-12-31,Arthur Gainer,Los Angeles,California,Labels,Avery 497,21.56,7,10.3488,4,2012,12,48.00000000000001,Profit
CA-2011-135657,2011-06-03,2011-06-07,Steven Cartwright,Seattle,Washington,Tables,KI Adjustable-Height Table,515.88,6,113.4936,4,2011,6,22.0,Profit
CA-2011-139857,2011-02-03,2011-02-07,Cynthia Delaney,San Diego,California,Fasteners,Staples,12.35,5,5.8045,4,2011,2,47.0,Profit
CA-2013-106306,2013-03-09,2013-03-09,Patrick Gardner,Glendale,Arizona,Binders,"GBC Standard Recycled Report Covers, Clear Plastic Sheets",9.702,3,-7.1148,0,2013,3,-73.33333333333333,Loss
CA-2014-123491,2014-10-31,2014-11-06,Jamie Kunitz,San Francisco,California,Labels,Avery 500,43.86,6,20.6142,6,2014,10,47.0,Profit
CA-2014-123491,2014-10-31,2014-11-06,Jamie Kunitz,San Francisco,California,Phones,Geemarc AmpliPOWER60,148.48,2,16.704,6,2014,10,11.250000000000002,Profit
CA-2014-123491,2014-10-31,2014-11-06,Jamie Kunitz,San Francisco,California,Paper,"""While you Were Out"" Message Book, One Form per Page",7.42,2,3.71,6,2014,10,50.0,Profit
CA-2014-123491,2014-10-31,2014-11-06,Jamie Kunitz,San Francisco,California,Chairs,"Global Leather Task Chair, Black",71.992,1,-0.8999,6,2014,10,-1.25,Loss
CA-2014-123491,2014-10-31,2014-11-06,Jamie Kunitz,San Francisco,California,Art,4009 Highlighters by Sanford,19.9,5,6.567,6,2014,10,33.0,Profit
CA-2014-123491,2014-10-31,2014-11-06,Jamie Kunitz,San Francisco,California,Appliances,"Acco 7-Outlet Masterpiece Power Center, Wihtout Fax/Phone Line Protection",1702.12,14,510.636,6,2014,10,30.000000000000004,Profit
CA-2014-104003,2014-10-08,2014-10-14,Debra Catini,San Francisco,California,Bookcases,O'Sullivan Manor Hill 2-Door Library in Brianna Oak,307.666,2,-14.4784,6,2014,10,-4.705882352941177,Loss
CA-2012-130204,2012-09-03,2012-09-09,David Bremer,San Francisco,California,Storage,Sterilite Officeware Hinged File Box,31.44,3,8.4888,6,2012,9,26.999999999999996,Profit
CA-2012-130204,2012-09-03,2012-09-09,David Bremer,San Francisco,California,Accessories,Kingston Digital DataTraveler 16GB USB 2.0,17.9,2,3.401,6,2012,9,19.0,Profit
CA-2012-130204,2012-09-03,2012-09-09,David Bremer,San Francisco,California,Accessories,"TRENDnet 56K USB 2.0 Phone, Internet and Fax Modem",129.45,5,46.602,6,2012,9,36.0,Profit
CA-2011-110527,2011-08-09,2011-08-16,Emily Ducich,San Diego,California,Labels,Avery 494,20.88,8,9.6048,7,2011,8,46.0,Profit
CA-2014-168837,2014-10-15,2014-10-18,Joni Wasserman,Oakland,California,Furnishings,C-Line Cubicle Keepers Polyproplyene Holder With Velcro Backings,9.46,2,3.6894,3,2014,10,38.99999999999999,Profit
CA-2014-116715,2014-12-03,2014-12-06,Victoria Wilson,San Francisco,California,Storage,"Fellowes Mobile File Cart, Black",559.62,9,151.0974,3,2014,12,26.999999999999996,Profit
CA-2014-116715,2014-12-03,2014-12-06,Victoria Wilson,San Francisco,California,Paper,Xerox 1940,109.92,2,53.8608,3,2014,12,49.0,Profit
CA-2014-116715,2014-12-03,2014-12-06,Victoria Wilson,San Francisco,California,Paper,Xerox 1962,8.56,2,3.852,3,2014,12,44.99999999999999,Profit
CA-2012-130785,2012-09-05,2012-09-09,Arthur Gainer,San Diego,California,Bookcases,"Sauder Camden County Barrister Bookcase, Planked Cherry Finish",411.332,4,-4.8392,4,2012,9,-1.1764705882352942,Loss
CA-2012-130785,2012-09-05,2012-09-09,Arthur Gainer,San Diego,California,Binders,"DXL Angle-View Binders with Locking Rings, Black",28.752,6,9.7038,4,2012,9,33.75,Profit
CA-2012-130785,2012-09-05,2012-09-09,Arthur Gainer,San Diego,California,Bookcases,"Sauder Camden County Collection Libraries, Planked Cherry Finish",293.199,3,-20.6964,4,2012,9,-7.0588235294117645,Loss
CA-2012-105347,2012-11-24,2012-11-28,Darren Powers,Los Angeles,California,Paper,Xerox 1919,368.91,9,180.7659,4,2012,11,48.99999999999999,Profit
CA-2012-105347,2012-11-24,2012-11-28,Darren Powers,Los Angeles,California,Art,Prang Colored Pencils,14.7,5,6.615,4,2012,11,45.0,Profit
CA-2013-100965,2013-07-08,2013-07-12,Raymond Messe,San Jose,California,Furnishings,"Howard Miller 11-1/2"" Diameter Grantwood Wall Clock",215.65,5,73.321,4,2013,7,34.0,Profit
CA-2013-149461,2013-11-14,2013-11-20,Adrian Shami,Auburn,Washington,Furnishings,"Eldon Image Series Desk Accessories, Burgundy",4.18,1,1.5048,6,2013,11,36.0,Profit
US-2013-116729,2013-12-26,2013-12-29,Grace Kelly,Los Angeles,California,Phones,Samsung Galaxy Note 2,2575.944,7,257.5944,3,2013,12,10.0,Profit
US-2013-116729,2013-12-26,2013-12-29,Grace Kelly,Los Angeles,California,Paper,Xerox 225,45.36,7,21.7728,3,2013,12,48.0,Profit
US-2013-116729,2013-12-26,2013-12-29,Grace Kelly,Los Angeles,California,Accessories,SanDisk Cruzer 64 GB USB Flash Drive,254.24,7,76.272,3,2013,12,30.0,Profit
CA-2012-131597,2012-09-14,2012-09-18,Stefania Perrino,Los Angeles,California,Tables,KI Conference Tables,170.136,3,-8.5068,4,2012,9,-5.0,Loss
CA-2012-164833,2012-06-04,2012-06-04,Lauren Leatherbury,Seattle,Washington,Labels,Avery 501,7.38,2,3.4686,0,2012,6,47.0,Profit
CA-2012-164833,2012-06-04,2012-06-04,Lauren Leatherbury,Seattle,Washington,Art,"Binney & Smith Crayola Metallic Colored Pencils, 8-Color Set",9.26,2,3.0558,0,2012,6,33.0,Profit
CA-2012-125423,2012-12-13,2012-12-15,Matt Collins,Los Angeles,California,Labels,Avery 513,9.96,2,4.5816,2,2012,12,46.0,Profit
CA-2013-167507,2013-12-23,2013-12-29,Sue Ann Reed,Redmond,Oregon,Binders,"Avery 3 1/2"" Diskette Storage Pages, 10/Pack",31.32,10,-25.056,6,2013,12,-80.0,Loss
CA-2013-167507,2013-12-23,2013-12-29,Sue Ann Reed,Redmond,Oregon,Furnishings,3M Hangers With Command Adhesive,11.84,4,3.108,6,2013,12,26.25,Profit
CA-2013-167507,2013-12-23,2013-12-29,Sue Ann Reed,Redmond,Oregon,Furnishings,"Seth Thomas 14"" Day/Date Wall Clock",22.784,1,4.8416,6,2013,12,21.25,Profit
US-2014-113852,2014-07-30,2014-08-03,Giulietta Weimer,Seattle,Washington,Accessories,Imation 8GB Mini TravelDrive USB 2.0 Flash Drive,90.57,3,11.7741,4,2014,7,13.0,Profit
CA-2014-128370,2014-09-11,2014-09-11,Frank Hawley,Los Angeles,California,Chairs,DMI Arturo Collection Mission-style Design Wood Chair,362.352,3,27.1764,0,2014,9,7.500000000000001,Profit
CA-2014-128370,2014-09-11,2014-09-11,Frank Hawley,Los Angeles,California,Binders,Avery Non-Stick Binders,7.184,2,2.245,0,2014,9,31.25,Profit
CA-2011-114643,2011-06-13,2011-06-17,Filia McAdams,Los Angeles,California,Art,Staples,14.52,3,4.7916,4,2011,6,33.0,Profit
US-2013-100839,2013-10-14,2013-10-18,Noah Childs,Aurora,Colorado,Tables,Hon 5100 Series Wood Tables,727.45,5,-465.568,4,2013,10,-63.99999999999999,Loss
US-2013-100839,2013-10-14,2013-10-18,Noah Childs,Aurora,Colorado,Furnishings,"Executive Impressions 8-1/2"" Career Panel/Partition Cubicle Clock",24.96,3,4.368,4,2013,10,17.5,Profit
CA-2014-118857,2014-04-16,2014-04-19,Adam Hart,Henderson,Nevada,Furnishings,"Howard Miller 12"" Round Wall Clock",196.45,5,70.722,3,2014,4,36.0,Profit
CA-2013-148201,2013-08-27,2013-08-30,Charles Crestani,Seattle,Washington,Paper,Xerox 1931,6.48,1,3.1104,3,2013,8,47.99999999999999,Profit
CA-2011-116932,2011-07-21,2011-07-25,Michelle Ellison,San Francisco,California,Art,Newell 334,99.2,5,25.792,4,2011,7,26.0,Profit
CA-2011-116932,2011-07-21,2011-07-25,Michelle Ellison,San Francisco,California,Chairs,Global Troy Executive Leather Low-Back Tilter,801.568,2,50.098,4,2011,7,6.25,Profit
CA-2011-116932,2011-07-21,2011-07-25,Michelle Ellison,San Francisco,California,Tables,"Hon 30"" x 60"" Table with Locking Drawer",272.848,1,27.2848,4,2011,7,10.0,Profit
CA-2014-142888,2014-11-22,2014-11-26,Benjamin Patterson,Spokane,Washington,Tables,Safco Drafting Table,70.98,1,20.5842,4,2014,11,28.999999999999996,Profit
CA-2014-118885,2014-12-30,2015-01-03,James Galang,Los Angeles,California,Chairs,"Global High-Back Leather Tilter, Burgundy",393.568,4,-44.2764,4,2014,12,-11.250000000000002,Loss
CA-2014-118885,2014-12-30,2015-01-03,James Galang,Los Angeles,California,Phones,Adtran 1202752G1,302.376,3,22.6782,4,2014,12,7.500000000000001,Profit
CA-2013-147578,2013-04-23,2013-04-27,Paul Gonzalez,San Francisco,California,Furnishings,Ultra Door Pull Handle,31.56,3,10.4148,4,2013,4,33.0,Profit
CA-2011-157623,2011-03-14,2011-03-18,Dean Katz,Huntington Beach,California,Paper,Xerox 1972,10.56,2,4.752,4,2011,3,44.99999999999999,Profit
CA-2011-157623,2011-03-14,2011-03-18,Dean Katz,Huntington Beach,California,Art,Avery Hi-Liter Fluorescent Desk Style Markers,3.38,1,1.2506,4,2011,3,37.0,Profit
CA-2013-100083,2013-11-25,2013-11-30,Carol Darley,Medford,Oregon,Paper,"IBM Multi-Purpose Copy Paper, 8 1/2 x 11"", Case",24.784,1,7.745,5,2013,11,31.25,Profit
CA-2012-109197,2012-12-31,2013-01-04,Jas O'Carroll,Missoula,Montana,Binders,Ibico Hi-Tech Manual Binding System,487.984,2,152.495,4,2012,12,31.25,Profit
CA-2014-167094,2014-10-22,2014-10-23,Damala Kotsonis,Springfield,Oregon,Paper,Xerox 218,5.184,1,1.8144,1,2014,10,35.0,Profit
CA-2014-167094,2014-10-22,2014-10-23,Damala Kotsonis,Springfield,Oregon,Chairs,Global Comet Stacking Armless Chair,478.48,2,47.848,1,2014,10,10.0,Profit
CA-2014-167094,2014-10-22,2014-10-23,Damala Kotsonis,Springfield,Oregon,Accessories,Memorex Froggy Flash Drive 8 GB,28.4,2,6.745,1,2014,10,23.75,Profit
CA-2012-157959,2012-02-03,2012-02-04,Rick Wilson,Los Angeles,California,Furnishings,Hand-Finished Solid Wood Document Frame,136.92,4,41.076,1,2012,2,30.000000000000004,Profit
CA-2013-105963,2013-11-16,2013-11-23,Stewart Carmichael,Los Angeles,California,Accessories,Imation 16GB Mini TravelDrive USB 2.0 Flash Drive,99.39,3,40.7499,7,2013,11,41.0,Profit
CA-2014-126865,2014-12-06,2014-12-08,Naresj Patel,San Diego,California,Paper,Xerox 1960,92.94,3,41.823,2,2014,12,45.0,Profit
CA-2014-102834,2014-03-10,2014-03-14,Lindsay Williams,San Francisco,California,Accessories,Logitech Wireless Headset h800,199.98,2,69.993,4,2014,3,35.0,Profit
US-2013-139710,2013-06-10,2013-06-16,Greg Matthias,Los Angeles,California,Phones,Avaya 4621SW VoIP phone,177.48,3,19.9665,6,2013,6,11.25,Profit
CA-2014-121538,2014-11-29,2014-12-02,Rick Hansen,Denver,Colorado,Paper,"Eaton Premium Continuous-Feed Paper, 25% Cotton, Letter Size, White, 1000 Shts/Box",88.768,2,31.0688,3,2014,11,35.0,Profit
US-2014-101539,2014-03-17,2014-03-19,Valerie Mitchum,Seattle,Washington,Paper,Xerox 214,6.48,1,3.1104,2,2014,3,47.99999999999999,Profit
US-2014-101539,2014-03-17,2014-03-19,Valerie Mitchum,Seattle,Washington,Storage,Safco Commercial Shelving,46.51,1,1.8604,2,2014,3,4.0,Profit
US-2014-101539,2014-03-17,2014-03-19,Valerie Mitchum,Seattle,Washington,Phones,Mitel MiVoice 5330e IP Phone,659.976,3,49.4982,2,2014,3,7.5,Profit
CA-2013-152121,2013-11-28,2013-11-30,Craig Carreira,Scottsdale,Arizona,Phones,Motorola Moto X,271.992,1,23.7993,2,2013,11,8.75,Profit
CA-2014-101245,2014-11-28,2014-12-04,Lindsay Williams,San Francisco,California,Paper,Tops White Computer Printout Paper,244.55,5,114.9385,6,2014,11,47.0,Profit
CA-2014-101245,2014-11-28,2014-12-04,Lindsay Williams,San Francisco,California,Accessories,Enermax Briskie RF Wireless Keyboard and Mouse Combo,166.16,8,59.8176,6,2014,11,36.0,Profit
CA-2012-141768,2012-05-25,2012-05-27,Nora Pelletier,San Francisco,California,Furnishings,Ultra Door Push Plate,14.73,3,4.8609,2,2012,5,33.0,Profit
CA-2013-112109,2013-07-09,2013-07-13,Joe Elijah,Broomfield,Colorado,Binders,GBC Twin Loop Wire Binding Elements,19.968,2,-13.312,4,2013,7,-66.66666666666666,Loss
CA-2013-112109,2013-07-09,2013-07-13,Joe Elijah,Broomfield,Colorado,Storage,"Perma STOR-ALL Hanging File Box, 13 1/8""W x 12 1/4""D x 10 1/2""H",33.488,7,-1.2558,4,2013,7,-3.75,Loss
CA-2013-112109,2013-07-09,2013-07-13,Joe Elijah,Broomfield,Colorado,Binders,Wilson Jones Active Use Binders,8.736,4,-6.1152,4,2013,7,-70.0,Loss
CA-2013-112109,2013-07-09,2013-07-13,Joe Elijah,Broomfield,Colorado,Chairs,SAFCO Arco Folding Chair,662.88,3,74.574,4,2013,7,11.25,Profit
CA-2012-109939,2012-05-08,2012-05-12,Allen Armold,Salem,Oregon,Art,Newell 321,5.248,2,0.5904,4,2012,5,11.25,Profit
CA-2013-112669,2013-04-15,2013-04-15,Kean Takahito,Glendale,Arizona,Chairs,Hon 4070 Series Pagoda Armless Upholstered Stacking Chairs,933.536,4,105.0228,0,2013,4,11.250000000000002,Profit
CA-2013-112669,2013-04-15,2013-04-15,Kean Takahito,Glendale,Arizona,Storage,"Fellowes Personal Hanging Folder Files, Navy",42.976,4,4.2976,0,2013,4,10.0,Profit
CA-2011-164721,2011-11-25,2011-11-27,Laurel Workman,Brentwood,California,Appliances,Belkin F9G930V10-GRY 9 Outlet Surge,320.88,6,93.0552,2,2011,11,28.999999999999996,Profit
CA-2011-164721,2011-11-25,2011-11-27,Laurel Workman,Brentwood,California,Furnishings,Staples,23.88,3,10.5072,2,2011,11,44.0,Profit
CA-2011-164721,2011-11-25,2011-11-27,Laurel Workman,Brentwood,California,Paper,"Wirebound Message Books, Four 2 3/4 x 5 White Forms per Page",26.76,4,12.3096,2,2011,11,46.0,Profit
CA-2014-133648,2014-06-26,2014-07-03,Max Ludwig,Springfield,Oregon,Labels,Alphabetical Labels for Top Tab Filing,71.04,6,26.64,7,2014,6,37.5,Profit
CA-2014-133648,2014-06-26,2014-07-03,Max Ludwig,Springfield,Oregon,Art,"Eldon Spacemaker Box, Quick-Snap Lid, Clear",5.344,2,0.7348,7,2014,6,13.749999999999998,Profit
CA-2014-133648,2014-06-26,2014-07-03,Max Ludwig,Springfield,Oregon,Fasteners,Plymouth Boxed Rubber Bands by Plymouth,11.304,3,-2.1195,7,2014,6,-18.75,Loss
CA-2014-166128,2014-04-12,2014-04-19,Luke Weiss,Pasadena,California,Accessories,SanDisk Ultra 64 GB MicroSDHC Class 10 Memory Card,199.95,5,21.9945,7,2014,4,11.0,Profit
CA-2014-166128,2014-04-12,2014-04-19,Luke Weiss,Pasadena,California,Art,"Dixon Ticonderoga Erasable Colored Pencil Set, 12-Color",41.86,7,14.2324,7,2014,4,34.0,Profit
CA-2012-113110,2012-03-19,2012-03-23,Berenike Kampe,San Bernardino,California,Binders,GBC Imprintable Covers,17.568,2,6.3684,4,2012,3,36.25,Profit
CA-2012-113110,2012-03-19,2012-03-23,Berenike Kampe,San Bernardino,California,Labels,Self-Adhesive Address Labels for Typewriters by Universal,14.62,2,6.8714,4,2012,3,47.0,Profit
CA-2012-113110,2012-03-19,2012-03-23,Berenike Kampe,San Bernardino,California,Supplies,Acme Elite Stainless Steel Scissors,33.36,4,8.6736,4,2012,3,26.0,Profit
CA-2012-113110,2012-03-19,2012-03-23,Berenike Kampe,San Bernardino,California,Paper,"Wirebound Message Books, 5-1/2 x 4 Forms, 2 or 4 Forms per Page",40.14,6,19.6686,4,2012,3,49.00000000000001,Profit
US-2014-111241,2014-08-21,2014-08-23,Gene McClure,Fresno,California,Binders,GBC Recycled Regency Composition Covers,239.12,5,77.714,2,2014,8,32.5,Profit
CA-2012-114237,2012-03-13,2012-03-15,Marc Crier,Seattle,Washington,Bookcases,"Safco Value Mate Series Steel Bookcases, Baked Enamel Finish on Steel, Gray",141.96,2,39.7488,2,2012,3,28.000000000000004,Profit
CA-2013-113516,2013-09-09,2013-09-11,Valerie Mitchum,Lancaster,California,Binders,"Square Ring Data Binders, Rigid 75 Pt. Covers, 11"" x 14-7/8""",33.024,2,11.5584,2,2013,9,35.0,Profit
CA-2013-113516,2013-09-09,2013-09-11,Valerie Mitchum,Lancaster,California,Binders,Premium Transparent Presentation Covers by GBC,67.136,4,23.4976,2,2013,9,35.0,Profit
CA-2012-119214,2012-01-23,2012-01-27,Carl Weiss,Bozeman,Montana,Paper,"Wirebound Service Call Books, 5 1/2"" x 4""",29.04,3,13.9392,4,2012,1,48.0,Profit
CA-2012-119214,2012-01-23,2012-01-27,Carl Weiss,Bozeman,Montana,Labels,Avery 500,14.62,2,6.8714,4,2012,1,47.0,Profit
CA-2012-122287,2012-06-18,2012-06-23,Skye Norling,Peoria,Arizona,Paper,Xerox 1922,11.952,3,4.3326,5,2012,6,36.25000000000001,Profit
CA-2012-122287,2012-06-18,2012-06-23,Skye Norling,Peoria,Arizona,Binders,Peel & Stick Add-On Corner Pockets,4.536,7,-3.3264,5,2012,6,-73.33333333333334,Loss
CA-2012-122287,2012-06-18,2012-06-23,Skye Norling,Peoria,Arizona,Binders,Aluminum Screw Posts,9.156,2,-6.104,5,2012,6,-66.66666666666666,Loss
CA-2012-122287,2012-06-18,2012-06-23,Skye Norling,Peoria,Arizona,Furnishings,Flat Face Poster Frame,75.36,5,20.724,5,2012,6,27.500000000000004,Profit
CA-2012-104493,2012-10-02,2012-10-08,Ed Braxton,San Diego,California,Binders,GBC Personal VeloBind Strips,57.504,6,20.1264,6,2012,10,35.0,Profit
CA-2011-106439,2011-10-31,2011-11-04,Greg Guthrie,Los Angeles,California,Fasteners,Staples,11.34,3,5.2164,4,2011,10,46.0,Profit
CA-2011-106439,2011-10-31,2011-11-04,Greg Guthrie,Los Angeles,California,Storage,"Letter/Legal File Tote with Clear Snap-On Lid, Black Granite",80.3,5,20.878,4,2011,10,26.0,Profit
CA-2011-106439,2011-10-31,2011-11-04,Greg Guthrie,Los Angeles,California,Binders,"Avery Framed View Binder, EZD Ring (Locking), Navy, 1 1/2""",15.968,2,5.3892,4,2011,10,33.75,Profit
CA-2011-106439,2011-10-31,2011-11-04,Greg Guthrie,Los Angeles,California,Paper,Xerox 1952,64.74,13,30.4278,4,2011,10,47.00000000000001,Profit
CA-2011-106439,2011-10-31,2011-11-04,Greg Guthrie,Los Angeles,California,Binders,"Fellowes Twister Kit, Gray/Clear, 3/pkg",19.296,3,6.03,4,2011,10,31.25,Profit
CA-2011-106439,2011-10-31,2011-11-04,Greg Guthrie,Los Angeles,California,Storage,Tennsco Regal Shelving Units,405.64,4,12.1692,4,2011,10,3.0000000000000004,Profit
CA-2011-106439,2011-10-31,2011-11-04,Greg Guthrie,Los Angeles,California,Chairs,Novimex Fabric Task Chair,146.352,3,-9.147,4,2011,10,-6.25,Loss
CA-2011-106439,2011-10-31,2011-11-04,Greg Guthrie,Los Angeles,California,Accessories,Maxell LTO Ultrium - 800 GB,251.91,9,47.8629,4,2011,10,19.0,Profit
CA-2011-106439,2011-10-31,2011-11-04,Greg Guthrie,Los Angeles,California,Art,Newell 325,12.39,3,3.717,4,2011,10,30.0,Profit
CA-2012-133452,2012-04-13,2012-04-19,Zuschuss Carroll,Pomona,California,Accessories,Plantronics Audio 478 Stereo USB Headset,199.96,4,69.986,6,2012,4,35.0,Profit
CA-2012-133452,2012-04-13,2012-04-19,Zuschuss Carroll,Pomona,California,Tables,Hon 94000 Series Round Tables,710.832,3,-97.7394,6,2012,4,-13.750000000000002,Loss
US-2014-110996,2014-11-21,2014-11-26,Kelly Andreada,Ontario,California,Chairs,Novimex High-Tech Fabric Mesh Task Chair,283.92,5,-46.137,5,2014,11,-16.25,Loss
CA-2013-129693,2013-11-27,2013-12-03,Tamara Chand,Seattle,Washington,Binders,Newell 3-Hole Punched Plastic Slotted Magazine Holders for Binders,7.312,2,2.5592,6,2013,11,35.0,Profit
CA-2014-122504,2014-11-08,2014-11-13,Deborah Brumfield,Brentwood,California,Accessories,Anker Ultra-Slim Mini Bluetooth 3.0 Wireless Keyboard,59.97,3,13.7931,5,2014,11,23.0,Profit
CA-2014-122504,2014-11-08,2014-11-13,Deborah Brumfield,Brentwood,California,Phones,"Plantronics CS 50-USB - headset - Convertible, Monaural",761.544,7,66.6351,5,2014,11,8.75,Profit
CA-2011-131051,2011-12-01,2011-12-05,Toby Ritter,San Francisco,California,Furnishings,"Floodlight Indoor Halogen Bulbs, 1 Bulb per Pack, 60 Watts",58.2,3,28.518,4,2011,12,49.0,Profit
CA-2012-120103,2012-12-24,2012-12-29,Maribeth Schnelling,Phoenix,Arizona,Paper,Computer Printout Paper with Letter-Trim Perforations,106.232,7,37.1812,5,2012,12,35.0,Profit
CA-2012-120103,2012-12-24,2012-12-29,Maribeth Schnelling,Phoenix,Arizona,Phones,ClearSounds CSC500 Amplified Spirit Phone Corded phone,111.984,2,11.1984,5,2012,12,10.0,Profit
CA-2012-120103,2012-12-24,2012-12-29,Maribeth Schnelling,Phoenix,Arizona,Furnishings,Magna Visual Magnetic Picture Hangers,7.712,2,1.7352,5,2012,12,22.5,Profit
CA-2014-104647,2014-02-24,2014-03-02,Clytie Kelty,Los Angeles,California,Paper,"Ampad Phone Message Book, Recycled, 400 Message Capacity, 5 ¾” x 11”",37.44,6,16.848,6,2014,2,45.0,Profit
CA-2012-139290,2012-10-26,2012-10-30,Maribeth Yedwab,Rancho Cucamonga,California,Labels,Avery 507,5.76,2,2.6496,4,2012,10,46.0,Profit
CA-2012-149678,2012-04-13,2012-04-15,Anthony Witt,Farmington,New Mexico,Supplies,Martin-Yale Premier Letter Opener,12.88,1,0.3864,2,2012,4,3.0,Profit
CA-2014-124401,2014-09-08,2014-09-13,Ruben Dartt,Portland,Oregon,Storage,Hanging Personal Folder File,37.68,3,2.355,5,2014,9,6.25,Profit
CA-2014-124401,2014-09-08,2014-09-13,Ruben Dartt,Portland,Oregon,Accessories,Logitech Wireless Marathon Mouse M705,279.944,7,80.4839,5,2014,9,28.749999999999996,Profit
US-2011-140116,2011-03-10,2011-03-17,Kean Thornton,Denver,Colorado,Storage,Tennsco 6- and 18-Compartment Lockers,636.408,3,-15.9102,7,2011,3,-2.5,Loss
US-2011-140116,2011-03-10,2011-03-17,Kean Thornton,Denver,Colorado,Art,"BOSTON Ranger #55 Pencil Sharpener, Black",83.168,4,9.3564,7,2011,3,11.25,Profit
CA-2011-123295,2011-07-18,2011-07-18,Adrian Hane,Tucson,Arizona,Chairs,Office Star - Ergonomically Designed Knee Chair,259.136,4,-25.9136,0,2011,7,-10.0,Loss
CA-2012-164882,2012-10-31,2012-10-31,Sandra Glassco,Redlands,California,Paper,Xerox 191,19.98,1,9.3906,0,2012,10,47.0,Profit
CA-2012-164882,2012-10-31,2012-10-31,Sandra Glassco,Redlands,California,Binders,GBC DocuBind P100 Manual Binding Machine,398.352,3,124.485,0,2012,10,31.25,Profit
CA-2012-164882,2012-10-31,2012-10-31,Sandra Glassco,Redlands,California,Art,Newell 308,5.04,3,1.26,0,2012,10,25.0,Profit
CA-2012-164882,2012-10-31,2012-10-31,Sandra Glassco,Redlands,California,Fasteners,OIC Bulk Pack Metal Binder Clips,17.45,5,8.027,0,2012,10,46.0,Profit
CA-2012-164882,2012-10-31,2012-10-31,Sandra Glassco,Redlands,California,Chairs,"Global Fabric Manager's Chair, Dark Gray",323.136,4,20.196,0,2012,10,6.25,Profit
CA-2012-164882,2012-10-31,2012-10-31,Sandra Glassco,Redlands,California,Supplies,Acme Tagit Stainless Steel Antibacterial Scissors,29.7,3,8.019,0,2012,10,27.0,Profit
CA-2012-164882,2012-10-31,2012-10-31,Sandra Glassco,Redlands,California,Phones,Polycom SoundStation2 EX Conference phone,1295.84,4,145.782,0,2012,10,11.250000000000002,Profit
CA-2012-164882,2012-10-31,2012-10-31,Sandra Glassco,Redlands,California,Storage,Mobile Personal File Cube,46.84,2,12.6468,0,2012,10,27.0,Profit
CA-2012-164882,2012-10-31,2012-10-31,Sandra Glassco,Redlands,California,Bookcases,DMI Eclipse Executive Suite Bookcases,425.833,1,20.0392,0,2012,10,4.705882352941177,Profit
CA-2013-130267,2013-09-20,2013-09-24,Scot Wooten,Stockton,California,Paper,"Xerox Color Copier Paper, 11"" x 17"", Ream",159.88,7,73.5448,4,2013,9,46.0,Profit
CA-2014-155460,2014-04-14,2014-04-16,Rob Williams,Seattle,Washington,Paper,Xerox 4200 Series MultiUse Premium Copy Paper (20Lb. and 84 Bright),5.28,1,2.376,2,2014,4,44.99999999999999,Profit
CA-2014-155460,2014-04-14,2014-04-16,Rob Williams,Seattle,Washington,Binders,GBC DocuBind TL200 Manual Binding Machine,895.92,5,302.373,2,2014,4,33.75,Profit
CA-2014-158246,2014-11-10,2014-11-12,Jennifer Braxton,Sunnyvale,California,Chairs,"Global Leather Task Chair, Black",215.976,3,-2.6997,2,2014,11,-1.25,Loss
CA-2011-141607,2011-12-12,2011-12-17,William Brown,Concord,California,Furnishings,Eldon Advantage Chair Mats for Low to Medium Pile Carpets,43.31,1,4.331,5,2011,12,10.0,Profit
CA-2013-111115,2013-07-26,2013-07-28,Larry Blacks,Los Angeles,California,Fasteners,OIC Binder Clips,21.48,6,10.74,2,2013,7,50.0,Profit
CA-2013-101938,2013-01-07,2013-01-12,Dianna Wilson,Oakland,California,Art,Panasonic KP-350BK Electric Pencil Sharpener with Auto Stop,34.58,1,10.0282,5,2013,1,29.000000000000004,Profit
CA-2014-166296,2014-03-14,2014-03-20,Karen Ferguson,Manteca,California,Paper,Multicolor Computer Printout Paper,314.55,3,150.984,6,2014,3,48.00000000000001,Profit
CA-2011-152296,2011-08-01,2011-08-03,Ivan Liston,San Francisco,California,Binders,Wilson Jones data.warehouse D-Ring Binders with DublLock,19.752,3,6.9132,2,2011,8,35.0,Profit
CA-2013-125738,2013-10-16,2013-10-22,Patrick Bzostek,Salt Lake City,Utah,Paper,Xerox 1982,45.68,2,21.0128,6,2013,10,46.0,Profit
CA-2013-125738,2013-10-16,2013-10-22,Patrick Bzostek,Salt Lake City,Utah,Paper,Xerox 1986,60.12,9,28.8576,6,2013,10,48.00000000000001,Profit
CA-2013-125738,2013-10-16,2013-10-22,Patrick Bzostek,Salt Lake City,Utah,Binders,"Acco Data Flex Cable Posts For Top & Bottom Load Binders, 6"" Capacity",41.72,5,13.0375,6,2013,10,31.25,Profit
CA-2013-125738,2013-10-16,2013-10-22,Patrick Bzostek,Salt Lake City,Utah,Paper,"Recycled Desk Saver Line ""While You Were Out"" Book, 5 1/2"" X 4""",71.6,8,32.936,6,2013,10,46.0,Profit
CA-2014-124576,2014-08-02,2014-08-05,Heather Kirkland,Salinas,California,Binders,GBC Prestige Therm-A-Bind Covers,54.896,2,18.5274,3,2014,8,33.75,Profit
CA-2013-118913,2013-06-26,2013-06-30,Alan Shonely,Los Angeles,California,Appliances,Fellowes Mighty 8 Compact Surge Protector,60.81,3,17.0268,4,2013,6,28.000000000000004,Profit
CA-2013-128412,2013-12-11,2013-12-18,Arthur Prichep,Seattle,Washington,Binders,GBC DocuBind P50 Personal Binding Machine,153.552,3,51.8238,7,2013,12,33.75,Profit
CA-2013-128412,2013-12-11,2013-12-18,Arthur Prichep,Seattle,Washington,Appliances,Holmes HEPA Air Purifier,65.34,3,22.869,7,2013,12,35.0,Profit
CA-2013-128412,2013-12-11,2013-12-18,Arthur Prichep,Seattle,Washington,Paper,Xerox 1988,123.92,4,55.764,7,2013,12,45.0,Profit
CA-2013-128412,2013-12-11,2013-12-18,Arthur Prichep,Seattle,Washington,Appliances,Harmony HEPA Quiet Air Purifiers,35.1,3,12.285,7,2013,12,35.0,Profit
CA-2013-128412,2013-12-11,2013-12-18,Arthur Prichep,Seattle,Washington,Accessories,Kingston Digital DataTraveler 16GB USB 2.0,44.75,5,8.5025,7,2013,12,19.0,Profit
CA-2012-138002,2012-09-06,2012-09-12,Beth Thompson,Seattle,Washington,Binders,Acco Hanging Data Binders,6.096,2,2.1336,6,2012,9,35.0,Profit
CA-2012-138002,2012-09-06,2012-09-12,Beth Thompson,Seattle,Washington,Furnishings,"Howard Miller 16"" Diameter Gallery Wall Clock",191.82,3,74.8098,6,2012,9,39.0,Profit
CA-2014-129378,2014-10-02,2014-10-03,Neola Schneider,San Jose,California,Binders,Wilson Jones Easy Flow II Sheet Lifters,1.44,1,0.504,1,2014,10,35.0,Profit
CA-2014-129378,2014-10-02,2014-10-03,Neola Schneider,San Jose,California,Binders,Storex Dura Pro Binders,61.776,13,20.8494,1,2014,10,33.75,Profit
CA-2014-129378,2014-10-02,2014-10-03,Neola Schneider,San Jose,California,Appliances,"Belkin 325VA UPS Surge Protector, 6'",241.96,2,60.49,1,2014,10,25.0,Profit
CA-2014-129378,2014-10-02,2014-10-03,Neola Schneider,San Jose,California,Chairs,"Metal Folding Chairs, Beige, 4/Carton",108.608,4,9.5032,1,2014,10,8.75,Profit
CA-2014-130841,2014-07-29,2014-08-02,Matt Hagelstein,San Francisco,California,Binders,Zipper Ring Binder Pockets,9.984,4,3.6192,4,2014,7,36.25000000000001,Profit
CA-2014-130841,2014-07-29,2014-08-02,Matt Hagelstein,San Francisco,California,Storage,Super Decoflex Portable Personal File,14.98,1,4.1944,4,2014,7,27.999999999999996,Profit
CA-2014-130841,2014-07-29,2014-08-02,Matt Hagelstein,San Francisco,California,Phones,Wilson Electronics DB Pro Signal Booster,1145.6,4,100.24,4,2014,7,8.75,Profit
CA-2013-106383,2013-03-20,2013-03-22,Bobby Trafton,Littleton,Colorado,Bookcases,"Atlantic Metals Mobile 2-Shelf Bookcases, Custom Colors",72.294,1,-98.8018,2,2013,3,-136.66666666666666,Loss
CA-2011-128055,2011-03-31,2011-04-05,Alex Avila,San Francisco,California,Binders,GBC DocuBind 200 Manual Binding Machine,673.568,2,252.588,5,2011,3,37.5,Profit
CA-2011-128055,2011-03-31,2011-04-05,Alex Avila,San Francisco,California,Appliances,Fellowes Advanced Computer Series Surge Protectors,52.98,2,14.8344,5,2011,3,28.000000000000004,Profit
CA-2012-123232,2012-12-14,2012-12-16,Doug Jacobs,Portland,Oregon,Phones,HTC One,319.968,4,35.9964,2,2012,12,11.25,Profit
CA-2013-122322,2013-07-16,2013-07-22,Rick Huthwaite,Provo,Utah,Supplies,Fiskars Home & Office Scissors,44.4,5,12.432,6,2013,7,28.000000000000004,Profit
CA-2013-146633,2013-11-16,2013-11-18,Toby Gnade,Los Angeles,California,Binders,Fellowes PB500 Electric Punch Plastic Comb Binding Machine with Manual Bind,1016.792,1,381.297,2,2013,11,37.5,Profit
CA-2013-146633,2013-11-16,2013-11-18,Toby Gnade,Los Angeles,California,Binders,Avery Self-Adhesive Photo Pockets for Polaroid Photos,38.136,7,13.3476,2,2013,11,35.0,Profit
CA-2014-103380,2014-11-22,2014-11-26,Barry Franz,Pasadena,California,Storage,Eldon Portable Mobile Manager,56.56,2,15.2712,4,2014,11,27.0,Profit
CA-2014-103380,2014-11-22,2014-11-26,Barry Franz,Pasadena,California,Art,Newell 344,5.56,2,1.4456,4,2014,11,26.0,Profit
CA-2014-103380,2014-11-22,2014-11-26,Barry Franz,Pasadena,California,Fasteners,Advantus T-Pin Paper Clips,9.02,2,3.5178,4,2014,11,39.0,Profit
CA-2014-103380,2014-11-22,2014-11-26,Barry Franz,Pasadena,California,Appliances,"Acco Six-Outlet Power Strip, 4' Cord Length",8.62,1,2.2412,4,2014,11,26.0,Profit
CA-2014-103380,2014-11-22,2014-11-26,Barry Franz,Pasadena,California,Phones,Mitel MiVoice 5330e IP Phone,659.976,3,49.4982,4,2014,11,7.5,Profit
CA-2012-116092,2012-02-15,2012-02-18,Justin MacKendrick,Los Angeles,California,Paper,Xerox 1959,13.36,2,6.4128,3,2012,2,48.0,Profit
CA-2012-116092,2012-02-15,2012-02-18,Justin MacKendrick,Los Angeles,California,Binders,"Acco Data Flex Cable Posts For Top & Bottom Load Binders, 6"" Capacity",41.72,5,13.0375,3,2012,2,31.25,Profit
CA-2012-116092,2012-02-15,2012-02-18,Justin MacKendrick,Los Angeles,California,Binders,Avery Durable Binders,11.52,5,4.176,3,2012,2,36.25000000000001,Profit
CA-2012-116092,2012-02-15,2012-02-18,Justin MacKendrick,Los Angeles,California,Appliances,Kensington 6 Outlet MasterPiece HOMEOFFICE Power Control Center,541.44,6,157.0176,3,2012,2,28.999999999999993,Profit
CA-2012-116092,2012-02-15,2012-02-18,Justin MacKendrick,Los Angeles,California,Paper,Xerox 22,19.44,3,9.3312,3,2012,2,48.00000000000001,Profit
CA-2013-117849,2013-04-16,2013-04-18,Julie Kriz,San Diego,California,Paper,Xerox 1911,143.7,3,68.976,2,2013,4,48.00000000000001,Profit
CA-2012-169201,2012-09-28,2012-10-01,Henry Goldwyn,San Francisco,California,Appliances,Holmes Odor Grabber,43.26,3,14.2758,3,2012,9,33.0,Profit
CA-2012-169201,2012-09-28,2012-10-01,Henry Goldwyn,San Francisco,California,Appliances,Holmes HEPA Air Purifier,43.56,2,15.246,3,2012,9,35.0,Profit
CA-2014-105214,2014-06-17,2014-06-20,Troy Staebel,San Francisco,California,Chairs,Hon Multipurpose Stacking Arm Chairs,1212.96,7,90.972,3,2014,6,7.5,Profit
CA-2014-105214,2014-06-17,2014-06-20,Troy Staebel,San Francisco,California,Paper,"Wirebound Message Books, Four 2 3/4"" x 5"" Forms per Page, 600 Sets per Book",18.54,2,8.7138,3,2014,6,47.00000000000001,Profit
CA-2012-117611,2012-11-08,2012-11-10,Maria Zettner,San Diego,California,Fasteners,Advantus Plastic Paper Clips,5.0,1,2.4,2,2012,11,48.0,Profit
CA-2012-117611,2012-11-08,2012-11-10,Maria Zettner,San Diego,California,Accessories,Logitech G19 Programmable Gaming Keyboard,371.97,3,66.9546,2,2012,11,18.0,Profit
CA-2014-137470,2014-09-18,2014-09-18,Tom Prescott,Seattle,Washington,Paper,Xerox 1984,12.96,2,6.3504,0,2014,9,48.99999999999999,Profit
CA-2012-102036,2012-09-21,2012-09-27,Chad Sievert,Seattle,Washington,Storage,Fellowes Bases and Tops For Staxonsteel/High-Stak Systems,199.74,6,47.9376,6,2012,9,24.000000000000004,Profit
CA-2012-142944,2012-03-06,2012-03-11,John Lucas,San Francisco,California,Furnishings,Deflect-o Glass Clear Studded Chair Mats,435.26,7,95.7572,5,2012,3,22.0,Profit
CA-2012-142944,2012-03-06,2012-03-11,John Lucas,San Francisco,California,Copiers,Canon PC1060 Personal Laser Copier,1119.984,2,377.9946,5,2012,3,33.75,Profit
CA-2011-157882,2011-10-03,2011-10-08,Allen Rosenblatt,Los Angeles,California,Tables,Bevis Round Conference Room Tables and Bases,143.432,1,3.5858,5,2011,10,2.5,Profit
CA-2011-157882,2011-10-03,2011-10-08,Allen Rosenblatt,Los Angeles,California,Chairs,"Global Deluxe Stacking Chair, Gray",122.352,3,13.7646,5,2011,10,11.249999999999998,Profit
CA-2014-142622,2014-10-31,2014-11-03,Jim Karlsson,Seattle,Washington,Chairs,Novimex Fabric Task Chair,97.568,2,-6.098,3,2014,10,-6.25,Loss
CA-2014-142622,2014-10-31,2014-11-03,Jim Karlsson,Seattle,Washington,Chairs,Global Super Steno Chair,614.272,8,-23.0352,3,2014,10,-3.75,Loss
CA-2014-142622,2014-10-31,2014-11-03,Jim Karlsson,Seattle,Washington,Bookcases,Bestar Classic Bookcase,199.98,2,37.9962,3,2014,10,19.000000000000004,Profit
CA-2014-143343,2014-06-11,2014-06-14,Ben Wallace,Los Angeles,California,Art,Newell 351,16.4,5,4.756,3,2014,6,29.000000000000004,Profit
CA-2014-115154,2014-01-09,2014-01-12,Ricardo Sperren,Seattle,Washington,Tables,Balt Solid Wood Round Tables,892.98,2,80.3682,3,2014,1,9.0,Profit
US-2014-120418,2014-06-12,2014-06-13,Becky Castell,Peoria,Arizona,Chairs,Global Leather Executive Chair,280.792,1,35.099,1,2014,6,12.5,Profit
US-2014-120418,2014-06-12,2014-06-13,Becky Castell,Peoria,Arizona,Storage,"Sortfiler Multipurpose Personal File Organizer, Black",68.448,4,7.7004,1,2014,6,11.250000000000002,Profit
US-2014-120418,2014-06-12,2014-06-13,Becky Castell,Peoria,Arizona,Art,Boston 16801 Nautilus Battery Pencil Sharpener,88.04,5,6.603,1,2014,6,7.5,Profit
US-2014-120418,2014-06-12,2014-06-13,Becky Castell,Peoria,Arizona,Art,Newell 319,15.872,1,1.984,1,2014,6,12.5,Profit
US-2014-120418,2014-06-12,2014-06-13,Becky Castell,Peoria,Arizona,Storage,Fellowes Officeware Wire Shelving,215.592,3,-48.5082,1,2014,6,-22.5,Loss
CA-2014-165491,2014-03-21,2014-03-25,Helen Wasserman,Seattle,Washington,Accessories,Imation Secure Drive + Hardware Encrypted USB flash drive - 16 GB,265.93,7,63.8232,4,2014,3,24.0,Profit
CA-2014-138422,2014-09-24,2014-09-27,Kristina Nunn,Fort Collins,Colorado,Envelopes,Wausau Papers Astrobrights Colored Envelopes,14.352,3,5.2026,3,2014,9,36.25,Profit
CA-2013-155187,2013-09-25,2013-09-27,Laura Armstrong,Los Angeles,California,Storage,"Tennsco Lockers, Gray",41.96,2,2.9372,2,2013,9,6.999999999999999,Profit
CA-2013-155187,2013-09-25,2013-09-27,Laura Armstrong,Los Angeles,California,Paper,"REDIFORM Incoming/Outgoing Call Register, 11"" X 8 1/2"", 100 Messages",41.7,5,20.85,2,2013,9,50.0,Profit
CA-2014-109701,2014-12-03,2014-12-04,Alice McCarthy,Los Angeles,California,Binders,Staples,9.024,6,3.1584,1,2014,12,35.0,Profit
CA-2014-109701,2014-12-03,2014-12-04,Alice McCarthy,Los Angeles,California,Binders,Satellite Sectional Post Binders,69.456,2,22.5732,1,2014,12,32.5,Profit
CA-2014-109701,2014-12-03,2014-12-04,Alice McCarthy,Los Angeles,California,Paper,"Wirebound Message Book, 4 per Page",10.86,2,5.3214,1,2014,12,49.0,Profit
CA-2014-109701,2014-12-03,2014-12-04,Alice McCarthy,Los Angeles,California,Appliances,Fellowes Advanced Computer Series Surge Protectors,79.47,3,22.2516,1,2014,12,28.000000000000004,Profit
CA-2014-109701,2014-12-03,2014-12-04,Alice McCarthy,Los Angeles,California,Art,Prang Dustless Chalk Sticks,10.08,6,5.04,1,2014,12,50.0,Profit
CA-2012-111514,2012-08-31,2012-09-02,Scott Cohen,San Francisco,California,Bookcases,"Atlantic Metals Mobile 3-Shelf Bookcases, Custom Colors",1552.831,7,200.9546,2,2012,8,12.941176470588237,Profit
CA-2012-111514,2012-08-31,2012-09-02,Scott Cohen,San Francisco,California,Binders,GBC Prestige Therm-A-Bind Covers,137.24,5,46.3185,2,2012,8,33.75,Profit
CA-2012-111514,2012-08-31,2012-09-02,Scott Cohen,San Francisco,California,Accessories,Memorex Micro Travel Drive 32 GB,36.51,1,15.6993,2,2012,8,43.0,Profit
CA-2012-111514,2012-08-31,2012-09-02,Scott Cohen,San Francisco,California,Machines,Lexmark S315 Color Inkjet Printer,239.976,3,80.9919,2,2012,8,33.75,Profit
CA-2011-102295,2011-11-24,2011-11-26,Erica Hackney,Sacramento,California,Chairs,"Global Leather & Oak Executive Chair, Burgundy",120.712,1,-18.1068,2,2011,11,-15.0,Loss
CA-2012-148628,2012-12-06,2012-12-11,Katherine Murray,Thousand Oaks,California,Paper,"Message Book, Phone, Wirebound Standard Line Memo, 2 3/4"" X 5""",32.75,5,15.065,5,2012,12,46.0,Profit
US-2014-117534,2014-03-26,2014-03-27,Christina VanderZanden,Fresno,California,Appliances,Acco Smartsocket Color-Coded Six-Outlet AC Adapter Model Surge Protectors,176.04,4,45.7704,1,2014,3,26.0,Profit
US-2014-117534,2014-03-26,2014-03-27,Christina VanderZanden,Fresno,California,Art,Staples,16.02,9,4.4856,1,2014,3,27.999999999999996,Profit
US-2014-117534,2014-03-26,2014-03-27,Christina VanderZanden,Fresno,California,Binders,Avery Arch Ring Binders,185.92,4,62.748,1,2014,3,33.75,Profit
US-2014-117534,2014-03-26,2014-03-27,Christina VanderZanden,Fresno,California,Phones,Clearsounds A400,211.168,4,15.8376,1,2014,3,7.5,Profit
US-2014-117534,2014-03-26,2014-03-27,Christina VanderZanden,Fresno,California,Copiers,Hewlett Packard 310 Color Digital Copier,479.984,2,59.998,1,2014,3,12.5,Profit
CA-2012-145065,2012-12-12,2012-12-15,Dennis Kane,San Diego,California,Fasteners,Staples,7.86,2,3.6156,3,2012,12,46.0,Profit
CA-2012-145065,2012-12-12,2012-12-15,Dennis Kane,San Diego,California,Binders,Recycled Premium Regency Composition Covers,24.448,2,8.8624,3,2012,12,36.24999999999999,Profit
CA-2014-169264,2014-08-15,2014-08-17,Nora Preis,San Francisco,California,Labels,Avery File Folder Labels,5.76,2,2.8224,2,2014,8,49.00000000000001,Profit
CA-2014-169264,2014-08-15,2014-08-17,Nora Preis,San Francisco,California,Art,Newell 318,16.68,6,4.3368,2,2014,8,26.0,Profit
CA-2014-108574,2014-10-08,2014-10-12,Mike Gockenbach,Los Angeles,California,Accessories,Logitech G19 Programmable Gaming Keyboard,1115.91,9,200.8638,4,2014,10,18.0,Profit
CA-2014-108574,2014-10-08,2014-10-12,Mike Gockenbach,Los Angeles,California,Phones,Motorola HK250 Universal Bluetooth Headset,128.744,7,-28.9674,4,2014,10,-22.5,Loss
CA-2014-108574,2014-10-08,2014-10-12,Mike Gockenbach,Los Angeles,California,Phones,"Square Credit Card Reader, 4 1/2"" x 4 1/2"" x 1"", White",79.92,10,26.973,4,2014,10,33.75,Profit
CA-2014-144589,2014-01-21,2014-01-26,Tamara Manning,San Francisco,California,Art,Staples,24.2,5,7.986,5,2014,1,33.0,Profit
CA-2014-144589,2014-01-21,2014-01-26,Tamara Manning,San Francisco,California,Phones,Panasonic KX-TG9541B DECT 6.0 Digital 2-Line Expandable Cordless Phone With Digital Answering System,359.976,3,130.4913,5,2014,1,36.25,Profit
CA-2014-155985,2014-03-24,2014-03-26,Bill Eplett,San Francisco,California,Furnishings,DAX Natural Wood-Tone Poster Frame,211.84,8,76.2624,2,2014,3,36.0,Profit
CA-2012-142041,2012-06-07,2012-06-09,Eleni McCrary,Los Angeles,California,Binders,Staples,7.52,5,2.632,2,2012,6,35.0,Profit
CA-2011-151295,2011-11-12,2011-11-16,Joseph Airdo,Los Angeles,California,Paper,Xerox 1974,11.96,2,5.8604,4,2011,11,49.0,Profit
CA-2011-151295,2011-11-12,2011-11-16,Joseph Airdo,Los Angeles,California,Tables,Bevis Boat-Shaped Conference Table,629.064,3,31.4532,4,2011,11,5.0,Profit
CA-2014-168655,2014-10-13,2014-10-19,Michelle Lonsdale,Albuquerque,New Mexico,Accessories,WD My Passport Ultra 2TB Portable External Hard Drive,595.0,5,95.2,6,2014,10,16.0,Profit
CA-2014-168655,2014-10-13,2014-10-19,Michelle Lonsdale,Albuquerque,New Mexico,Binders,GBC Twin Loop Wire Binding Elements,79.872,3,29.952,6,2014,10,37.5,Profit
CA-2013-107202,2013-05-22,2013-05-29,Linda Cazamias,Sparks,Nevada,Machines,Panasonic KX MB2061 Multifunction Printer,2396.4,10,179.73,7,2013,5,7.5,Profit
CA-2014-159597,2014-11-10,2014-11-15,Matt Collister,Coachella,California,Storage,"Safco Wire Cube Shelving System, For Use as 4 or 5 14"" Cubes, Black",63.56,2,3.178,5,2014,11,5.0,Profit
CA-2014-159597,2014-11-10,2014-11-15,Matt Collister,Coachella,California,Accessories,Razer Kraken 7.1 Surround Sound Over Ear USB Gaming Headset,99.99,1,43.9956,5,2014,11,44.00000000000001,Profit
CA-2014-100748,2014-05-14,2014-05-21,Ross Baird,San Francisco,California,Labels,Self-Adhesive Address Labels for Typewriters by Universal,58.48,8,27.4856,7,2014,5,47.0,Profit
CA-2014-129805,2014-12-29,2015-01-03,Harry Marie,Seattle,Washington,Furnishings,3M Hangers With Command Adhesive,7.4,2,3.034,5,2014,12,41.0,Profit
CA-2014-140053,2014-07-04,2014-07-11,Christina Anderson,Farmington,New Mexico,Furnishings,"Tenex Traditional Chairmats for Medium Pile Carpet, Standard Lip, 36"" x 48""",545.85,9,114.6285,7,2014,7,21.0,Profit
CA-2011-164210,2011-11-18,2011-11-20,Pierre Wener,Louisville,Colorado,Tables,Bevis Rectangular Conference Tables,145.98,2,-99.2664,2,2011,11,-68.0,Loss
CA-2011-164210,2011-11-18,2011-11-20,Pierre Wener,Louisville,Colorado,Paper,"Geographics Note Cards, Blank, White, 8 1/2"" x 11""",35.808,4,12.5328,2,2011,11,35.0,Profit
CA-2012-100573,2012-09-25,2012-10-01,Anne McFarland,Los Angeles,California,Envelopes,"#10- 4 1/8"" x 9 1/2"" Recycled Envelopes",17.48,2,8.2156,6,2012,9,47.0,Profit
CA-2013-140207,2013-11-06,2013-11-11,Christopher Schild,San Jose,California,Binders,Cardinal Holdit Data Disk Pockets,29.12,5,9.828,5,2013,11,33.75,Profit
CA-2012-142419,2012-07-11,2012-07-13,Shahid Collister,Seattle,Washington,Paper,Xerox 1896,29.97,3,13.4865,2,2012,7,45.0,Profit
CA-2012-142419,2012-07-11,2012-07-13,Shahid Collister,Seattle,Washington,Binders,"Wilson Jones Ledger-Size, Piano-Hinge Binder, 2"", Blue",98.352,3,34.4232,2,2012,7,35.0,Profit
CA-2013-114972,2013-11-04,2013-11-07,Phillip Flathmann,Los Angeles,California,Chairs,Global Deluxe High-Back Office Chair in Storm,217.584,2,-29.9178,3,2013,11,-13.749999999999998,Loss
CA-2013-114972,2013-11-04,2013-11-07,Phillip Flathmann,Los Angeles,California,Accessories,Kensington K72356US Mouse-in-a-Box USB Desktop Mouse,82.95,5,29.0325,3,2013,11,35.0,Profit
CA-2013-114972,2013-11-04,2013-11-07,Phillip Flathmann,Los Angeles,California,Labels,Avery 50,87.71,7,41.2237,3,2013,11,47.0,Profit
CA-2013-114972,2013-11-04,2013-11-07,Phillip Flathmann,Los Angeles,California,Appliances,Honeywell Enviracaire Portable HEPA Air Cleaner for 16' x 20' Room,1101.48,4,429.5772,3,2013,11,39.0,Profit
CA-2014-102750,2014-09-05,2014-09-09,Greg Maxwell,Los Angeles,California,Tables,Chromcraft Bull-Nose Wood Oval Conference Tables & Bases,1322.352,3,-99.1764,4,2014,9,-7.5,Loss
CA-2014-147956,2014-12-25,2015-01-01,Alan Hwang,Seattle,Washington,Storage,Office Impressions Heavy Duty Welded Shelving & Multimedia Storage Drawers,1003.62,6,0.0,7,2014,12,0.0,No Profit No Loss
CA-2014-126067,2014-08-29,2014-09-04,Kristina Nunn,Seattle,Washington,Phones,Anker 24W Portable Micro USB Car Charger,35.168,4,11.4296,6,2014,8,32.5,Profit
CA-2014-126067,2014-08-29,2014-09-04,Kristina Nunn,Seattle,Washington,Tables,"Hon Practical Foundations 30 x 60 Training Table, Light Gray/Charcoal",1137.75,5,250.305,6,2014,8,22.0,Profit
CA-2014-126067,2014-08-29,2014-09-04,Kristina Nunn,Seattle,Washington,Binders,GBC Standard Therm-A-Bind Covers,99.68,5,32.396,6,2014,8,32.5,Profit
CA-2014-126067,2014-08-29,2014-09-04,Kristina Nunn,Seattle,Washington,Art,Newell 344,5.56,2,1.4456,6,2014,8,26.0,Profit
CA-2011-113579,2011-12-13,2011-12-15,Katherine Ducich,Los Angeles,California,Paper,White GlueTop Scratch Pads,90.24,6,41.5104,2,2011,12,46.0,Profit
CA-2012-122371,2012-09-26,2012-10-01,Bryan Spruell,San Diego,California,Storage,"Sortfiler Multipurpose Personal File Organizer, Black",64.17,3,18.6093,5,2012,9,29.000000000000004,Profit
CA-2012-122371,2012-09-26,2012-10-01,Bryan Spruell,San Diego,California,Envelopes,Cameo Buff Policy Envelopes,124.46,2,58.4962,5,2012,9,47.0,Profit
CA-2013-126935,2013-05-20,2013-05-25,Bill Tyler,San Francisco,California,Binders,GBC Personal VeloBind Strips,9.584,1,3.3544,5,2013,5,35.0,Profit
CA-2013-149482,2013-11-15,2013-11-20,Ralph Ritter,San Francisco,California,Labels,Avery 52,7.38,2,3.4686,5,2013,11,47.0,Profit
CA-2011-143917,2011-07-25,2011-07-27,Ken Lonsdale,San Francisco,California,Storage,"Fellowes Personal Hanging Folder Files, Navy",53.72,4,15.0416,2,2011,7,28.000000000000004,Profit
CA-2011-143917,2011-07-25,2011-07-27,Ken Lonsdale,San Francisco,California,Supplies,High Speed Automatic Electric Letter Opener,8187.65,5,327.506,2,2011,7,4.0,Profit
CA-2011-143917,2011-07-25,2011-07-27,Ken Lonsdale,San Francisco,California,Furnishings,Staples,77.92,8,34.2848,2,2011,7,43.99999999999999,Profit
CA-2014-163902,2014-03-03,2014-03-09,Maribeth Yedwab,Los Angeles,California,Phones,Panasonic KX TS3282B Corded phone,196.776,3,14.7582,6,2014,3,7.5,Profit
CA-2014-163902,2014-03-03,2014-03-09,Maribeth Yedwab,Los Angeles,California,Accessories,Logitech G13 Programmable Gameboard with LCD Display,479.94,6,52.7934,6,2014,3,11.0,Profit
CA-2012-143238,2012-09-06,2012-09-08,Lori Olson,La Quinta,California,Accessories,Memorex Mini Travel Drive 8 GB USB 2.0 Flash Drive,46.32,4,18.0648,2,2012,9,39.0,Profit
CA-2012-113404,2012-07-16,2012-07-16,Eleni McCrary,San Francisco,California,Chairs,Hon 2090 “Pillow Soft” Series Mid Back Swivel/Tilt Chairs,1348.704,6,-219.1644,0,2012,7,-16.25,Loss
CA-2012-113404,2012-07-16,2012-07-16,Eleni McCrary,San Francisco,California,Chairs,Hon 4070 Series Pagoda Armless Upholstered Stacking Chairs,700.152,3,78.7671,0,2012,7,11.249999999999998,Profit
CA-2013-144792,2013-05-01,2013-05-05,Ken Dana,Scottsdale,Arizona,Furnishings,12-1/2 Diameter Round Wall Clock,111.888,7,22.3776,4,2013,5,20.0,Profit
CA-2014-108070,2014-04-17,2014-04-21,Joel Eaton,San Jose,California,Storage,"Belkin 19"" Vented Equipment Shelf, Black",205.92,4,2.0592,4,2014,4,1.0000000000000002,Profit
CA-2014-108070,2014-04-17,2014-04-21,Joel Eaton,San Jose,California,Bookcases,O'Sullivan Living Dimensions 2-Shelf Bookcases,102.833,1,-6.049,4,2014,4,-5.882352941176471,Loss
US-2012-128090,2012-08-16,2012-08-22,John Murray,Phoenix,Arizona,Art,Newell 346,2.304,1,0.2592,6,2012,8,11.25,Profit
US-2012-128090,2012-08-16,2012-08-22,John Murray,Phoenix,Arizona,Phones,Samsung Galaxy S4 Mini,1879.96,5,211.4955,6,2012,8,11.249999999999998,Profit
US-2012-128090,2012-08-16,2012-08-22,John Murray,Phoenix,Arizona,Paper,Xerox 1891,313.024,8,105.6456,6,2012,8,33.75,Profit
US-2012-128090,2012-08-16,2012-08-22,John Murray,Phoenix,Arizona,Labels,Avery 488,5.04,2,1.764,6,2012,8,35.0,Profit
CA-2012-147788,2012-05-31,2012-06-04,Tamara Manning,Orem,Utah,Bookcases,O'Sullivan Living Dimensions 3-Shelf Bookcases,1406.86,7,140.686,4,2012,5,10.0,Profit
CA-2012-147788,2012-05-31,2012-06-04,Tamara Manning,Orem,Utah,Labels,Self-Adhesive Removable Labels,15.75,5,7.56,4,2012,5,48.0,Profit
CA-2012-147788,2012-05-31,2012-06-04,Tamara Manning,Orem,Utah,Storage,Fellowes Super Stor/Drawer Files,323.1,2,61.389,4,2012,5,19.0,Profit
CA-2014-123967,2014-11-02,2014-11-04,Sarah Foster,Bellingham,Washington,Binders,GBC Standard Plastic Binding Systems' Combs,25.12,5,7.85,2,2014,11,31.25,Profit
CA-2014-123967,2014-11-02,2014-11-04,Sarah Foster,Bellingham,Washington,Tables,Hon 94000 Series Round Tables,2665.62,9,239.9058,2,2014,11,9.0,Profit
CA-2013-137729,2013-05-06,2013-05-10,Barry Franz,Los Angeles,California,Storage,"Perma STOR-ALL Hanging File Box, 13 1/8""W x 12 1/4""D x 10 1/2""H",5.98,1,1.0166,4,2013,5,17.0,Profit
CA-2013-137729,2013-05-06,2013-05-10,Barry Franz,Los Angeles,California,Phones,Cisco Small Business SPA 502G VoIP phone,246.168,3,21.5397,4,2013,5,8.75,Profit
CA-2013-154053,2013-03-05,2013-03-11,Michael Granlund,San Diego,California,Art,Berol Giant Pencil Sharpener,16.99,1,4.9271,6,2013,3,29.000000000000004,Profit
CA-2013-137204,2013-04-29,2013-05-06,Bill Overfelt,Los Angeles,California,Chairs,"Global Stack Chair without Arms, Black",41.568,2,2.598,7,2013,4,6.25,Profit
CA-2011-147298,2011-04-26,2011-05-03,Aleksandra Gannaway,Los Angeles,California,Chairs,Bevis Steel Folding Chairs,230.28,3,23.028,7,2011,4,10.0,Profit
CA-2011-147298,2011-04-26,2011-05-03,Aleksandra Gannaway,Los Angeles,California,Binders,"Acco Pressboard Covers with Storage Hooks, 14 7/8"" x 11"", Executive Red",18.288,6,5.715,7,2011,4,31.25,Profit
CA-2014-147942,2014-04-02,2014-04-06,Maribeth Schnelling,San Francisco,California,Labels,Avery 498,5.78,2,2.7166,4,2014,4,47.0,Profit
CA-2014-147942,2014-04-02,2014-04-06,Maribeth Schnelling,San Francisco,California,Binders,Fellowes Binding Cases,121.68,13,38.025,4,2014,4,31.249999999999993,Profit
CA-2014-115931,2014-12-23,2014-12-27,Jim Mitchum,Carlsbad,New Mexico,Art,Design Ebony Sketching Pencil,4.17,3,1.0842,4,2014,12,26.0,Profit
CA-2014-115931,2014-12-23,2014-12-27,Jim Mitchum,Carlsbad,New Mexico,Phones,"iKross Bluetooth Portable Keyboard + Cell Phone Stand Holder + Brush for Apple iPhone 5S 5C 5, 4S 4",67.04,4,6.704,4,2014,12,10.0,Profit
CA-2014-115931,2014-12-23,2014-12-27,Jim Mitchum,Carlsbad,New Mexico,Storage,Eldon Simplefile Box Office,37.32,3,10.4496,4,2014,12,28.000000000000004,Profit
CA-2014-115931,2014-12-23,2014-12-27,Jim Mitchum,Carlsbad,New Mexico,Labels,Avery 517,18.45,5,8.6715,4,2014,12,47.0,Profit
US-2014-110604,2014-05-16,2014-05-21,Jason Fortune-,Seattle,Washington,Furnishings,24-Hour Round Wall Clock,39.96,2,17.1828,5,2014,5,43.0,Profit
US-2014-110604,2014-05-16,2014-05-21,Jason Fortune-,Seattle,Washington,Chairs,SAFCO Optional Arm Kit for Workspace Cribbage Stacking Chair,42.624,2,4.2624,5,2014,5,10.0,Profit
US-2014-110604,2014-05-16,2014-05-21,Jason Fortune-,Seattle,Washington,Chairs,SAFCO Arco Folding Chair,220.96,1,24.858,5,2014,5,11.25,Profit
CA-2012-162369,2012-08-15,2012-08-19,Tim Taslimi,Los Angeles,California,Storage,Fellowes Super Stor/Drawer Files,323.1,2,61.389,4,2012,8,19.0,Profit
US-2013-146794,2013-09-27,2013-10-02,Sally Hughsby,Hesperia,California,Bookcases,Bestar Classic Bookcase,424.9575,5,19.998,5,2013,9,4.7058823529411775,Profit
CA-2014-112515,2014-09-18,2014-09-22,Alan Schoenberger,Provo,Utah,Binders,Avery Non-Stick Binders,10.776,3,3.5022,4,2014,9,32.5,Profit
CA-2014-112515,2014-09-18,2014-09-22,Alan Schoenberger,Provo,Utah,Binders,"Acco Pressboard Covers with Storage Hooks, 14 7/8"" x 11"", Light Blue",11.784,3,4.2717,4,2014,9,36.25,Profit
CA-2014-112515,2014-09-18,2014-09-22,Alan Schoenberger,Provo,Utah,Paper,Green Bar Computer Printout Paper,164.88,3,80.7912,4,2014,9,49.00000000000001,Profit
CA-2014-112515,2014-09-18,2014-09-22,Alan Schoenberger,Provo,Utah,Bookcases,"Global Adaptabilites Bookcase, Cherry/Storm Gray Finish",1292.94,3,77.5764,4,2014,9,6.000000000000001,Profit
CA-2014-112515,2014-09-18,2014-09-22,Alan Schoenberger,Provo,Utah,Binders,"GBC Pre-Punched Binding Paper, Plastic, White, 8-1/2"" x 11""",25.584,2,8.9544,4,2014,9,35.0,Profit
CA-2014-112515,2014-09-18,2014-09-22,Alan Schoenberger,Provo,Utah,Storage,"Mini 13-1/2 Capacity Data Binder Rack, Pearl",261.74,2,65.435,4,2014,9,25.0,Profit
CA-2014-112515,2014-09-18,2014-09-22,Alan Schoenberger,Provo,Utah,Labels,Avery 514,14.4,5,7.056,4,2014,9,49.0,Profit
CA-2013-150343,2013-08-17,2013-08-21,Pete Kriz,San Francisco,California,Envelopes,Convenience Packs of Business Envelopes,10.86,3,5.1042,4,2013,8,47.0,Profit
CA-2012-135538,2012-12-24,2012-12-28,Harold Ryan,Gilbert,Arizona,Chairs,SAFCO Arco Folding Chair,883.84,4,99.432,4,2012,12,11.25,Profit
US-2012-139759,2012-08-25,2012-08-30,Nancy Lomonaco,Los Angeles,California,Chairs,"Global Deluxe Stacking Chair, Gray",40.784,1,4.5882,5,2012,8,11.249999999999998,Profit
US-2012-139759,2012-08-25,2012-08-30,Nancy Lomonaco,Los Angeles,California,Appliances,Fellowes Advanced Computer Series Surge Protectors,105.96,4,29.6688,5,2012,8,28.000000000000004,Profit
CA-2014-136875,2014-12-04,2014-12-04,Toby Carlisle,San Diego,California,Paper,Xerox 1888,166.44,3,79.8912,0,2014,12,48.0,Profit
US-2011-160780,2011-06-21,2011-06-21,Stewart Visinsky,Pueblo,Colorado,Binders,"Wilson Jones 1"" Hanging DublLock Ring Binders",11.088,7,-8.1312,0,2011,6,-73.33333333333334,Loss
US-2011-160780,2011-06-21,2011-06-21,Stewart Visinsky,Pueblo,Colorado,Binders,"Avery Trapezoid Extra Heavy Duty 4"" Binders",25.164,2,-16.776,0,2011,6,-66.66666666666666,Loss
CA-2014-137085,2014-06-30,2014-07-07,Carol Triggs,Los Angeles,California,Binders,Satellite Sectional Post Binders,312.552,9,101.5794,7,2014,6,32.5,Profit
CA-2012-153220,2012-11-12,2012-11-14,Yoseph Carroll,Los Angeles,California,Paper,"Adams ""While You Were Out"" Message Pads",15.7,5,7.065,2,2012,11,45.00000000000001,Profit
US-2013-144211,2013-08-29,2013-09-03,Chad Sievert,Englewood,Colorado,Paper,"Wirebound Four 2-3/4 x 5 Forms per Page, 400 Sets per Book",15.48,3,5.6115,5,2013,8,36.25,Profit
US-2013-144211,2013-08-29,2013-09-03,Chad Sievert,Englewood,Colorado,Phones,AT&T 17929 Lendline Telephone,108.576,3,8.1432,5,2013,8,7.500000000000001,Profit
CA-2013-138079,2013-01-22,2013-01-28,Anthony Johnson,Seattle,Washington,Furnishings,"Contract Clock, 14"", Brown",109.9,5,37.366,6,2013,1,34.0,Profit
CA-2014-155873,2014-06-17,2014-06-22,Alejandro Ballentine,Carlsbad,New Mexico,Supplies,Acme Elite Stainless Steel Scissors,16.68,2,4.3368,5,2014,6,26.0,Profit
CA-2014-155873,2014-06-17,2014-06-22,Alejandro Ballentine,Carlsbad,New Mexico,Paper,Xerox 215,19.44,3,9.3312,5,2014,6,48.00000000000001,Profit
CA-2014-155873,2014-06-17,2014-06-22,Alejandro Ballentine,Carlsbad,New Mexico,Paper,Xerox 1885,192.16,4,92.2368,5,2014,6,48.00000000000001,Profit
CA-2012-121797,2012-01-30,2012-02-06,Charles Crestani,Los Angeles,California,Furnishings,"Computer Room Manger, 14""",227.36,7,81.8496,7,2012,1,35.99999999999999,Profit
CA-2012-121797,2012-01-30,2012-02-06,Charles Crestani,Los Angeles,California,Machines,Bady BDG101FRU Card Printer,1919.976,3,215.9973,7,2012,1,11.249999999999998,Profit
CA-2012-103723,2012-12-01,2012-12-06,Beth Thompson,Seattle,Washington,Art,Prang Drawing Pencil Set,13.9,5,5.56,5,2012,12,40.0,Profit
CA-2014-144827,2014-12-22,2014-12-28,Sanjit Engle,Costa Mesa,California,Storage,"Fellowes Mobile File Cart, Black",124.36,2,33.5772,6,2014,12,26.999999999999996,Profit
CA-2011-153479,2011-10-04,2011-10-08,David Flashing,Vallejo,California,Labels,Avery 512,14.45,5,6.7915,4,2011,10,47.0,Profit
CA-2011-153479,2011-10-04,2011-10-08,David Flashing,Vallejo,California,Binders,GBC Recycled Regency Composition Covers,95.648,2,31.0856,4,2011,10,32.5,Profit
CA-2014-104801,2014-02-14,2014-02-20,Fred Harton,Seattle,Washington,Art,Newell 311,6.63,3,1.7901,6,2014,2,27.0,Profit
CA-2014-104801,2014-02-14,2014-02-20,Fred Harton,Seattle,Washington,Accessories,Razer Tiamat Over Ear 7.1 Surround Sound PC Gaming Headset,799.96,4,343.9828,6,2014,2,43.0,Profit
CA-2014-104801,2014-02-14,2014-02-20,Fred Harton,Seattle,Washington,Furnishings,"Tenex Contemporary Contur Chairmats for Low and Medium Pile Carpet, Computer, 39"" x 49""",107.53,1,21.506,6,2014,2,20.0,Profit
CA-2012-129770,2012-02-21,2012-02-23,Joe Elijah,Las Cruces,New Mexico,Paper,Staples,49.12,4,23.0864,2,2012,2,47.0,Profit
CA-2011-149244,2011-11-04,2011-11-08,MaryBeth Skach,San Diego,California,Furnishings,"Executive Impressions 12"" Wall Clock",35.34,2,13.4292,4,2011,11,37.99999999999999,Profit
CA-2012-140144,2012-06-20,2012-06-25,Stewart Carmichael,San Francisco,California,Furnishings,"Howard Miller 13"" Diameter Pewter Finish Round Wall Clock",257.64,6,100.4796,5,2012,6,39.0,Profit
CA-2012-140144,2012-06-20,2012-06-25,Stewart Carmichael,San Francisco,California,Phones,netTALK DUO VoIP Telephone Service,125.976,3,47.241,5,2012,6,37.5,Profit
US-2011-141257,2011-06-08,2011-06-14,Carlos Soltero,Seattle,Washington,Chairs,"Hon Deluxe Fabric Upholstered Stacking Chairs, Squared Back",585.552,3,73.194,6,2011,6,12.5,Profit
CA-2011-154669,2011-08-08,2011-08-11,Tamara Manning,Vacaville,California,Storage,Advantus Rolling Drawer Organizers,423.28,11,110.0528,3,2011,8,26.0,Profit
CA-2011-158029,2011-05-26,2011-05-30,Herbert Flentye,Los Angeles,California,Chairs,Hon Olson Stacker Stools,225.296,2,22.5296,4,2011,5,10.0,Profit
CA-2012-155306,2012-04-17,2012-04-21,George Ashbrook,San Francisco,California,Art,Prang Drawing Pencil Set,5.56,2,2.224,4,2012,4,40.00000000000001,Profit
CA-2012-155306,2012-04-17,2012-04-21,George Ashbrook,San Francisco,California,Accessories,Plantronics S12 Corded Telephone Headset System,323.37,3,129.348,4,2012,4,40.0,Profit
CA-2012-155306,2012-04-17,2012-04-21,George Ashbrook,San Francisco,California,Phones,Plantronics Calisto P620-M USB Wireless Speakerphone System,783.96,5,68.5965,4,2012,4,8.75,Profit
CA-2012-155306,2012-04-17,2012-04-21,George Ashbrook,San Francisco,California,Appliances,Hoover Upright Vacuum With Dirt Cup,1447.65,5,419.8185,4,2012,4,28.999999999999996,Profit
CA-2012-155306,2012-04-17,2012-04-21,George Ashbrook,San Francisco,California,Paper,Xerox 1903,11.96,2,5.8604,4,2012,4,49.0,Profit
CA-2011-129574,2011-05-26,2011-05-29,Dean percer,Murray,Utah,Paper,"Wirebound Service Call Books, 5 1/2"" x 4""",48.4,5,23.232,3,2011,5,48.0,Profit
CA-2014-126536,2014-10-13,2014-10-15,Neil Knudson,San Francisco,California,Accessories,Maxell 4.7GB DVD-R 5/Pack,0.99,1,0.4356,2,2014,10,44.0,Profit
CA-2014-126536,2014-10-13,2014-10-15,Neil Knudson,San Francisco,California,Binders,Canvas Sectional Post Binders,101.84,5,36.917,2,2014,10,36.25,Profit
CA-2013-144729,2013-10-22,2013-10-26,Joel Eaton,San Diego,California,Storage,"Belkin 19"" Vented Equipment Shelf, Black",154.44,3,1.5444,4,2013,10,1.0,Profit
CA-2012-127019,2012-12-21,2012-12-25,Elpida Rittenbach,Colorado Springs,Colorado,Appliances,Belkin 6 Outlet Metallic Surge Strip,60.984,7,4.5738,4,2012,12,7.5,Profit
CA-2012-138534,2012-07-17,2012-07-19,Jessica Myrick,Bakersfield,California,Bookcases,"Sauder Camden County Collection Libraries, Planked Cherry Finish",195.466,2,-13.7976,2,2012,7,-7.0588235294117645,Loss
CA-2012-149972,2012-09-21,2012-09-23,Cynthia Delaney,Los Angeles,California,Chairs,Hon Every-Day Series Multi-Task Chairs,601.536,4,0.0,2,2012,9,0.0,No Profit No Loss
CA-2012-149972,2012-09-21,2012-09-23,Cynthia Delaney,Los Angeles,California,Fasteners,Advantus Map Pennant Flags and Round Head Tacks,7.9,2,2.528,2,2012,9,32.0,Profit
CA-2011-154599,2011-04-12,2011-04-17,Kean Nguyen,Redondo Beach,California,Phones,Pyle PMP37LED,1075.088,14,94.0702,5,2011,4,8.75,Profit
CA-2011-154599,2011-04-12,2011-04-17,Kean Nguyen,Redondo Beach,California,Phones,AT&T 1080 Corded phone,438.368,4,38.3572,5,2011,4,8.75,Profit
CA-2011-154599,2011-04-12,2011-04-17,Kean Nguyen,Redondo Beach,California,Binders,Recycled Pressboard Report Cover with Reinforced Top Hinge,18.088,7,6.5569,5,2011,4,36.25,Profit
CA-2011-154599,2011-04-12,2011-04-17,Kean Nguyen,Redondo Beach,California,Bookcases,O'Sullivan Living Dimensions 2-Shelf Bookcases,308.499,3,-18.147,5,2011,4,-5.88235294117647,Loss
US-2012-110163,2012-11-01,2012-11-04,Guy Armstrong,Salem,Oregon,Art,Lumber Crayons,7.88,1,1.773,3,2012,11,22.499999999999996,Profit
CA-2014-143329,2014-11-04,2014-11-09,Denise Leinenbach,Las Cruces,New Mexico,Furnishings,9-3/4 Diameter Round Wall Clock,41.37,3,17.3754,5,2014,11,42.0,Profit
CA-2012-159380,2012-05-12,2012-05-16,Cindy Stewart,San Francisco,California,Paper,Xerox 1962,12.84,3,5.778,4,2012,5,44.99999999999999,Profit
CA-2012-159380,2012-05-12,2012-05-16,Cindy Stewart,San Francisco,California,Paper,Xerox 1953,25.68,6,11.556,4,2012,5,44.99999999999999,Profit
CA-2012-148635,2012-07-25,2012-07-27,Michelle Huthwaite,Seattle,Washington,Fasteners,Plymouth Boxed Rubber Bands by Plymouth,9.42,2,0.471,2,2012,7,5.0,Profit
CA-2012-148635,2012-07-25,2012-07-27,Michelle Huthwaite,Seattle,Washington,Paper,Xerox 228,12.96,2,6.2208,2,2012,7,47.99999999999999,Profit
CA-2012-148635,2012-07-25,2012-07-27,Michelle Huthwaite,Seattle,Washington,Bookcases,"Sauder Forest Hills Library, Woodland Oak Finish",704.9,5,56.392,2,2012,7,8.0,Profit
CA-2012-148635,2012-07-25,2012-07-27,Michelle Huthwaite,Seattle,Washington,Chairs,Office Star - Professional Matrix Back Chair with 2-to-1 Synchro Tilt and Mesh Fabric Seat,561.568,2,28.0784,2,2012,7,5.0,Profit
CA-2013-160500,2013-05-06,2013-05-09,Darrin Martin,Encinitas,California,Binders,Computer Printout Index Tabs,6.72,5,2.352,3,2013,5,35.0,Profit
CA-2013-160500,2013-05-06,2013-05-09,Darrin Martin,Encinitas,California,Tables,Bevis 36 x 72 Conference Tables,298.776,3,7.4694,3,2013,5,2.5,Profit
CA-2014-100202,2014-01-01,2014-01-06,Brian DeCherney,Anaheim,California,Phones,Adtran 1202752G1,302.376,3,22.6782,5,2014,1,7.500000000000001,Profit
CA-2011-148915,2011-11-01,2011-11-05,Natalie DeCherney,Portland,Oregon,Storage,"Carina Mini System Audio Rack, Model AR050B",443.92,5,-94.333,4,2011,11,-21.25,Loss
CA-2011-148915,2011-11-01,2011-11-05,Natalie DeCherney,Portland,Oregon,Phones,Plantronics Voyager Pro HD - Bluetooth Headset,155.976,3,54.5916,4,2011,11,35.0,Profit
CA-2014-110842,2014-11-12,2014-11-17,Guy Armstrong,Los Angeles,California,Appliances,Belkin 6 Outlet Metallic Surge Strip,10.89,1,2.8314,5,2014,11,25.999999999999996,Profit
CA-2014-110842,2014-11-12,2014-11-17,Guy Armstrong,Los Angeles,California,Paper,Xerox 201,19.44,3,9.3312,5,2014,11,48.00000000000001,Profit
CA-2014-110842,2014-11-12,2014-11-17,Guy Armstrong,Los Angeles,California,Binders,Ibico Plastic Spiral Binding Combs,121.6,5,39.52,5,2014,11,32.50000000000001,Profit
CA-2013-128594,2013-08-27,2013-08-30,Don Jones,San Diego,California,Chairs,Global Troy Executive Leather Low-Back Tilter,1603.136,4,100.196,3,2013,8,6.25,Profit
US-2014-103828,2014-08-14,2014-08-14,Jay Kimmel,San Francisco,California,Storage,Sterilite Officeware Hinged File Box,31.44,3,8.4888,0,2014,8,26.999999999999996,Profit
US-2014-103828,2014-08-14,2014-08-14,Jay Kimmel,San Francisco,California,Appliances,Staples,83.79,7,22.6233,0,2014,8,26.999999999999996,Profit
US-2014-103828,2014-08-14,2014-08-14,Jay Kimmel,San Francisco,California,Art,Newell 345,59.52,3,15.4752,0,2014,8,25.999999999999996,Profit
US-2014-103828,2014-08-14,2014-08-14,Jay Kimmel,San Francisco,California,Supplies,Staples,31.92,4,9.2568,0,2014,8,28.999999999999996,Profit
CA-2011-148040,2011-03-22,2011-03-26,Beth Fritzler,Tucson,Arizona,Paper,Xerox 1951,74.352,3,23.235,4,2011,3,31.25,Profit
CA-2011-148040,2011-03-22,2011-03-26,Beth Fritzler,Tucson,Arizona,Chairs,Office Star - Mesh Screen back chair with Vinyl seat,314.352,3,-35.3646,4,2011,3,-11.250000000000002,Loss
CA-2014-135167,2014-06-16,2014-06-21,Stuart Calhoun,Los Angeles,California,Art,"Dixon Prang Watercolor Pencils, 10-Color Set with Brush",4.26,1,1.7466,5,2014,6,41.0,Profit
CA-2014-137022,2014-11-17,2014-11-23,Scott Williamson,San Diego,California,Storage,Tennsco Regal Shelving Units,811.28,8,24.3384,6,2014,11,3.0000000000000004,Profit
US-2013-167339,2013-01-21,2013-01-23,Tamara Dahlen,San Diego,California,Chairs,Global Super Steno Chair,153.568,2,-5.7588,2,2013,1,-3.75,Loss
US-2013-167339,2013-01-21,2013-01-23,Tamara Dahlen,San Diego,California,Chairs,Global Ergonomic Managers Chair,1013.488,7,76.0116,2,2013,1,7.5,Profit
CA-2013-130799,2013-11-12,2013-11-17,Berenike Kampe,San Francisco,California,Furnishings,"Eldon Regeneration Recycled Desk Accessories, Smoke",6.96,4,2.2272,5,2013,11,32.0,Profit
CA-2013-164483,2013-01-30,2013-02-03,Jeremy Farry,San Francisco,California,Binders,Heavy-Duty E-Z-D Binders,17.456,2,5.8914,4,2013,1,33.75,Profit
US-2013-159856,2013-10-19,2013-10-23,Emily Phan,Tempe,Arizona,Chairs,Global Deluxe Steno Chair,307.92,5,-34.641,4,2013,10,-11.249999999999998,Loss
CA-2014-102099,2014-12-19,2014-12-20,Emily Phan,Los Angeles,California,Art,Newell 327,6.63,3,1.7901,1,2014,12,27.0,Profit
CA-2014-102099,2014-12-19,2014-12-20,Emily Phan,Los Angeles,California,Paper,Xerox 1996,12.96,2,6.2208,1,2014,12,47.99999999999999,Profit
CA-2014-102099,2014-12-19,2014-12-20,Emily Phan,Los Angeles,California,Paper,Xerox 213,32.4,5,15.552,1,2014,12,48.0,Profit
CA-2014-164049,2014-11-03,2014-11-07,Ken Heidel,Seattle,Washington,Paper,"Wirebound Message Books, Four 2 3/4 x 5 Forms per Page, 200 Sets per Book",23.85,5,10.7325,4,2014,11,44.99999999999999,Profit
CA-2011-127586,2011-09-26,2011-09-30,Christopher Schild,Seattle,Washington,Storage,"Dual Level, Single-Width Filing Carts",310.12,2,80.6312,4,2011,9,26.0,Profit
CA-2014-166415,2014-02-20,2014-02-24,Max Engle,Seattle,Washington,Fasteners,Rubber Band Ball,11.22,3,0.2244,4,2014,2,1.9999999999999998,Profit
CA-2014-164329,2014-01-31,2014-01-31,Michael Moore,San Francisco,California,Storage,Space Solutions Commercial Steel Shelving,129.3,2,6.465,0,2014,1,5.0,Profit
CA-2012-168564,2012-08-08,2012-08-08,Thomas Thornton,San Francisco,California,Binders,"ACCOHIDE 3-Ring Binder, Blue, 1""",6.608,2,2.2302,0,2012,8,33.75,Profit
CA-2012-168564,2012-08-08,2012-08-08,Thomas Thornton,San Francisco,California,Binders,Presstex Flexible Ring Binders,7.28,2,2.73,0,2012,8,37.5,Profit
CA-2012-168564,2012-08-08,2012-08-08,Thomas Thornton,San Francisco,California,Chairs,Global Ergonomic Managers Chair,144.784,1,10.8588,0,2012,8,7.500000000000001,Profit
US-2013-169040,2013-12-07,2013-12-13,Greg Tran,Seattle,Washington,Phones,Plantronics Calisto P620-M USB Wireless Speakerphone System,156.792,1,13.7193,6,2013,12,8.75,Profit
US-2013-169040,2013-12-07,2013-12-13,Greg Tran,Seattle,Washington,Phones,Google Nexus 5,431.976,3,26.9985,6,2013,12,6.25,Profit
US-2013-169040,2013-12-07,2013-12-13,Greg Tran,Seattle,Washington,Envelopes,Jet-Pak Recycled Peel 'N' Seal Padded Mailers,35.89,1,16.1505,6,2013,12,45.0,Profit
US-2013-169040,2013-12-07,2013-12-13,Greg Tran,Seattle,Washington,Binders,Ibico Plastic and Wire Spiral Binding Combs,47.208,7,15.3426,6,2013,12,32.5,Profit
US-2013-169040,2013-12-07,2013-12-13,Greg Tran,Seattle,Washington,Paper,Xerox 1880,248.08,7,116.5976,6,2013,12,47.0,Profit
US-2013-169040,2013-12-07,2013-12-13,Greg Tran,Seattle,Washington,Paper,"Snap-A-Way Black Print Carbonless Ruled Speed Letter, Triplicate",189.7,5,89.159,6,2013,12,47.00000000000001,Profit
US-2013-169040,2013-12-07,2013-12-13,Greg Tran,Seattle,Washington,Binders,GBC Standard Therm-A-Bind Covers,59.808,3,19.4376,6,2013,12,32.5,Profit
CA-2014-126242,2014-11-20,2014-11-25,Mick Crebagga,Los Angeles,California,Storage,"File Shuttle II and Handi-File, Black",305.01,9,76.2525,5,2014,11,25.0,Profit
CA-2014-126242,2014-11-20,2014-11-25,Mick Crebagga,Los Angeles,California,Furnishings,"Executive Impressions 13-1/2"" Indoor/Outdoor Wall Clock",18.7,1,7.106,5,2014,11,38.0,Profit
CA-2013-166443,2013-11-05,2013-11-06,Lisa Hazard,San Francisco,California,Furnishings,Advantus Panel Wall Acrylic Frame,38.29,7,16.4647,1,2013,11,43.00000000000001,Profit
CA-2014-169859,2014-12-15,2014-12-19,Mike Pelletier,San Diego,California,Furnishings,"Eldon 400 Class Desk Accessories, Black Carbon",26.25,3,11.025,4,2014,12,42.00000000000001,Profit
CA-2014-169859,2014-12-15,2014-12-19,Mike Pelletier,San Diego,California,Binders,"Wilson Jones Clip & Carry Folder Binder Tool for Ring Binders, Clear",64.96,14,22.736,4,2014,12,35.0,Profit
CA-2014-169859,2014-12-15,2014-12-19,Mike Pelletier,San Diego,California,Envelopes,"#10- 4 1/8"" x 9 1/2"" Recycled Envelopes",43.7,5,20.539,4,2014,12,47.0,Profit
CA-2014-134915,2014-11-13,2014-11-13,Eugene Moren,Glendale,Arizona,Accessories,Memorex Micro Travel Drive 8 GB,41.6,4,13.0,0,2014,11,31.25,Profit
CA-2014-134915,2014-11-13,2014-11-13,Eugene Moren,Glendale,Arizona,Paper,Xerox 1978,23.12,5,8.381,0,2014,11,36.25,Profit
CA-2014-134915,2014-11-13,2014-11-13,Eugene Moren,Glendale,Arizona,Chairs,Harbour Creations 67200 Series Stacking Chairs,113.888,2,9.9652,0,2014,11,8.75,Profit
CA-2014-134915,2014-11-13,2014-11-13,Eugene Moren,Glendale,Arizona,Furnishings,"Tenex V2T-RE Standard Weight Series Chair Mat, 45"" x 53"", Lip 25"" x 12""",113.568,2,-5.6784,0,2014,11,-5.0,Loss
CA-2014-134915,2014-11-13,2014-11-13,Eugene Moren,Glendale,Arizona,Phones,Cush Cases Heavy Duty Rugged Cover Case for Samsung Galaxy S5 - Purple,7.92,2,0.693,0,2014,11,8.75,Profit
CA-2014-134915,2014-11-13,2014-11-13,Eugene Moren,Glendale,Arizona,Phones,Samsung Galaxy Mega 6.3,671.984,2,50.3988,0,2014,11,7.5,Profit
CA-2012-158456,2012-12-24,2012-12-29,Kean Takahito,Los Angeles,California,Binders,Avery Hole Reinforcements,19.936,4,7.2268,5,2012,12,36.25,Profit
CA-2012-158456,2012-12-24,2012-12-29,Kean Takahito,Los Angeles,California,Fasteners,"Vinyl Coated Wire Paper Clips in Organizer Box, 800/Box",45.92,4,21.5824,5,2012,12,47.0,Profit
CA-2014-143665,2014-04-27,2014-05-02,Philisse Overcash,Seattle,Washington,Paper,Strathmore Photo Mount Cards,20.34,3,9.3564,5,2014,4,46.0,Profit
CA-2014-143665,2014-04-27,2014-05-02,Philisse Overcash,Seattle,Washington,Labels,Avery 478,39.28,8,19.2472,5,2014,4,49.0,Profit
CA-2014-137428,2014-12-17,2014-12-22,Andy Yotov,Oceanside,California,Chairs,"Global Deluxe Stacking Chair, Gray",81.568,2,9.1764,5,2014,12,11.249999999999998,Profit
CA-2014-137428,2014-12-17,2014-12-22,Andy Yotov,Oceanside,California,Chairs,"Global Value Steno Chair, Gray",97.184,2,6.074,5,2014,12,6.25,Profit
CA-2014-137428,2014-12-17,2014-12-22,Andy Yotov,Oceanside,California,Binders,Prestige Round Ring Binders,24.32,5,8.208,5,2014,12,33.75,Profit
CA-2014-137428,2014-12-17,2014-12-22,Andy Yotov,Oceanside,California,Furnishings,"DAX Two-Tone Rosewood/Black Document Frame, Desktop, 5 x 7",18.96,2,7.584,5,2014,12,40.0,Profit
CA-2011-131310,2011-07-12,2011-07-18,Clay Ludtke,Seattle,Washington,Chairs,"Safco Chair Connectors, 6/Carton",123.136,4,13.8528,6,2011,7,11.25,Profit
CA-2011-131310,2011-07-12,2011-07-18,Clay Ludtke,Seattle,Washington,Binders,Self-Adhesive Ring Binder Labels,11.264,4,3.8016,6,2011,7,33.75,Profit
US-2011-112872,2011-12-06,2011-12-11,Ryan Crowe,Springfield,Oregon,Storage,File Shuttle I and Handi-File,53.424,3,4.6746,5,2011,12,8.75,Profit
US-2011-112872,2011-12-06,2011-12-11,Ryan Crowe,Springfield,Oregon,Tables,"Chromcraft Bull-Nose Wood 48"" x 96"" Rectangular Conference Tables",275.49,1,-170.8038,5,2011,12,-62.0,Loss
CA-2013-139010,2013-02-21,2013-02-26,Matthew Clasen,Los Angeles,California,Accessories,SanDisk Ultra 16 GB MicroSDHC Class 10 Memory Card,12.99,1,0.7794,5,2013,2,6.0,Profit
CA-2013-139010,2013-02-21,2013-02-26,Matthew Clasen,Los Angeles,California,Binders,"Wilson Jones Clip & Carry Folder Binder Tool for Ring Binders, Clear",18.56,4,6.496,5,2013,2,35.0,Profit
CA-2013-139010,2013-02-21,2013-02-26,Matthew Clasen,Los Angeles,California,Storage,Fellowes Officeware Wire Shelving,449.15,5,8.983,5,2013,2,2.0000000000000004,Profit
CA-2013-139010,2013-02-21,2013-02-26,Matthew Clasen,Los Angeles,California,Binders,Avery Heavy-Duty EZD  Binder With Locking Rings,31.248,7,10.9368,5,2013,2,35.0,Profit
CA-2013-112893,2013-09-10,2013-09-14,Annie Thurman,Stockton,California,Binders,VariCap6 Expandable Binder,55.36,4,18.684,4,2013,9,33.75,Profit
US-2011-150532,2011-07-14,2011-07-21,Philip Brown,Phoenix,Arizona,Storage,Eldon Fold 'N Roll Cart System,55.92,5,6.291,7,2011,7,11.25,Profit
CA-2011-130729,2011-10-24,2011-10-29,Allen Armold,Rancho Cucamonga,California,Binders,Avery Premier Heavy-Duty Binder with Round Locking Rings,34.272,3,11.1384,5,2011,10,32.5,Profit
CA-2014-134845,2014-04-18,2014-04-24,Sharelle Roach,Louisville,Colorado,Binders,Insertable Tab Post Binder Dividers,12.03,5,-9.223,6,2014,4,-76.66666666666667,Loss
CA-2014-134845,2014-04-18,2014-04-24,Sharelle Roach,Louisville,Colorado,Machines,Lexmark MX611dhe Monochrome Laser Printer,2549.985,5,-3399.98,6,2014,4,-133.33333333333331,Loss
CA-2014-134845,2014-04-18,2014-04-24,Sharelle Roach,Louisville,Colorado,Binders,GBC VeloBinder Manual Binding System,21.594,2,-15.8356,6,2014,4,-73.33333333333333,Loss
CA-2014-134845,2014-04-18,2014-04-24,Sharelle Roach,Louisville,Colorado,Binders,Cardinal Holdit Business Card Pockets,8.964,6,-6.5736,6,2014,4,-73.33333333333333,Loss
CA-2014-134845,2014-04-18,2014-04-24,Sharelle Roach,Louisville,Colorado,Paper,Xerox 225,20.736,4,7.2576,6,2014,4,35.0,Profit
CA-2012-123568,2012-11-08,2012-11-14,Sanjit Chand,West Jordan,Utah,Fasteners,Alliance Rubber Bands,5.04,3,0.2016,6,2012,11,4.0,Profit
CA-2012-123568,2012-11-08,2012-11-14,Sanjit Chand,West Jordan,Utah,Paper,Xerox 1988,92.94,3,41.823,6,2012,11,45.0,Profit
CA-2012-123568,2012-11-08,2012-11-14,Sanjit Chand,West Jordan,Utah,Furnishings,"Executive Impressions 14"" Contract Wall Clock",66.69,3,22.0077,6,2012,11,33.0,Profit
CA-2012-123568,2012-11-08,2012-11-14,Sanjit Chand,West Jordan,Utah,Binders,Deluxe Heavy-Duty Vinyl Round Ring Binder,91.68,5,28.65,6,2012,11,31.249999999999993,Profit
CA-2011-106719,2011-08-24,2011-08-24,Robert Barroso,Billings,Montana,Binders,"SlimView Poly Binder, 3/8""",8.288,2,2.6936,0,2011,8,32.5,Profit
US-2013-164189,2013-03-25,2013-03-29,Dan Reichenbach,Gresham,Oregon,Phones,BlackBerry Q10,403.168,4,25.198,4,2013,3,6.25,Profit
US-2013-114293,2013-11-22,2013-11-27,Justin Hirsh,Gresham,Oregon,Chairs,Novimex Fabric Task Chair,195.136,4,-12.196,5,2013,11,-6.25,Loss
CA-2014-101749,2014-10-04,2014-10-09,Aaron Smayling,Pasadena,California,Tables,"Lesro Sheffield Collection Coffee Table, End Table, Center Table, Corner Table",171.288,3,-6.4233,5,2014,10,-3.75,Loss
CA-2014-149559,2014-09-12,2014-09-13,Karen Ferguson,Long Beach,California,Paper,Xerox 1996,12.96,2,6.2208,1,2014,9,47.99999999999999,Profit
CA-2014-149559,2014-09-12,2014-09-13,Karen Ferguson,Long Beach,California,Envelopes,#10 Self-Seal White Envelopes,22.18,2,10.8682,1,2014,9,49.0,Profit
CA-2014-149559,2014-09-12,2014-09-13,Karen Ferguson,Long Beach,California,Chairs,Hon Pagoda Stacking Chairs,2054.272,8,256.784,1,2014,9,12.5,Profit
CA-2011-137351,2011-09-30,2011-10-04,Doug Bickford,Seattle,Washington,Binders,DXL Angle-View Binders with Locking Rings by Samsill,43.176,7,13.4925,4,2011,9,31.25,Profit
US-2014-148054,2014-10-07,2014-10-12,Nick Zandusky,Meridian,Idaho,Furnishings,36X48 HARDFLOOR CHAIRMAT,41.96,2,2.9372,5,2014,10,6.999999999999999,Profit
US-2014-148054,2014-10-07,2014-10-12,Nick Zandusky,Meridian,Idaho,Appliances,"Conquest 14 Commercial Heavy-Duty Upright Vacuum, Collection System, Accessory Kit",227.84,4,66.0736,5,2014,10,28.999999999999996,Profit
US-2014-148054,2014-10-07,2014-10-12,Nick Zandusky,Meridian,Idaho,Paper,Computer Printout Paper with Letter-Trim Perforations,37.94,2,18.2112,5,2014,10,48.00000000000001,Profit
CA-2014-131492,2014-10-20,2014-10-25,Hilary Holden,San Francisco,California,Envelopes,Ampad #10 Peel & Seel Holiday Envelopes,8.96,2,4.3008,5,2014,10,47.99999999999999,Profit
CA-2014-131492,2014-10-20,2014-10-25,Hilary Holden,San Francisco,California,Labels,Avery 518,31.5,10,15.12,5,2014,10,48.0,Profit
CA-2014-131492,2014-10-20,2014-10-25,Hilary Holden,San Francisco,California,Furnishings,"Linden 10"" Round Wall Clock, Black",30.56,2,10.3904,5,2014,10,34.0,Profit
CA-2014-131492,2014-10-20,2014-10-25,Hilary Holden,San Francisco,California,Tables,Anderson Hickey Conga Table Tops & Accessories,24.368,2,-3.3506,5,2014,10,-13.750000000000002,Loss
CA-2014-106859,2014-03-14,2014-03-19,Benjamin Farhat,Albuquerque,New Mexico,Storage,"SimpliFile Personal File, Black Granite, 15w x 6-15/16d x 11-1/4h",90.8,8,25.424,5,2014,3,28.000000000000004,Profit
CA-2014-106859,2014-03-14,2014-03-19,Benjamin Farhat,Albuquerque,New Mexico,Phones,OtterBox Commuter Series Case - iPhone 5 & 5s,140.736,8,49.2576,5,2014,3,35.0,Profit
CA-2014-106859,2014-03-14,2014-03-19,Benjamin Farhat,Albuquerque,New Mexico,Accessories,Logitech Wireless Headset H600 Over-The-Head Design,214.95,5,88.1295,5,2014,3,41.0,Profit
CA-2014-106859,2014-03-14,2014-03-19,Benjamin Farhat,Albuquerque,New Mexico,Paper,Xerox 230,45.36,7,21.7728,5,2014,3,48.0,Profit
CA-2014-106859,2014-03-14,2014-03-19,Benjamin Farhat,Albuquerque,New Mexico,Paper,Xerox 1885,288.24,6,138.3552,5,2014,3,48.0,Profit
CA-2013-125206,2013-01-03,2013-01-05,Lena Radford,Los Angeles,California,Storage,Recycled Steel Personal File for Hanging File Folders,114.46,2,28.615,2,2013,1,25.0,Profit
CA-2012-126137,2012-10-03,2012-10-08,Bruce Stewart,Los Angeles,California,Bookcases,"Safco Value Mate Series Steel Bookcases, Baked Enamel Finish on Steel, Gray",120.666,2,18.4548,5,2012,10,15.294117647058822,Profit
CA-2011-104780,2011-05-21,2011-05-25,Bradley Talbott,San Diego,California,Art,4009 Highlighters by Sanford,31.84,8,10.5072,4,2011,5,32.99999999999999,Profit
CA-2014-101182,2014-09-05,2014-09-06,Katrina Bavinger,Apple Valley,California,Paper,Xerox 220,12.96,2,6.2208,1,2014,9,47.99999999999999,Profit
CA-2014-101182,2014-09-05,2014-09-06,Katrina Bavinger,Apple Valley,California,Phones,invisibleSHIELD by ZAGG Smudge-Free Screen Protector,43.176,3,15.1116,1,2014,9,35.0,Profit
CA-2013-150350,2013-08-24,2013-08-31,Maxwell Schwartz,Seattle,Washington,Machines,Okidata C331dn Printer,837.6,3,62.82,7,2013,8,7.5,Profit
CA-2013-150350,2013-08-24,2013-08-31,Maxwell Schwartz,Seattle,Washington,Envelopes,"Tyvek  Top-Opening Peel & Seel Envelopes, Plain White",135.9,5,63.873,7,2013,8,47.0,Profit
CA-2013-150350,2013-08-24,2013-08-31,Maxwell Schwartz,Seattle,Washington,Paper,Xerox 1978,34.68,6,16.9932,7,2013,8,49.00000000000001,Profit
CA-2013-150350,2013-08-24,2013-08-31,Maxwell Schwartz,Seattle,Washington,Chairs,Office Star Flex Back Scooter Chair with White Frame,532.704,6,-39.9528,7,2013,8,-7.500000000000001,Loss
CA-2013-150350,2013-08-24,2013-08-31,Maxwell Schwartz,Seattle,Washington,Appliances,"Acco Six-Outlet Power Strip, 4' Cord Length",43.1,5,11.206,7,2013,8,25.999999999999996,Profit
CA-2013-150350,2013-08-24,2013-08-31,Maxwell Schwartz,Seattle,Washington,Supplies,Acme Rosewood Handle Letter Opener,15.88,4,0.1588,7,2013,8,0.9999999999999999,Profit
CA-2011-136399,2011-12-16,2011-12-17,Chad Cunningham,Los Angeles,California,Furnishings,"Executive Impressions 14"" Contract Wall Clock",44.46,2,14.6718,1,2011,12,32.99999999999999,Profit
CA-2011-136399,2011-12-16,2011-12-17,Chad Cunningham,Los Angeles,California,Chairs,DMI Arturo Collection Mission-style Design Wood Chair,241.568,2,18.1176,1,2011,12,7.5,Profit
CA-2011-136399,2011-12-16,2011-12-17,Chad Cunningham,Los Angeles,California,Accessories,First Data FD10 PIN Pad,395.0,5,39.5,1,2011,12,10.0,Profit
CA-2011-136399,2011-12-16,2011-12-17,Chad Cunningham,Los Angeles,California,Phones,GE 30524EE4,627.168,4,70.5564,1,2011,12,11.249999999999998,Profit
CA-2014-131828,2014-02-12,2014-02-14,Cari Sayre,Seattle,Washington,Chairs,"Global Leather and Oak Executive Chair, Black",963.136,4,108.3528,2,2014,2,11.25,Profit
CA-2014-131828,2014-02-12,2014-02-14,Cari Sayre,Seattle,Washington,Phones,"Logitech B530 USB Headset - headset - Full size, Binaural",88.776,3,7.7679,2,2014,2,8.75,Profit
CA-2011-109218,2011-06-30,2011-07-03,Anthony Rawles,Los Angeles,California,Art,"BIC Brite Liner Highlighters, Chisel Tip",32.4,5,10.368,3,2011,6,32.0,Profit
US-2011-109036,2011-12-20,2011-12-25,Keith Herrera,Seattle,Washington,Labels,Avery 489,31.05,3,14.904,5,2011,12,48.0,Profit
CA-2011-128986,2011-08-03,2011-08-05,Gary Hansen,Glendale,Arizona,Paper,White Computer Printout Paper by Universal,93.024,3,33.7212,2,2011,8,36.25000000000001,Profit
CA-2011-153969,2011-09-21,2011-09-25,Herbert Flentye,San Francisco,California,Envelopes,Staples,15.56,2,7.3132,4,2011,9,47.0,Profit
CA-2011-153969,2011-09-21,2011-09-25,Herbert Flentye,San Francisco,California,Envelopes,"#10 White Business Envelopes,4 1/8 x 9 1/2",78.35,5,36.8245,4,2011,9,47.0,Profit
CA-2011-153969,2011-09-21,2011-09-25,Herbert Flentye,San Francisco,California,Art,Newell 34,59.52,3,15.4752,4,2011,9,25.999999999999996,Profit
CA-2011-153969,2011-09-21,2011-09-25,Herbert Flentye,San Francisco,California,Paper,Xerox 1971,38.52,9,17.334,4,2011,9,44.99999999999999,Profit
CA-2011-153969,2011-09-21,2011-09-25,Herbert Flentye,San Francisco,California,Phones,Polycom CX300 Desktop Phone USB VoIP phone,239.984,2,23.9984,4,2011,9,10.0,Profit
CA-2011-153969,2011-09-21,2011-09-25,Herbert Flentye,San Francisco,California,Paper,"Wirebound Four 2-3/4 x 5 Forms per Page, 400 Sets per Book",19.35,3,9.4815,4,2011,9,49.0,Profit
US-2014-132059,2014-09-24,2014-09-30,Arthur Prichep,Fort Collins,Colorado,Bookcases,"Atlantic Metals Mobile 5-Shelf Bookcases, Custom Colors",180.588,2,-240.784,6,2014,9,-133.33333333333331,Loss
US-2014-132059,2014-09-24,2014-09-30,Arthur Prichep,Fort Collins,Colorado,Accessories,Belkin F8E887 USB Wired Ergonomic Keyboard,47.984,2,0.5998,6,2014,9,1.25,Profit
US-2014-146416,2014-10-21,2014-10-23,Justin Ellison,Woodland,California,Labels,Avery 510,3.75,1,1.8,2,2014,10,48.00000000000001,Profit
US-2014-146416,2014-10-21,2014-10-23,Justin Ellison,Woodland,California,Binders,Wilson Jones Four-Pocket Poly Binders,20.928,4,7.5864,2,2014,10,36.25,Profit
CA-2012-149384,2012-07-10,2012-07-10,Eric Hoffmann,Tempe,Arizona,Binders,Accohide Poly Flexible Ring Binders,3.366,3,-2.244,0,2012,7,-66.66666666666667,Loss
CA-2011-158372,2011-11-10,2011-11-16,Ruben Dartt,San Diego,California,Phones,Jabra SPEAK 410,601.536,8,60.1536,6,2011,11,10.0,Profit
CA-2011-158372,2011-11-10,2011-11-16,Ruben Dartt,San Diego,California,Accessories,Memorex Froggy Flash Drive 4 GB,10.99,1,4.2861,6,2011,11,39.0,Profit
CA-2011-158372,2011-11-10,2011-11-16,Ruben Dartt,San Diego,California,Furnishings,Luxo Economy Swing Arm Lamp,39.88,2,11.1664,6,2011,11,27.999999999999996,Profit
CA-2011-158372,2011-11-10,2011-11-16,Ruben Dartt,San Diego,California,Paper,"Southworth 100% RÃ©sumÃ© Paper, 24lb.",62.24,8,28.008,6,2011,11,44.99999999999999,Profit
CA-2011-158372,2011-11-10,2011-11-16,Ruben Dartt,San Diego,California,Furnishings,"Eldon Expressions Punched Metal & Wood Desk Accessories, Pewter & Cherry",53.2,5,14.896,6,2011,11,28.000000000000004,Profit
CA-2011-158372,2011-11-10,2011-11-16,Ruben Dartt,San Diego,California,Labels,Avery White Multi-Purpose Labels,39.84,8,18.3264,6,2011,11,46.0,Profit
CA-2013-108882,2013-01-09,2013-01-15,Laura Armstrong,Fresno,California,Accessories,Logitech G500s Laser Gaming Mouse with Adjustable Weight Tuning,349.95,5,118.983,6,2013,1,34.0,Profit
CA-2013-108882,2013-01-09,2013-01-15,Laura Armstrong,Fresno,California,Phones,netTALK DUO VoIP Telephone Service,377.928,9,141.723,6,2013,1,37.50000000000001,Profit
CA-2014-150189,2014-07-09,2014-07-11,Vivek Gonzalez,San Mateo,California,Labels,Avery 485,75.18,6,35.3346,2,2014,7,47.0,Profit
CA-2011-114433,2011-05-13,2011-05-17,Naresj Patel,Oakland,California,Accessories,Plantronics Audio 478 Stereo USB Headset,149.97,3,52.4895,4,2011,5,35.0,Profit
CA-2011-108189,2011-10-02,2011-10-05,Erin Smith,Tempe,Arizona,Paper,"Adams Telephone Message Book W/Dividers/Space For Phone Numbers, 5 1/4""X8 1/2"", 300/Messages",9.408,2,3.4104,3,2011,10,36.25000000000001,Profit
CA-2011-108189,2011-10-02,2011-10-05,Erin Smith,Tempe,Arizona,Fasteners,Staples,4.672,2,1.46,3,2011,10,31.25,Profit
CA-2011-108189,2011-10-02,2011-10-05,Erin Smith,Tempe,Arizona,Phones,Bose SoundLink Bluetooth Speaker,318.4,2,107.46,3,2011,10,33.75,Profit
CA-2011-108189,2011-10-02,2011-10-05,Erin Smith,Tempe,Arizona,Envelopes,Letter or Legal Size Expandable Poly String Tie Envelopes,12.768,6,4.6284,3,2011,10,36.25,Profit
CA-2011-108189,2011-10-02,2011-10-05,Erin Smith,Tempe,Arizona,Supplies,Stiletto Hand Letter Openers,15.36,2,-3.264,3,2011,10,-21.25,Loss
CA-2011-108189,2011-10-02,2011-10-05,Erin Smith,Tempe,Arizona,Phones,Pyle PMP37LED,230.376,3,20.1579,3,2011,10,8.75,Profit
CA-2011-108189,2011-10-02,2011-10-05,Erin Smith,Tempe,Arizona,Accessories,Kingston Digital DataTraveler 16GB USB 2.0,7.16,1,-0.0895,3,2011,10,-1.25,Loss
CA-2013-138933,2013-04-25,2013-04-28,Jack Lebron,Riverside,California,Binders,Cardinal Holdit Business Card Pockets,3.984,1,1.3944,3,2013,4,35.0,Profit
US-2014-140907,2014-12-11,2014-12-13,Ben Peterman,Seattle,Washington,Accessories,Logitech Desktop MK120 Mouse and keyboard Combo,49.08,3,4.908,2,2014,12,10.0,Profit
US-2014-140907,2014-12-11,2014-12-13,Ben Peterman,Seattle,Washington,Storage,Fellowes Bankers Box Staxonsteel Drawer File/Stacking System,324.9,5,38.988,2,2014,12,12.000000000000002,Profit
US-2014-140907,2014-12-11,2014-12-13,Ben Peterman,Seattle,Washington,Art,Col-Erase Pencils with Erasers,18.24,3,5.2896,2,2014,12,29.000000000000004,Profit
CA-2013-159730,2013-09-18,2013-09-22,Sanjit Jacobs,Seattle,Washington,Chairs,Harbour Creations 67200 Series Stacking Chairs,113.888,2,9.9652,4,2013,9,8.75,Profit
CA-2013-159730,2013-09-18,2013-09-22,Sanjit Jacobs,Seattle,Washington,Phones,Clarity 53712,105.584,2,7.9188,4,2013,9,7.5,Profit
CA-2013-155474,2013-07-09,2013-07-15,Chris Cortes,Seattle,Washington,Phones,Logitech Mobile Speakerphone P710e - speaker phone,107.984,1,9.4486,6,2013,7,8.75,Profit
CA-2013-155474,2013-07-09,2013-07-15,Chris Cortes,Seattle,Washington,Binders,"Fellowes Twister Kit, Gray/Clear, 3/pkg",19.296,3,6.03,6,2013,7,31.25,Profit
CA-2011-140662,2011-11-17,2011-11-19,Thomas Seio,San Francisco,California,Accessories,Case Logic 2.4GHz Wireless Keyboard,99.98,2,7.9984,2,2011,11,8.0,Profit
CA-2011-140662,2011-11-17,2011-11-19,Thomas Seio,San Francisco,California,Paper,Xerox 1941,733.95,7,352.296,2,2011,11,48.0,Profit
CA-2011-140662,2011-11-17,2011-11-19,Thomas Seio,San Francisco,California,Appliances,APC 7 Outlet Network SurgeArrest Surge Protector,241.44,3,72.432,2,2011,11,30.0,Profit
CA-2012-155145,2012-12-27,2012-12-29,Kean Nguyen,Visalia,California,Accessories,Maxell 4.7GB DVD-R 5/Pack,7.92,8,3.4848,2,2012,12,44.0,Profit
CA-2012-146038,2012-02-09,2012-02-16,Sarah Jordon,Los Angeles,California,Chairs,"Global Deluxe Stacking Chair, Gray",203.92,5,22.941,7,2012,2,11.25,Profit
CA-2014-133865,2014-05-09,2014-05-13,Penelope Sewall,Los Angeles,California,Copiers,Canon Imageclass D680 Copier / Fax,3359.952,6,1049.985,4,2014,5,31.249999999999993,Profit
CA-2012-157770,2012-12-13,2012-12-15,Rob Dowd,Temecula,California,Phones,Plantronics Voyager Pro Legend,494.376,3,49.4376,2,2012,12,10.0,Profit
CA-2012-157770,2012-12-13,2012-12-15,Rob Dowd,Temecula,California,Binders,"Angle-D Binders with Locking Rings, Label Holders",29.2,5,9.855,2,2012,12,33.75,Profit
CA-2012-157770,2012-12-13,2012-12-15,Rob Dowd,Temecula,California,Accessories,Logitech K350 2.4Ghz Wireless Keyboard,248.85,5,27.3735,2,2012,12,11.0,Profit
CA-2012-157770,2012-12-13,2012-12-15,Rob Dowd,Temecula,California,Accessories,Memorex Mini Travel Drive 64 GB USB 2.0 Flash Drive,36.24,1,15.2208,2,2012,12,42.0,Profit
CA-2011-106264,2011-12-26,2011-12-30,Clytie Kelty,San Diego,California,Supplies,Acme Rosewood Handle Letter Opener,11.91,3,0.1191,4,2011,12,1.0,Profit
CA-2011-106264,2011-12-26,2011-12-30,Clytie Kelty,San Diego,California,Furnishings,"Eldon Regeneration Recycled Desk Accessories, Smoke",3.48,2,1.1136,4,2011,12,32.0,Profit
US-2012-110569,2012-05-23,2012-05-30,Emily Burns,Phoenix,Arizona,Binders,Cardinal EasyOpen D-Ring Binders,19.194,7,-12.796,7,2012,5,-66.66666666666666,Loss
US-2012-110569,2012-05-23,2012-05-30,Emily Burns,Phoenix,Arizona,Appliances,Fellowes Superior 10 Outlet Split Surge Protector,121.792,4,13.7016,7,2012,5,11.249999999999998,Profit
CA-2014-136308,2014-11-17,2014-11-17,Mitch Willingham,San Francisco,California,Machines,Bady BDG101FRU Card Printer,1919.976,3,215.9973,0,2014,11,11.249999999999998,Profit
US-2011-133130,2011-09-27,2011-10-01,Thea Hendricks,San Diego,California,Chairs,DMI Arturo Collection Mission-style Design Wood Chair,603.92,5,45.294,4,2011,9,7.5,Profit
US-2011-133130,2011-09-27,2011-10-01,Thea Hendricks,San Diego,California,Paper,Xerox 1919,81.98,2,40.1702,4,2011,9,49.0,Profit
CA-2012-165057,2012-09-11,2012-09-15,Steven Cartwright,Redlands,California,Art,Boston 19500 Mighty Mite Electric Pencil Sharpener,181.35,9,48.9645,4,2012,9,27.0,Profit
CA-2012-165057,2012-09-11,2012-09-15,Steven Cartwright,Redlands,California,Labels,Avery 474,8.64,3,4.2336,4,2012,9,49.0,Profit
US-2014-109253,2014-08-22,2014-08-23,Patrick Ryan,Oakland,California,Art,Newell 336,17.12,4,4.9648,1,2014,8,28.999999999999996,Profit
US-2014-109253,2014-08-22,2014-08-23,Patrick Ryan,Oakland,California,Phones,Cisco 8x8 Inc. 6753i IP Business Phone System,431.968,4,37.7972,1,2014,8,8.75,Profit
US-2014-109253,2014-08-22,2014-08-23,Patrick Ryan,Oakland,California,Furnishings,Tenex Chairmats For Use with Hard Floors,129.92,4,10.3936,1,2014,8,8.0,Profit
US-2014-109253,2014-08-22,2014-08-23,Patrick Ryan,Oakland,California,Tables,Chromcraft Rectangular Conference Tables,568.728,3,28.4364,1,2014,8,5.0,Profit
US-2014-109253,2014-08-22,2014-08-23,Patrick Ryan,Oakland,California,Binders,"Acco Flexible ACCOHIDE Square Ring Data Binder, Dark Blue, 11 1/2"" X 14"" 7/8""",117.144,9,42.4647,1,2014,8,36.25,Profit
US-2014-109253,2014-08-22,2014-08-23,Patrick Ryan,Oakland,California,Appliances,Fellowes Command Center 5-outlet power strip,203.52,3,54.9504,1,2014,8,27.0,Profit
US-2014-109253,2014-08-22,2014-08-23,Patrick Ryan,Oakland,California,Labels,"Avery Address/Shipping Labels for Typewriters, 4"" x 2""",51.75,5,24.84,1,2014,8,48.0,Profit
CA-2012-112011,2012-08-13,2012-08-20,Odella Nelson,Yucaipa,California,Art,50 Colored Long Pencils,50.8,5,13.208,7,2012,8,26.0,Profit
US-2013-157308,2013-08-18,2013-08-22,Neoma Murray,Seattle,Washington,Binders,"Acco Pressboard Covers with Storage Hooks, 14 7/8"" x 11"", Light Blue",15.712,4,5.6956,4,2013,8,36.25,Profit
US-2011-134733,2011-09-23,2011-09-28,Brian Moss,San Diego,California,Bookcases,"Rush Hierlooms Collection 1"" Thick Stackable Bookcases",435.999,3,20.5176,5,2011,9,4.705882352941177,Profit
US-2011-134733,2011-09-23,2011-09-28,Brian Moss,San Diego,California,Phones,netTALK DUO VoIP Telephone Service,83.984,2,31.494,5,2011,9,37.5,Profit
CA-2011-115161,2011-02-01,2011-02-03,Liz Carlisle,Mission Viejo,California,Bookcases,"Sauder Facets Collection Library, Sky Alder Finish",290.666,2,3.4196,2,2011,2,1.1764705882352942,Profit
CA-2012-115511,2012-11-21,2012-11-25,Natalie Webber,Las Vegas,Nevada,Bookcases,"Hon Metal Bookcases, Putty",141.96,2,41.1684,4,2012,11,28.999999999999996,Profit
CA-2012-115511,2012-11-21,2012-11-25,Natalie Webber,Las Vegas,Nevada,Binders,"Square Ring Data Binders, Rigid 75 Pt. Covers, 11"" x 14-7/8""",66.048,4,23.1168,4,2012,11,35.0,Profit
CA-2014-123778,2014-09-24,2014-10-01,Bruce Stewart,San Francisco,California,Binders,"Acco PRESSTEX Data Binder with Storage Hooks, Light Blue, 9 1/2"" X 11""",25.824,6,9.0384,7,2014,9,35.0,Profit
CA-2014-123778,2014-09-24,2014-10-01,Bruce Stewart,San Francisco,California,Appliances,APC 7 Outlet Network SurgeArrest Surge Protector,160.96,2,48.288,7,2014,9,30.0,Profit
CA-2011-166471,2011-08-09,2011-08-13,Matthew Grinstein,Seattle,Washington,Phones,Cisco Unified IP Phone 7945G VoIP phone,1091.168,4,68.198,4,2011,8,6.25,Profit
CA-2011-166471,2011-08-09,2011-08-13,Matthew Grinstein,Seattle,Washington,Phones,Jawbone MINI JAMBOX Wireless Bluetooth Speaker,219.168,2,-43.8336,4,2011,8,-20.0,Loss
CA-2012-152527,2012-10-17,2012-10-17,Charlotte Melton,Los Angeles,California,Storage,"Eldon Base for stackable storage shelf, platinum",77.88,2,3.894,0,2012,10,5.0,Profit
CA-2013-100244,2013-09-21,2013-09-25,Greg Maxwell,San Francisco,California,Paper,Strathmore Photo Frame Cards,65.79,9,30.2634,4,2013,9,46.0,Profit
CA-2013-100244,2013-09-21,2013-09-25,Greg Maxwell,San Francisco,California,Binders,Fellowes PB200 Plastic Comb Binding Machine,271.984,2,88.3948,4,2013,9,32.5,Profit
CA-2013-100244,2013-09-21,2013-09-25,Greg Maxwell,San Francisco,California,Art,Newell 343,11.76,4,3.1752,4,2013,9,26.999999999999996,Profit
CA-2013-100244,2013-09-21,2013-09-25,Greg Maxwell,San Francisco,California,Paper,Xerox 1944,77.52,2,37.9848,4,2013,9,49.00000000000001,Profit
CA-2013-100244,2013-09-21,2013-09-25,Greg Maxwell,San Francisco,California,Binders,Ibico Plastic Spiral Binding Combs,48.64,2,15.808,4,2013,9,32.5,Profit
CA-2012-151841,2012-04-27,2012-05-02,Tony Chapman,Aurora,Colorado,Appliances,Belkin 6 Outlet Metallic Surge Strip,43.56,5,3.267,5,2012,4,7.5,Profit
CA-2012-151841,2012-04-27,2012-05-02,Tony Chapman,Aurora,Colorado,Supplies,Acme Value Line Scissors,5.84,2,0.73,5,2012,4,12.5,Profit
CA-2013-134803,2013-05-29,2013-06-04,Clay Ludtke,Los Angeles,California,Appliances,Kensington 7 Outlet MasterPiece HOMEOFFICE Power Control Center,262.24,2,78.672,6,2013,5,30.0,Profit
CA-2013-134803,2013-05-29,2013-06-04,Clay Ludtke,Los Angeles,California,Paper,Xerox 1991,182.72,8,84.0512,6,2013,5,46.0,Profit
CA-2013-134803,2013-05-29,2013-06-04,Clay Ludtke,Los Angeles,California,Accessories,Imation Clip USB flash drive - 8 GB,131.6,7,7.896,6,2013,5,6.000000000000001,Profit
CA-2013-134803,2013-05-29,2013-06-04,Clay Ludtke,Los Angeles,California,Binders,"Wilson Jones Hanging View Binder, White, 1""",22.72,4,7.384,6,2013,5,32.5,Profit
CA-2013-134803,2013-05-29,2013-06-04,Clay Ludtke,Los Angeles,California,Machines,Okidata C331dn Printer,558.4,2,41.88,6,2013,5,7.500000000000001,Profit
CA-2014-148264,2014-12-09,2014-12-10,Luke Foster,Inglewood,California,Storage,Akro-Mils 12-Gallon Tote,29.79,3,8.6391,1,2014,12,28.999999999999996,Profit
CA-2014-148264,2014-12-09,2014-12-10,Luke Foster,Inglewood,California,Furnishings,"Tenex Traditional Chairmats for Hard Floors, Average Lip, 36"" x 48""",128.9,2,15.468,1,2014,12,12.0,Profit
CA-2014-148264,2014-12-09,2014-12-10,Luke Foster,Inglewood,California,Paper,Xerox 1968,60.12,9,28.8576,1,2014,12,48.00000000000001,Profit
CA-2014-131212,2014-12-06,2014-12-10,Alan Barnes,Bellevue,Washington,Binders,GBC Wire Binding Combs,24.816,3,8.3754,4,2014,12,33.75,Profit
CA-2014-131212,2014-12-06,2014-12-10,Alan Barnes,Bellevue,Washington,Binders,Zipper Ring Binder Pockets,14.976,6,5.4288,4,2014,12,36.25,Profit
CA-2012-144099,2012-11-29,2012-11-30,Phillina Ober,San Francisco,California,Binders,"Acco PRESSTEX Data Binder with Storage Hooks, Dark Blue, 14 7/8"" X 11""",4.304,1,1.5602,1,2012,11,36.25,Profit
CA-2013-162614,2013-10-08,2013-10-14,Tim Brockman,Los Angeles,California,Binders,GBC Recycled VeloBinder Covers,27.264,2,8.8608,6,2013,10,32.5,Profit
CA-2011-168592,2011-09-08,2011-09-14,Dennis Pardue,San Francisco,California,Appliances,"Holmes Replacement Filter for HEPA Air Cleaner, Medium Room",56.65,5,24.3595,6,2011,9,43.00000000000001,Profit
CA-2011-168592,2011-09-08,2011-09-14,Dennis Pardue,San Francisco,California,Storage,Pizazz Global Quick File,14.97,1,4.1916,6,2011,9,28.000000000000004,Profit
CA-2011-168592,2011-09-08,2011-09-14,Dennis Pardue,San Francisco,California,Fasteners,Ideal Clamps,4.02,2,1.9698,6,2011,9,49.00000000000001,Profit
US-2013-150035,2013-12-02,2013-12-06,Carl Ludwig,San Francisco,California,Furnishings,Westinghouse Clip-On Gooseneck Lamps,16.74,2,4.3524,4,2013,12,26.000000000000007,Profit
CA-2011-143385,2011-08-31,2011-09-05,Shirley Jackson,Santa Fe,New Mexico,Accessories,KeyTronic KT400U2 - Keyboard - Black,92.52,9,18.504,5,2011,8,20.0,Profit
CA-2013-131289,2013-12-09,2013-12-15,Stefania Perrino,San Francisco,California,Art,Newell 341,8.56,2,2.4824,6,2013,12,28.999999999999996,Profit
CA-2013-131289,2013-12-09,2013-12-15,Stefania Perrino,San Francisco,California,Paper,Xerox 204,45.36,7,21.7728,6,2013,12,48.0,Profit
CA-2013-131289,2013-12-09,2013-12-15,Stefania Perrino,San Francisco,California,Tables,Hon 94000 Series Round Tables,1421.664,6,-195.4788,6,2013,12,-13.750000000000002,Loss
CA-2013-107328,2013-08-09,2013-08-16,Cathy Armstrong,Los Angeles,California,Tables,"Chromcraft 48"" x 96"" Racetrack Double Pedestal Table",513.024,2,12.8256,7,2013,8,2.5,Profit
CA-2013-107328,2013-08-09,2013-08-16,Cathy Armstrong,Los Angeles,California,Appliances,Kensington 4 Outlet MasterPiece Compact Power Control Center,487.92,6,136.6176,7,2013,8,28.000000000000004,Profit
CA-2013-107328,2013-08-09,2013-08-16,Cathy Armstrong,Los Angeles,California,Binders,Acco Hanging Data Binders,15.24,5,5.334,7,2013,8,35.0,Profit
CA-2012-168767,2012-04-10,2012-04-15,Dario Medina,Sacramento,California,Binders,Insertable Tab Post Binder Dividers,12.832,2,4.3308,5,2012,4,33.75,Profit
CA-2013-137673,2013-09-06,2013-09-11,Marina Lichtenstein,San Diego,California,Accessories,HP Standard 104 key PS/2 Keyboard,116.0,8,29.0,5,2013,9,25.0,Profit
CA-2013-130680,2013-06-25,2013-06-30,Bill Donatelli,San Diego,California,Phones,Macally Suction Cup Mount,38.24,4,-9.56,5,2013,6,-25.0,Loss
CA-2011-110849,2011-04-18,2011-04-23,John Lee,Los Angeles,California,Machines,Ativa MDM8000 8-Sheet Micro-Cut Shredder,287.968,4,97.1892,5,2011,4,33.75,Profit
CA-2011-110849,2011-04-18,2011-04-23,John Lee,Los Angeles,California,Art,Newell 351,13.12,4,3.8048,5,2011,4,29.000000000000004,Profit
CA-2011-110849,2011-04-18,2011-04-23,John Lee,Los Angeles,California,Art,"Binney & Smith inkTank Desk Highlighter, Chisel Tip, Yellow, 12/Box",10.75,5,3.5475,5,2011,4,33.0,Profit
CA-2011-110849,2011-04-18,2011-04-23,John Lee,Los Angeles,California,Fasteners,"Advantus Push Pins, Aluminum Head",11.62,2,3.6022,5,2011,4,31.0,Profit
CA-2011-120838,2011-03-23,2011-03-26,Patrick O'Donnell,Los Angeles,California,Storage,Economy Rollaway Files,330.4,2,85.904,3,2011,3,26.0,Profit
CA-2011-120838,2011-03-23,2011-03-26,Patrick O'Donnell,Los Angeles,California,Phones,Ooma Telo VoIP Home Phone System,604.752,6,37.797,3,2011,3,6.25,Profit
CA-2014-118542,2014-12-02,2014-12-06,Clay Cheatham,Los Angeles,California,Paper,Xerox 1905,45.36,7,21.7728,4,2014,12,48.0,Profit
CA-2014-118542,2014-12-02,2014-12-06,Clay Cheatham,Los Angeles,California,Binders,"Cardinal HOLDit! Binder Insert Strips,Extra Strips",10.128,2,3.6714,4,2014,12,36.25000000000001,Profit
CA-2014-152737,2014-11-08,2014-11-13,Tony Sayre,San Francisco,California,Binders,Avery Self-Adhesive Photo Pockets for Polaroid Photos,21.792,4,7.6272,5,2014,11,35.0,Profit
CA-2014-152737,2014-11-08,2014-11-13,Tony Sayre,San Francisco,California,Accessories,Plantronics Audio 995 Wireless Stereo Headset,439.8,4,145.134,5,2014,11,32.99999999999999,Profit
CA-2013-130029,2013-07-04,2013-07-07,Guy Thornton,Los Angeles,California,Paper,Xerox 200,12.96,2,6.2208,3,2013,7,47.99999999999999,Profit
CA-2013-130029,2013-07-04,2013-07-07,Guy Thornton,Los Angeles,California,Fasteners,"Brites Rubber Bands, 1 1/2 oz. Box",3.96,2,0.0792,3,2013,7,2.0,Profit
CA-2014-168109,2014-07-04,2014-07-04,Jim Kriz,Seattle,Washington,Accessories,Logitech 910-002974 M325 Wireless Mouse for Web Scrolling,59.98,2,26.3912,0,2014,7,44.00000000000001,Profit
CA-2014-168109,2014-07-04,2014-07-04,Jim Kriz,Seattle,Washington,Machines,Okidata MB491 Multifunction Printer,2395.2,6,209.58,0,2014,7,8.75,Profit
CA-2014-168109,2014-07-04,2014-07-04,Jim Kriz,Seattle,Washington,Accessories,Plantronics Savi W720 Multi-Device Wireless Headset System,1687.8,4,742.632,0,2014,7,44.0,Profit
CA-2014-168109,2014-07-04,2014-07-04,Jim Kriz,Seattle,Washington,Phones,"Square Credit Card Reader, 4 1/2"" x 4 1/2"" x 1"", White",7.992,1,2.6973,0,2014,7,33.75,Profit
CA-2013-103163,2013-06-08,2013-06-12,Frank Merwin,Bakersfield,California,Binders,Avery Hanging File Binders,4.784,1,1.5548,4,2013,6,32.5,Profit
CA-2013-103163,2013-06-08,2013-06-12,Frank Merwin,Bakersfield,California,Paper,"While You Were Out Pads, 50 per Pad, 4 x 5 1/4, Green Cycle",4.73,1,2.3177,4,2013,6,48.99999999999999,Profit
CA-2014-161823,2014-09-04,2014-09-09,Aleksandra Gannaway,San Francisco,California,Art,"Premium Writing Pencils, Soft, #2 by Central Association for the Blind",5.96,2,1.6688,5,2014,9,28.000000000000004,Profit
CA-2014-138310,2014-06-27,2014-07-01,Nora Preis,Denver,Colorado,Accessories,Kensington Orbit Wireless Mobile Trackball for PC and Mac,431.928,9,64.7892,4,2014,6,15.0,Profit
CA-2014-141929,2014-09-05,2014-09-09,Ralph Arnett,Los Angeles,California,Binders,Ibico Hi-Tech Manual Binding System,487.984,2,152.495,4,2014,9,31.25,Profit
CA-2014-141929,2014-09-05,2014-09-09,Ralph Arnett,Los Angeles,California,Phones,QVS USB Car Charger 2-Port 2.1Amp for iPod/iPhone/iPad/iPad 2/iPad 3,5.56,1,1.7375,4,2014,9,31.250000000000007,Profit
CA-2014-141929,2014-09-05,2014-09-09,Ralph Arnett,Los Angeles,California,Storage,"Trav-L-File Heavy-Duty Shuttle II, Black",217.85,5,65.355,4,2014,9,30.000000000000004,Profit
CA-2014-113530,2014-05-20,2014-05-22,Becky Castell,San Francisco,California,Chairs,"Situations Contoured Folding Chairs, 4/Set",681.408,12,42.588,2,2014,5,6.25,Profit
CA-2014-113530,2014-05-20,2014-05-22,Becky Castell,San Francisco,California,Art,Newell 310,3.52,2,1.0208,2,2014,5,28.999999999999996,Profit
CA-2014-113530,2014-05-20,2014-05-22,Becky Castell,San Francisco,California,Art,Newell 314,5.58,1,1.395,2,2014,5,25.0,Profit
CA-2014-113530,2014-05-20,2014-05-22,Becky Castell,San Francisco,California,Accessories,SanDisk Cruzer 64 GB USB Flash Drive,36.32,1,10.896,2,2014,5,30.000000000000004,Profit
CA-2011-169726,2011-08-09,2011-08-13,Joseph Holt,Seattle,Washington,Binders,Ibico Ibimaster 300 Manual Binding System,2060.744,7,643.9825,4,2011,8,31.249999999999993,Profit
CA-2014-132178,2014-05-04,2014-05-09,Darren Budd,Los Angeles,California,Storage,"Multi-Use Personal File Cart and Caster Set, Three Stacking Bins",69.52,2,19.4656,5,2014,5,27.999999999999996,Profit
CA-2014-132178,2014-05-04,2014-05-09,Darren Budd,Los Angeles,California,Storage,Fellowes Stor/Drawer Steel Plus Storage Drawers,763.44,8,45.8064,5,2014,5,5.999999999999999,Profit
CA-2011-156594,2011-12-20,2011-12-23,Michael Chen,Los Angeles,California,Binders,Ibico Hi-Tech Manual Binding System,487.984,2,152.495,3,2011,12,31.25,Profit
CA-2011-156594,2011-12-20,2011-12-23,Michael Chen,Los Angeles,California,Art,Boston Home & Office Model 2000 Electric Pencil Sharpeners,47.3,2,12.298,3,2011,12,26.0,Profit
CA-2011-156594,2011-12-20,2011-12-23,Michael Chen,Los Angeles,California,Art,Newell 31,4.13,1,1.1564,3,2011,12,28.000000000000004,Profit
CA-2011-156594,2011-12-20,2011-12-23,Michael Chen,Los Angeles,California,Binders,"Premium Transparent Presentation Covers, No Pattern/Clear, 8 1/2"" x 11""",155.12,5,50.414,3,2011,12,32.5,Profit
CA-2011-146528,2011-07-25,2011-07-27,Vicky Freymann,Los Angeles,California,Paper,Xerox 1966,6.48,1,3.1752,2,2011,7,48.99999999999999,Profit
CA-2011-146528,2011-07-25,2011-07-27,Vicky Freymann,Los Angeles,California,Supplies,Acme Kleen Earth Office Shears,15.52,4,4.5008,2,2011,7,28.999999999999996,Profit
CA-2013-161676,2013-07-19,2013-07-24,Jennifer Patt,Glendale,Arizona,Supplies,"Elite 5"" Scissors",33.8,5,4.225,5,2013,7,12.5,Profit
CA-2011-129364,2011-12-08,2011-12-13,Tim Brockman,Salem,Oregon,Labels,Avery 499,27.888,7,9.0636,5,2011,12,32.49999999999999,Profit
CA-2011-129364,2011-12-08,2011-12-13,Tim Brockman,Salem,Oregon,Binders,"Acco PRESSTEX Data Binder with Storage Hooks, Dark Blue, 9 1/2"" X 11""",6.456,4,-4.5192,5,2011,12,-70.0,Loss
CA-2011-129364,2011-12-08,2011-12-13,Tim Brockman,Salem,Oregon,Phones,Samsung HM1900 Bluetooth Headset,52.68,3,19.755,5,2011,12,37.5,Profit
CA-2011-129364,2011-12-08,2011-12-13,Tim Brockman,Salem,Oregon,Supplies,Acco Side-Punched Conventional Columnar Pads,13.88,5,-2.6025,5,2011,12,-18.75,Loss
CA-2011-129364,2011-12-08,2011-12-13,Tim Brockman,Salem,Oregon,Accessories,SanDisk Ultra 16 GB MicroSDHC Class 10 Memory Card,103.92,10,-18.186,5,2011,12,-17.5,Loss
CA-2011-129364,2011-12-08,2011-12-13,Tim Brockman,Salem,Oregon,Labels,Avery 492,11.52,5,3.744,5,2011,12,32.5,Profit
CA-2011-129364,2011-12-08,2011-12-13,Tim Brockman,Salem,Oregon,Paper,Xerox 232,10.368,2,3.6288,5,2011,12,35.0,Profit
CA-2011-129364,2011-12-08,2011-12-13,Tim Brockman,Salem,Oregon,Storage,Adjustable Personal File Tote,39.072,3,2.9304,5,2011,12,7.5,Profit
CA-2012-156440,2012-12-05,2012-12-09,Matt Hagelstein,San Diego,California,Furnishings,"Executive Impressions 14"" Contract Wall Clock",44.46,2,14.6718,4,2012,12,32.99999999999999,Profit
CA-2013-102792,2013-12-14,2013-12-20,Jasper Cacioppo,Riverside,California,Art,Crayola Colored Pencils,9.84,3,3.2472,6,2013,12,33.0,Profit
CA-2014-140760,2014-06-03,2014-06-06,Denny Ordway,Mesa,Arizona,Paper,Xerox 4200 Series MultiUse Premium Copy Paper (20Lb. and 84 Bright),25.344,6,7.92,3,2014,6,31.25,Profit
CA-2014-140760,2014-06-03,2014-06-06,Denny Ordway,Mesa,Arizona,Envelopes,"Manila Recycled Extra-Heavyweight Clasp Envelopes, 6"" x 9""",43.92,5,15.921,3,2014,6,36.25,Profit
US-2012-131359,2012-10-30,2012-11-02,Frank Atkinson,Denver,Colorado,Machines,Lexmark S315 Color Inkjet Printer,59.994,2,-45.9954,3,2012,10,-76.66666666666666,Loss
US-2012-131359,2012-10-30,2012-11-02,Frank Atkinson,Denver,Colorado,Copiers,Sharp 1540cs Digital Laser Copier,439.992,1,164.997,3,2012,10,37.5,Profit
US-2012-131359,2012-10-30,2012-11-02,Frank Atkinson,Denver,Colorado,Phones,OtterBox Commuter Series Case - iPhone 5 & 5s,87.96,5,30.786,3,2012,10,35.0,Profit
US-2012-131359,2012-10-30,2012-11-02,Frank Atkinson,Denver,Colorado,Furnishings,"Eldon Regeneration Recycled Desk Accessories, Black",15.488,4,3.6784,3,2012,10,23.75,Profit
CA-2012-151680,2012-11-19,2012-11-21,Tony Chapman,Seattle,Washington,Furnishings,"Tenex V2T-RE Standard Weight Series Chair Mat, 45"" x 53"", Lip 25"" x 12""",141.96,2,22.7136,2,2012,11,15.999999999999998,Profit
CA-2011-140039,2011-09-13,2011-09-17,Odella Nelson,Tempe,Arizona,Storage,Eldon File Chest Portable File,79.4,5,5.955,4,2011,9,7.5,Profit
CA-2014-113670,2014-10-16,2014-10-18,Roland Schwarz,Los Angeles,California,Tables,Bush Advantage Collection Round Conference Table,510.24,3,6.378,2,2014,10,1.25,Profit
CA-2014-113670,2014-10-16,2014-10-18,Roland Schwarz,Los Angeles,California,Paper,Xerox 1919,204.95,5,100.4255,2,2014,10,49.00000000000001,Profit
CA-2014-166198,2014-04-22,2014-04-25,Joni Wasserman,Seattle,Washington,Accessories,"Verbatim Slim CD and DVD Storage Cases, 50/Pack",11.54,1,3.462,3,2014,4,30.000000000000004,Profit
CA-2014-166198,2014-04-22,2014-04-25,Joni Wasserman,Seattle,Washington,Furnishings,Eldon Advantage Foldable Chair Mats for Low Pile Carpets,162.6,3,34.146,3,2014,4,21.000000000000004,Profit
CA-2011-135608,2011-12-08,2011-12-10,Jim Karlsson,Olympia,Washington,Paper,Xerox 1964,45.68,2,21.0128,2,2011,12,46.0,Profit
CA-2011-135608,2011-12-08,2011-12-10,Jim Karlsson,Olympia,Washington,Chairs,DMI Arturo Collection Mission-style Design Wood Chair,603.92,5,45.294,2,2011,12,7.5,Profit
US-2011-169789,2011-12-30,2012-01-04,Maureen Fritzler,Phoenix,Arizona,Binders,Ibico Ibimaster 300 Manual Binding System,551.985,5,-459.9875,5,2011,12,-83.33333333333334,Loss
CA-2013-151512,2013-12-27,2014-01-03,Sally Hughsby,Denver,Colorado,Appliances,Harmony HEPA Quiet Air Purifiers,18.72,2,3.51,7,2013,12,18.75,Profit
CA-2014-161956,2014-08-28,2014-08-30,Dan Reichenbach,Inglewood,California,Furnishings,"GE 48"" Fluorescent Tube, Cool White Energy Saver, 34 Watts, 30/Box",198.46,2,99.23,2,2014,8,50.0,Profit
CA-2014-161956,2014-08-28,2014-08-30,Dan Reichenbach,Inglewood,California,Appliances,APC 7 Outlet Network SurgeArrest Surge Protector,321.92,4,96.576,2,2014,8,30.0,Profit
CA-2014-161956,2014-08-28,2014-08-30,Dan Reichenbach,Inglewood,California,Copiers,Sharp 1540cs Digital Laser Copier,879.984,2,329.994,2,2014,8,37.5,Profit
CA-2014-161956,2014-08-28,2014-08-30,Dan Reichenbach,Inglewood,California,Supplies,Acme Preferred Stainless Steel Scissors,28.4,5,8.236,2,2014,8,29.000000000000004,Profit
CA-2014-161956,2014-08-28,2014-08-30,Dan Reichenbach,Inglewood,California,Chairs,Bevis Steel Folding Chairs,230.28,3,23.028,2,2014,8,10.0,Profit
CA-2014-161956,2014-08-28,2014-08-30,Dan Reichenbach,Inglewood,California,Paper,White Computer Printout Paper by Universal,116.28,3,56.9772,2,2014,8,49.00000000000001,Profit
CA-2014-161956,2014-08-28,2014-08-30,Dan Reichenbach,Inglewood,California,Binders,GBC DocuBind 300 Electric Binding Machine,841.568,2,294.5488,2,2014,8,35.0,Profit
CA-2014-161956,2014-08-28,2014-08-30,Dan Reichenbach,Inglewood,California,Storage,Sensible Storage WireTech Storage Systems,354.9,5,17.745,2,2014,8,5.0,Profit
CA-2012-167745,2012-09-18,2012-09-23,George Bell,Los Angeles,California,Art,"Quartet Omega Colored Chalk, 12/Pack",11.68,2,5.4896,5,2012,9,47.0,Profit
CA-2012-167745,2012-09-18,2012-09-23,George Bell,Los Angeles,California,Supplies,"Elite 5"" Scissors",16.9,2,5.07,5,2012,9,30.000000000000004,Profit
CA-2012-167745,2012-09-18,2012-09-23,George Bell,Los Angeles,California,Furnishings,Advantus Panel Wall Certificate Holder - 8.5x11,24.4,2,10.248,5,2012,9,42.0,Profit
CA-2013-155530,2013-12-18,2013-12-22,Charles McCrossin,San Francisco,California,Tables,Bretford “Just In Time” Height-Adjustable Multi-Task Work Tables,2003.52,6,-325.572,4,2013,12,-16.25,Loss
CA-2012-107937,2012-05-03,2012-05-08,Julia Barnett,Chula Vista,California,Furnishings,"Rubbermaid ClusterMat Chairmats, Mat Size- 66"" x 60"", Lip 20"" x 11"" -90 Degree Angle",665.88,6,106.5408,5,2012,5,16.0,Profit
CA-2013-144218,2013-11-01,2013-11-05,Jonathan Doherty,Los Angeles,California,Storage,"Dual Level, Single-Width Filing Carts",1085.42,7,282.2092,4,2013,11,26.0,Profit
CA-2011-107139,2011-07-05,2011-07-11,Dennis Pardue,Los Angeles,California,Binders,Vinyl Sectional Post Binders,180.96,6,67.86,6,2011,7,37.5,Profit
US-2011-117163,2011-01-28,2011-02-03,Ed Jacobs,San Diego,California,Storage,Recycled Steel Personal File for Hanging File Folders,57.23,1,14.3075,6,2011,1,25.0,Profit
US-2011-117163,2011-01-28,2011-02-03,Ed Jacobs,San Diego,California,Tables,Balt Split Level Computer Training Table,333.0,3,-16.65,6,2011,1,-5.0,Loss
US-2011-117163,2011-01-28,2011-02-03,Ed Jacobs,San Diego,California,Art,Dixon Ticonderoga Core-Lock Colored Pencils,36.44,4,12.0252,6,2011,1,33.0,Profit
CA-2011-100363,2011-04-08,2011-04-15,Jim Mitchum,Glendale,Arizona,Fasteners,Binder Clips by OIC,2.368,2,0.8288,7,2011,4,35.0,Profit
CA-2011-100363,2011-04-08,2011-04-15,Jim Mitchum,Glendale,Arizona,Paper,Things To Do Today Spiral Book,19.008,3,6.8904,7,2011,4,36.25,Profit
CA-2011-126760,2011-07-26,2011-08-02,Kunst Miller,North Las Vegas,Nevada,Phones,Apple iPhone 5S,911.984,2,113.998,7,2011,7,12.5,Profit
CA-2011-126760,2011-07-26,2011-08-02,Kunst Miller,North Las Vegas,Nevada,Chairs,Hon 2090 “Pillow Soft” Series Mid Back Swivel/Tilt Chairs,674.352,3,-109.5822,7,2011,7,-16.25,Loss
CA-2011-126760,2011-07-26,2011-08-02,Kunst Miller,North Las Vegas,Nevada,Furnishings,Tensor Computer Mounted Lamp,134.01,9,36.1827,7,2011,7,27.0,Profit
CA-2011-126760,2011-07-26,2011-08-02,Kunst Miller,North Las Vegas,Nevada,Accessories,Logitech Illuminated Ultrathin Keyboard with Backlighting,170.97,3,70.0977,7,2011,7,41.0,Profit
CA-2011-101931,2011-10-28,2011-10-31,Todd Sumrall,Los Angeles,California,Binders,Avery Non-Stick Binders,7.184,2,2.245,3,2011,10,31.25,Profit
CA-2011-101931,2011-10-28,2011-10-31,Todd Sumrall,Los Angeles,California,Supplies,Serrated Blade or Curved Handle Hand Letter Openers,6.28,2,0.0628,3,2011,10,0.9999999999999999,Profit
CA-2011-101931,2011-10-28,2011-10-31,Todd Sumrall,Los Angeles,California,Supplies,Premier Automatic Letter Opener,480.74,2,14.4222,3,2011,10,3.0,Profit
CA-2011-101931,2011-10-28,2011-10-31,Todd Sumrall,Los Angeles,California,Bookcases,O'Sullivan Living Dimensions 2-Shelf Bookcases,616.998,6,-36.294,3,2011,10,-5.88235294117647,Loss
CA-2011-101931,2011-10-28,2011-10-31,Todd Sumrall,Los Angeles,California,Storage,Eldon Portable Mobile Manager,141.4,5,38.178,3,2011,10,26.999999999999996,Profit
US-2014-131849,2014-06-07,2014-06-11,Gary Hansen,San Francisco,California,Furnishings,"Eldon 300 Class Desk Accessories, Black",4.95,1,2.178,4,2014,6,43.99999999999999,Profit
US-2014-131849,2014-06-07,2014-06-11,Gary Hansen,San Francisco,California,Storage,Sterilite Show Offs Storage Containers,26.4,5,0.0,4,2014,6,0.0,No Profit No Loss
CA-2011-140816,2011-12-20,2011-12-20,Toby Carlisle,Thornton,Colorado,Accessories,Logitech G430 Surround Sound Gaming Headset with Dolby 7.1 Technology,447.944,7,89.5888,0,2011,12,20.0,Profit
CA-2014-123246,2014-10-18,2014-10-20,Astrea Jones,San Diego,California,Art,Economy #2 Pencils,10.64,4,2.7664,2,2014,10,26.0,Profit
CA-2011-124709,2011-07-27,2011-07-29,Giulietta Weimer,San Francisco,California,Accessories,WD My Passport Ultra 2TB Portable External Hard Drive,238.0,2,38.08,2,2011,7,16.0,Profit
CA-2012-132486,2012-10-23,2012-10-27,Jay Fein,San Diego,California,Accessories,Maxell DVD-RAM Discs,148.32,9,63.7776,4,2012,10,43.0,Profit
CA-2012-132486,2012-10-23,2012-10-27,Jay Fein,San Diego,California,Chairs,"Global Leather and Oak Executive Chair, Black",240.784,1,27.0882,4,2012,10,11.25,Profit
CA-2012-132486,2012-10-23,2012-10-27,Jay Fein,San Diego,California,Chairs,Global Chrome Stack Chair,191.968,7,16.7972,4,2012,10,8.75,Profit
CA-2012-132486,2012-10-23,2012-10-27,Jay Fein,San Diego,California,Paper,Xerox 196,11.56,2,5.6644,4,2012,10,48.99999999999999,Profit
CA-2012-132486,2012-10-23,2012-10-27,Jay Fein,San Diego,California,Envelopes,"Redi-Strip #10 Envelopes, 4 1/8 x 9 1/2",11.8,4,5.664,4,2012,10,47.99999999999999,Profit
CA-2012-132486,2012-10-23,2012-10-27,Jay Fein,San Diego,California,Chairs,Office Star - Professional Matrix Back Chair with 2-to-1 Synchro Tilt and Mesh Fabric Seat,842.352,3,42.1176,4,2012,10,5.0,Profit
CA-2012-129896,2012-06-15,2012-06-20,Peter Fuller,Gilbert,Arizona,Paper,Xerox 1895,9.568,2,2.99,5,2012,6,31.250000000000007,Profit
CA-2012-129896,2012-06-15,2012-06-20,Peter Fuller,Gilbert,Arizona,Storage,"Belkin 19"" Vented Equipment Shelf, Black",82.368,2,-19.5624,5,2012,6,-23.75,Loss
CA-2012-129896,2012-06-15,2012-06-20,Peter Fuller,Gilbert,Arizona,Furnishings,"Eldon ""L"" Workstation Diamond Chairmat",364.704,6,-36.4704,5,2012,6,-10.0,Loss
CA-2012-129896,2012-06-15,2012-06-20,Peter Fuller,Gilbert,Arizona,Furnishings,"DAX Copper Panel Document Frame, 5 x 7 Size",40.256,4,11.0704,5,2012,6,27.499999999999996,Profit
US-2013-163881,2013-11-25,2013-12-01,Sung Pak,Los Angeles,California,Accessories,Plantronics CS510 - Over-the-Head monaural Wireless Headset System,659.9,2,217.767,6,2013,11,33.0,Profit
US-2013-163881,2013-11-25,2013-12-01,Sung Pak,Los Angeles,California,Chairs,Global Leather Executive Chair,1684.752,6,210.594,6,2013,11,12.5,Profit
US-2013-163881,2013-11-25,2013-12-01,Sung Pak,Los Angeles,California,Accessories,Logitech G500s Laser Gaming Mouse with Adjustable Weight Tuning,559.92,8,190.3728,6,2013,11,34.0,Profit
US-2012-119312,2012-10-02,2012-10-07,Christopher Schild,Los Angeles,California,Storage,Eldon ProFile File 'N Store Portable File Tub Letter/Legal Size Black,270.34,14,75.6952,5,2012,10,28.000000000000004,Profit
US-2014-142573,2014-07-19,2014-07-24,Maris LaWare,Phoenix,Arizona,Tables,"Chromcraft 48"" x 96"" Racetrack Double Pedestal Table",801.6,5,-448.896,5,2014,7,-56.00000000000001,Loss
US-2014-142573,2014-07-19,2014-07-24,Maris LaWare,Phoenix,Arizona,Chairs,"Global Fabric Manager's Chair, Dark Gray",161.568,2,10.098,5,2014,7,6.25,Profit
US-2014-142573,2014-07-19,2014-07-24,Maris LaWare,Phoenix,Arizona,Paper,Riverleaf Stik-Withit Designer Note Cubes,16.096,2,5.2312,5,2014,7,32.5,Profit
US-2014-142573,2014-07-19,2014-07-24,Maris LaWare,Phoenix,Arizona,Binders,Acco Expandable Hanging Binders,7.656,4,-6.1248,5,2014,7,-80.0,Loss
US-2014-142573,2014-07-19,2014-07-24,Maris LaWare,Phoenix,Arizona,Chairs,High-Back Leather Manager's Chair,311.976,3,-42.8967,5,2014,7,-13.750000000000002,Loss
CA-2011-103940,2011-09-17,2011-09-21,Bradley Nguyen,Seattle,Washington,Storage,Eldon Gobal File Keepers,30.28,2,1.2112,4,2011,9,4.0,Profit
CA-2011-103940,2011-09-17,2011-09-21,Bradley Nguyen,Seattle,Washington,Storage,Eldon ProFile File 'N Store Portable File Tub Letter/Legal Size Black,57.93,3,16.2204,4,2011,9,28.000000000000004,Profit
CA-2011-103940,2011-09-17,2011-09-21,Bradley Nguyen,Seattle,Washington,Furnishings,"Executive Impressions 12"" Wall Clock",35.34,2,13.4292,4,2011,9,37.99999999999999,Profit
CA-2011-103940,2011-09-17,2011-09-21,Bradley Nguyen,Seattle,Washington,Binders,GBC Prestige Therm-A-Bind Covers,137.24,5,46.3185,4,2011,9,33.75,Profit
CA-2014-123001,2014-09-03,2014-09-09,Anthony Witt,Bakersfield,California,Art,"OIC #2 Pencils, Medium Soft",9.4,5,2.726,6,2014,9,28.999999999999996,Profit
CA-2014-123001,2014-09-03,2014-09-09,Anthony Witt,Bakersfield,California,Labels,Avery 505,74.0,5,37.0,6,2014,9,50.0,Profit
CA-2014-123001,2014-09-03,2014-09-09,Anthony Witt,Bakersfield,California,Phones,Ooma Telo VoIP Home Phone System,201.584,2,12.599,6,2014,9,6.25,Profit
CA-2013-133144,2013-05-17,2013-05-22,Denny Ordway,Los Angeles,California,Paper,Xerox 196,17.34,3,8.4966,5,2013,5,49.00000000000001,Profit
US-2013-151862,2013-03-02,2013-03-09,Odella Nelson,Denver,Colorado,Phones,RCA ViSYS 25423RE1 Corded phone,159.984,2,13.9986,7,2013,3,8.75,Profit
CA-2013-114951,2013-06-27,2013-07-04,Duane Noonan,San Francisco,California,Furnishings,"Eldon Expressions Wood Desk Accessories, Oak",22.14,3,6.4206,7,2013,6,28.999999999999996,Profit
CA-2014-134838,2014-02-20,2014-02-21,Emily Ducich,Los Angeles,California,Art,Newell 320,12.84,3,3.4668,1,2014,2,27.0,Profit
CA-2014-134838,2014-02-20,2014-02-21,Emily Ducich,Los Angeles,California,Furnishings,Tensor Computer Mounted Lamp,44.67,3,12.0609,1,2014,2,27.0,Profit
CA-2013-146010,2013-05-21,2013-05-24,Eugene Hildebrand,Colorado Springs,Colorado,Binders,GBC Durable Plastic Covers,40.635,7,-32.508,3,2013,5,-80.00000000000001,Loss
CA-2011-135090,2011-11-22,2011-11-26,Susan Pistek,Los Angeles,California,Paper,Xerox 1895,53.82,9,24.219,4,2011,11,45.0,Profit
CA-2014-101308,2014-10-03,2014-10-08,Frank Gastineau,Seattle,Washington,Fasteners,Staples,8.94,3,4.1124,5,2014,10,46.0,Profit
CA-2014-101308,2014-10-03,2014-10-08,Frank Gastineau,Seattle,Washington,Phones,i.Sound Portable Power - 8000 mAh,84.784,2,-20.1362,5,2014,10,-23.749999999999996,Loss
CA-2014-119564,2014-12-16,2014-12-21,Paul Lucas,Seattle,Washington,Furnishings,"Master Giant Foot Doorstop, Safety Yellow",22.77,3,9.7911,5,2014,12,43.0,Profit
CA-2013-135265,2013-07-08,2013-07-10,Christopher Conant,Los Angeles,California,Chairs,"Global Leather Task Chair, Black",287.968,4,-3.5996,2,2013,7,-1.25,Loss
CA-2013-135265,2013-07-08,2013-07-10,Christopher Conant,Los Angeles,California,Copiers,Canon PC1060 Personal Laser Copier,2799.96,5,944.9865,2,2013,7,33.75,Profit
CA-2013-135265,2013-07-08,2013-07-10,Christopher Conant,Los Angeles,California,Paper,Xerox 1942,48.94,1,24.47,2,2013,7,50.0,Profit
CA-2013-108735,2013-04-18,2013-04-22,Jessica Myrick,Lakewood,California,Bookcases,"Bush Westfield Collection Bookcases, Fully Assembled",257.499,3,24.2352,4,2013,4,9.411764705882351,Profit
CA-2011-116834,2011-10-11,2011-10-16,Dean percer,Seattle,Washington,Furnishings,DAX Cubicle Frames - 8x10,63.47,11,19.041,5,2011,10,30.0,Profit
CA-2011-116834,2011-10-11,2011-10-16,Dean percer,Seattle,Washington,Accessories,WD My Passport Ultra 1TB Portable External Hard Drive,345.0,5,58.65,5,2011,10,17.0,Profit
CA-2012-107468,2012-12-18,2012-12-22,Michael Kennedy,Louisville,Colorado,Art,Newell 320,6.848,2,0.5992,4,2012,12,8.75,Profit
CA-2014-144463,2014-01-02,2014-01-06,Steven Cartwright,Los Angeles,California,Furnishings,"Howard Miller 11-1/2"" Diameter Brentwood Wall Clock",474.43,11,199.2606,4,2014,1,42.00000000000001,Profit
CA-2014-130764,2014-10-28,2014-10-29,Jack O'Briant,San Francisco,California,Bookcases,"O'Sullivan Elevations Bookcase, Cherry Finish",556.665,5,6.549,1,2014,10,1.1764705882352944,Profit
CA-2014-130764,2014-10-28,2014-10-29,Jack O'Briant,San Francisco,California,Phones,Jackery Bar Premium Fast-charging Portable Charger,95.84,4,34.742,1,2014,10,36.24999999999999,Profit
CA-2013-169957,2013-09-27,2013-10-01,Steve Nguyen,Covington,Washington,Appliances,Belkin 7 Outlet SurgeMaster II,236.88,6,66.3264,4,2013,9,28.000000000000004,Profit
CA-2013-169957,2013-09-27,2013-10-01,Steve Nguyen,Covington,Washington,Paper,Universal Premium White Copier/Laser Paper (20Lb. and 87 Bright),29.9,5,14.651,4,2013,9,49.0,Profit
CA-2013-169957,2013-09-27,2013-10-01,Steve Nguyen,Covington,Washington,Accessories,Micro Innovations USB RF Wireless Keyboard with Mouse,100.0,4,21.0,4,2013,9,21.0,Profit
CA-2011-110786,2011-12-29,2012-01-02,Anthony Johnson,San Francisco,California,Furnishings,Stacking Trays by OIC,24.9,5,8.217,4,2011,12,33.0,Profit
CA-2011-110786,2011-12-29,2012-01-02,Anthony Johnson,San Francisco,California,Paper,Xerox 1981,21.12,4,9.504,4,2011,12,44.99999999999999,Profit
CA-2011-110786,2011-12-29,2012-01-02,Anthony Johnson,San Francisco,California,Machines,DYMO CardScan Personal V9 Business Card Scanner,767.952,6,287.982,4,2011,12,37.50000000000001,Profit
CA-2011-110786,2011-12-29,2012-01-02,Anthony Johnson,San Francisco,California,Binders,Avery Hanging File Binders,14.352,3,4.6644,4,2011,12,32.49999999999999,Profit
CA-2011-110786,2011-12-29,2012-01-02,Anthony Johnson,San Francisco,California,Phones,Mophie Juice Pack Helium for iPhone,191.976,3,19.1976,4,2011,12,10.0,Profit
CA-2011-110786,2011-12-29,2012-01-02,Anthony Johnson,San Francisco,California,Labels,Avery 477,274.77,9,126.3942,4,2011,12,46.0,Profit
CA-2011-110786,2011-12-29,2012-01-02,Anthony Johnson,San Francisco,California,Furnishings,"Executive Impressions 10"" Spectator Wall Clock",70.56,6,23.9904,4,2011,12,34.0,Profit
CA-2012-137750,2012-06-25,2012-06-30,Jill Fjeld,San Francisco,California,Furnishings,Dana Halogen Swing-Arm Architect Lamp,204.85,5,57.358,5,2012,6,27.999999999999996,Profit
CA-2012-124058,2012-11-20,2012-11-24,Lena Creighton,Oakland,California,Phones,Gear Head AU3700S Headset,72.744,7,-15.4581,4,2012,11,-21.25,Loss
CA-2012-124058,2012-11-20,2012-11-24,Lena Creighton,Oakland,California,Chairs,Safco Contoured Stacking Chairs,572.16,3,35.76,4,2012,11,6.25,Profit
US-2012-138716,2012-09-17,2012-09-20,Cari Sayre,Seattle,Washington,Binders,"Acco Data Flex Cable Posts For Top & Bottom Load Binders, 6"" Capacity",25.032,3,7.8225,3,2012,9,31.25,Profit
CA-2013-140417,2013-09-26,2013-09-30,Katrina Edelman,Tigard,Oregon,Paper,"REDIFORM Incoming/Outgoing Call Register, 11"" X 8 1/2"", 100 Messages",60.048,9,22.518,4,2013,9,37.5,Profit
CA-2013-140417,2013-09-26,2013-09-30,Katrina Edelman,Tigard,Oregon,Binders,GBC Poly Designer Binding Covers,5.022,1,-3.5154,4,2013,9,-70.0,Loss
CA-2014-163692,2014-09-08,2014-09-10,Dean percer,Phoenix,Arizona,Binders,Wilson Jones Leather-Like Binders with DublLock Round Rings,7.857,3,-6.0237,2,2014,9,-76.66666666666666,Loss
CA-2013-111913,2013-08-05,2013-08-07,Linda Cazamias,Sacramento,California,Phones,Mitel 5320 IP Phone VoIP phone,302.384,2,30.2384,2,2013,8,10.0,Profit
CA-2013-111913,2013-08-05,2013-08-07,Linda Cazamias,Sacramento,California,Binders,Wilson Jones Leather-Like Binders with DublLock Round Rings,20.952,3,7.0713,2,2013,8,33.75,Profit
CA-2013-111913,2013-08-05,2013-08-07,Linda Cazamias,Sacramento,California,Binders,"Pressboard Covers with Storage Hooks, 9 1/2"" x 11"", Light Blue",11.784,3,3.9771,2,2013,8,33.75,Profit
US-2014-155999,2014-08-08,2014-08-14,Jay Kimmel,San Diego,California,Phones,GE DSL Phone Line Filter,159.96,5,17.9955,6,2014,8,11.249999999999998,Profit
US-2014-155999,2014-08-08,2014-08-14,Jay Kimmel,San Diego,California,Binders,Avery Printable Repositionable Plastic Tabs,13.76,2,4.644,6,2014,8,33.75,Profit
CA-2013-163573,2013-11-25,2013-11-28,Amy Cox,Seattle,Washington,Binders,Ibico Hi-Tech Manual Binding System,1219.96,5,381.2375,3,2013,11,31.25,Profit
CA-2012-153416,2012-11-24,2012-11-29,Toby Swindell,Los Angeles,California,Binders,Avery Reinforcements for Hole-Punch Pages,3.168,2,0.99,5,2012,11,31.25,Profit
CA-2012-153416,2012-11-24,2012-11-29,Toby Swindell,Los Angeles,California,Paper,Xerox 225,19.44,3,9.3312,5,2012,11,48.00000000000001,Profit
CA-2012-153416,2012-11-24,2012-11-29,Toby Swindell,Los Angeles,California,Storage,Fellowes Bankers Box Staxonsteel Drawer File/Stacking System,454.86,7,54.5832,5,2012,11,12.0,Profit
CA-2012-153416,2012-11-24,2012-11-29,Toby Swindell,Los Angeles,California,Binders,Avery Premier Heavy-Duty Binder with Round Locking Rings,91.392,8,29.7024,5,2012,11,32.5,Profit
CA-2014-133823,2014-05-12,2014-05-13,Liz Pelletier,Seattle,Washington,Paper,"Ampad Phone Message Book, Recycled, 400 Message Capacity, 5 ¾” x 11”",37.44,6,16.848,1,2014,5,45.0,Profit
CA-2014-133823,2014-05-12,2014-05-13,Liz Pelletier,Seattle,Washington,Labels,Avery 50,37.59,3,17.6673,1,2014,5,47.0,Profit
CA-2014-133823,2014-05-12,2014-05-13,Liz Pelletier,Seattle,Washington,Binders,"Acco Flexible ACCOHIDE Square Ring Data Binder, Dark Blue, 11 1/2"" X 14"" 7/8""",26.032,2,9.4366,1,2014,5,36.25,Profit
CA-2012-121272,2012-03-29,2012-04-04,Denny Ordway,Seattle,Washington,Appliances,Acco 6 Outlet Guardian Premium Plus Surge Suppressor,73.28,4,21.2512,6,2012,3,28.999999999999996,Profit
CA-2014-105914,2014-10-03,2014-10-09,Paul Van Hugh,Los Angeles,California,Binders,"Performers Binder/Pad Holder, Black",112.12,5,42.045,6,2014,10,37.5,Profit
CA-2014-105914,2014-10-03,2014-10-09,Paul Van Hugh,Los Angeles,California,Storage,Tennsco Double-Tier Lockers,1575.14,7,204.7682,6,2014,10,13.0,Profit
CA-2014-112725,2014-01-31,2014-02-07,Eugene Hildebrand,San Francisco,California,Art,"Crayola Anti Dust Chalk, 12/Pack",12.74,7,5.733,7,2014,1,44.99999999999999,Profit
CA-2014-112725,2014-01-31,2014-02-07,Eugene Hildebrand,San Francisco,California,Art,Newell 338,8.82,3,2.3814,7,2014,1,27.0,Profit
CA-2014-112725,2014-01-31,2014-02-07,Eugene Hildebrand,San Francisco,California,Chairs,Novimex Swivel Fabric Task Chair,120.784,1,-13.5882,7,2014,1,-11.25,Loss
US-2014-106131,2014-01-15,2014-01-17,Tracy Poddar,Aurora,Colorado,Accessories,Imation 8GB Mini TravelDrive USB 2.0 Flash Drive,169.064,7,-14.7931,2,2014,1,-8.75,Loss
US-2014-106131,2014-01-15,2014-01-17,Tracy Poddar,Aurora,Colorado,Storage,Mobile Personal File Cube,168.624,9,14.7546,2,2014,1,8.75,Profit
CA-2011-157924,2011-10-11,2011-10-13,Helen Andreada,Pasadena,California,Storage,Iris Project Case,31.92,4,8.2992,2,2011,10,26.0,Profit
CA-2011-157924,2011-10-11,2011-10-13,Helen Andreada,Pasadena,California,Chairs,Global Enterprise Series Seating High-Back Swivel/Tilt Chairs,433.568,2,-65.0352,2,2011,10,-15.000000000000002,Loss
CA-2012-100216,2012-04-13,2012-04-14,Heather Jas,Mesa,Arizona,Paper,Xerox 210,31.104,6,10.8864,1,2012,4,35.0,Profit
CA-2012-100216,2012-04-13,2012-04-14,Heather Jas,Mesa,Arizona,Paper,Xerox 1973,54.816,3,17.8152,1,2012,4,32.5,Profit
CA-2014-100601,2014-11-17,2014-11-21,Jay Kimmel,Fresno,California,Storage,Eldon Shelf Savers Cubes and Bins,48.86,7,0.9772,4,2014,11,2.0,Profit
CA-2012-154340,2012-11-29,2012-11-30,Eileen Kiefer,Santa Ana,California,Art,"Boston Electric Pencil Sharpener, Model 1818, Charcoal Black",56.3,2,15.764,1,2012,11,28.000000000000004,Profit
CA-2013-148593,2013-06-17,2013-06-19,Bill Donatelli,Los Angeles,California,Paper,"Wirebound Message Books, Four 2 3/4"" x 5"" Forms per Page, 600 Sets per Book",46.35,5,21.7845,2,2013,6,47.0,Profit
US-2014-119039,2014-03-07,2014-03-11,Ben Ferrer,San Francisco,California,Binders,Economy Binders,14.976,9,5.4288,4,2014,3,36.25,Profit
CA-2012-150875,2012-11-16,2012-11-20,Heather Kirkland,Boise,Idaho,Tables,Bretford CR4500 Series Slim Rectangular Table,696.42,2,160.1766,4,2012,11,23.000000000000004,Profit
CA-2012-150875,2012-11-16,2012-11-20,Heather Kirkland,Boise,Idaho,Phones,Jabra BIZ 2300 Duo QD Duo Corded Headset,304.776,3,22.8582,4,2012,11,7.5,Profit
CA-2012-154200,2012-06-18,2012-06-22,Bruce Geld,San Diego,California,Art,"BOSTON Ranger #55 Pencil Sharpener, Black",51.98,2,15.0742,4,2012,6,28.999999999999996,Profit
CA-2013-124233,2013-04-09,2013-04-15,Clytie Kelty,Los Angeles,California,Furnishings,"C-Line Magnetic Cubicle Keepers, Clear Polypropylene",24.7,5,10.374,6,2013,4,42.00000000000001,Profit
CA-2012-111234,2012-02-18,2012-02-22,Ann Blume,Los Angeles,California,Labels,Smead Alpha-Z Color-Coded Second Alphabetical Labels and Starter Set,9.24,3,4.4352,4,2012,2,48.0,Profit
CA-2014-149881,2014-04-02,2014-04-04,Nick Crebassa,San Francisco,California,Bookcases,"Safco Value Mate Steel Bookcase, Baked Enamel Finish on Steel, Black",482.664,8,85.176,2,2014,4,17.647058823529413,Profit
CA-2014-149881,2014-04-02,2014-04-04,Nick Crebassa,San Francisco,California,Machines,Cubify CubeX 3D Printer Double Head Print,4799.984,2,359.9988,2,2014,4,7.5,Profit
CA-2014-134565,2014-06-12,2014-06-14,Tom Boeckenhauer,Seattle,Washington,Paper,Xerox 1939,37.94,2,18.2112,2,2014,6,48.00000000000001,Profit
CA-2014-134565,2014-06-12,2014-06-14,Tom Boeckenhauer,Seattle,Washington,Binders,"Acco Pressboard Covers with Storage Hooks, 14 7/8"" x 11"", Dark Blue",18.288,6,6.6294,2,2014,6,36.25000000000001,Profit
CA-2014-134565,2014-06-12,2014-06-14,Tom Boeckenhauer,Seattle,Washington,Machines,Cisco Desktop Collaboration Experience DX650 IP Video Phone,385.8,5,130.2075,2,2014,6,33.75,Profit
CA-2014-134565,2014-06-12,2014-06-14,Tom Boeckenhauer,Seattle,Washington,Storage,"Belkin 19"" Vented Equipment Shelf, Black",102.96,2,1.0296,2,2014,6,1.0000000000000002,Profit
CA-2014-134565,2014-06-12,2014-06-14,Tom Boeckenhauer,Seattle,Washington,Bookcases,O'Sullivan 3-Shelf Heavy-Duty Bookcases,174.42,3,41.8608,2,2014,6,24.0,Profit
CA-2012-154970,2012-01-05,2012-01-10,Steven Roelle,Seattle,Washington,Chairs,Global Deluxe Steno Chair,61.584,1,-6.9282,5,2012,1,-11.25,Loss
CA-2014-147144,2014-03-27,2014-03-29,Maria Zettner,Seattle,Washington,Art,"Boston 1827 Commercial Additional Cutter, Drive Gear & Gear Rack for 1606",19.83,1,5.949,2,2014,3,30.000000000000004,Profit
CA-2011-133704,2011-09-20,2011-09-26,Michelle Arnett,Los Angeles,California,Appliances,Staples,43.92,4,11.8584,6,2011,9,26.999999999999996,Profit
CA-2011-133704,2011-09-20,2011-09-26,Michelle Arnett,Los Angeles,California,Binders,Ibico Plastic and Wire Spiral Binding Combs,20.232,3,6.5754,6,2011,9,32.5,Profit
CA-2011-138436,2011-03-26,2011-03-30,Jonathan Doherty,Los Angeles,California,Accessories,SanDisk Ultra 32 GB MicroSDHC Class 10 Memory Card,66.3,3,8.619,4,2011,3,13.0,Profit
CA-2012-101924,2012-09-04,2012-09-09,Ken Black,Medford,Oregon,Binders,"Acco Flexible ACCOHIDE Square Ring Data Binder, Dark Blue, 11 1/2"" X 14"" 7/8""",9.762,2,-6.8334,5,2012,9,-70.0,Loss
CA-2013-124793,2013-03-15,2013-03-17,Muhammed MacIntyre,Seattle,Washington,Chairs,"Global High-Back Leather Tilter, Burgundy",196.784,2,-22.1382,2,2013,3,-11.250000000000002,Loss
US-2014-124821,2014-06-26,2014-06-30,Anne McFarland,Seattle,Washington,Tables,"Chromcraft Bull-Nose Wood Round Conference Table Top, Wood Base",871.4,4,148.138,4,2014,6,17.0,Profit
US-2014-158505,2014-07-22,2014-07-22,Sarah Foster,Murray,Utah,Phones,PayAnywhere Card Reader,71.928,9,6.2937,0,2014,7,8.75,Profit
US-2014-158505,2014-07-22,2014-07-22,Sarah Foster,Murray,Utah,Art,"BOSTON Ranger #55 Pencil Sharpener, Black",25.99,1,7.5371,0,2014,7,28.999999999999996,Profit
CA-2012-142692,2012-10-23,2012-10-28,Andrew Gjertsen,Seattle,Washington,Binders,Avery Non-Stick Binders,3.592,1,1.1225,5,2012,10,31.25,Profit
CA-2014-151358,2014-08-19,2014-08-23,Nicole Fjeld,Seattle,Washington,Storage,Fellowes Super Stor/Drawer Files,323.1,2,61.389,4,2014,8,19.0,Profit
CA-2014-102407,2014-12-10,2014-12-14,Alyssa Tate,Los Angeles,California,Art,Newell 314,11.16,2,2.79,4,2014,12,25.0,Profit
CA-2014-102407,2014-12-10,2014-12-14,Alyssa Tate,Los Angeles,California,Tables,Bevis 36 x 72 Conference Tables,896.328,9,22.4082,4,2014,12,2.5,Profit
CA-2014-102407,2014-12-10,2014-12-14,Alyssa Tate,Los Angeles,California,Appliances,Harmony Air Purifier,189.0,1,68.04,4,2014,12,36.00000000000001,Profit
CA-2014-101581,2014-10-23,2014-10-28,David Wiener,Redmond,Oregon,Tables,KI Conference Tables,177.225,5,-120.513,5,2014,10,-68.0,Loss
CA-2014-169124,2014-07-04,2014-07-11,Maria Bertelson,Citrus Heights,California,Furnishings,"Howard Miller 11-1/2"" Diameter Brentwood Wall Clock",129.39,3,54.3438,7,2014,7,42.00000000000001,Profit
CA-2014-117261,2014-09-05,2014-09-11,Tiffany House,Los Angeles,California,Storage,"Rogers Jumbo File, Granite",54.32,4,0.5432,6,2014,9,1.0,Profit
CA-2011-162278,2011-10-26,2011-10-30,Angele Hood,Seattle,Washington,Furnishings,Tenex Chairmats For Use With Carpeted Floors,63.92,4,3.196,4,2011,10,5.0,Profit
CA-2011-162278,2011-10-26,2011-10-30,Angele Hood,Seattle,Washington,Phones,Vtech CS6719,383.96,5,38.396,4,2011,10,10.0,Profit
CA-2013-161095,2013-06-29,2013-06-29,Chris Selesnick,Los Angeles,California,Binders,Recycled Pressboard Report Cover with Reinforced Top Hinge,7.752,3,2.8101,0,2013,6,36.25,Profit
CA-2013-161095,2013-06-29,2013-06-29,Chris Selesnick,Los Angeles,California,Binders,GBC Premium Transparent Covers with Diagonal Lined Pattern,33.568,2,11.7488,0,2013,6,35.0,Profit
CA-2011-125829,2011-11-04,2011-11-11,William Brown,Los Angeles,California,Phones,Polycom SoundPoint Pro SE-225 Corded phone,666.344,7,66.6344,7,2011,11,10.0,Profit
CA-2011-125829,2011-11-04,2011-11-11,William Brown,Los Angeles,California,Tables,"Bevis Round Conference Table Top, X-Base",573.728,4,-64.5444,7,2011,11,-11.25,Loss
CA-2011-125829,2011-11-04,2011-11-11,William Brown,Los Angeles,California,Binders,Cardinal EasyOpen D-Ring Binders,21.936,3,8.226,7,2011,11,37.50000000000001,Profit
CA-2011-125829,2011-11-04,2011-11-11,William Brown,Los Angeles,California,Paper,Xerox 2000,19.44,3,9.3312,7,2011,11,48.00000000000001,Profit
CA-2011-125829,2011-11-04,2011-11-11,William Brown,Los Angeles,California,Machines,Hewlett-Packard Deskjet D4360 Printer,447.968,4,139.99,7,2011,11,31.25,Profit
CA-2012-115945,2012-06-25,2012-07-01,Alan Barnes,Los Angeles,California,Art,Staples,20.96,2,5.24,6,2012,6,25.0,Profit
CA-2012-115945,2012-06-25,2012-07-01,Alan Barnes,Los Angeles,California,Binders,"GBC Velobind Prepunched Cover Sets, Regency Series",88.752,3,27.735,6,2012,6,31.25,Profit
CA-2012-115945,2012-06-25,2012-07-01,Alan Barnes,Los Angeles,California,Storage,Tennsco Regal Shelving Units,304.23,3,9.1269,6,2012,6,2.9999999999999996,Profit
CA-2012-136735,2012-07-26,2012-08-02,Helen Andreada,San Francisco,California,Envelopes,Airmail Envelopes,167.86,2,78.8942,7,2012,7,47.0,Profit
CA-2011-152345,2011-12-29,2012-01-03,Shui Tom,Albuquerque,New Mexico,Phones,Mediabridge Sport Armband iPhone 5s,23.976,3,-5.6943,5,2011,12,-23.75,Loss
CA-2011-152345,2011-12-29,2012-01-03,Shui Tom,Albuquerque,New Mexico,Storage,Fellowes Bases and Tops For Staxonsteel/High-Stak Systems,33.29,1,7.9896,5,2011,12,24.000000000000004,Profit
CA-2014-107909,2014-09-02,2014-09-07,Sung Shariari,Redmond,Washington,Accessories,Logitech LS21 Speaker System - PC Multimedia - 2.1-CH - Wired,19.99,1,6.7966,5,2014,9,34.0,Profit
CA-2014-107909,2014-09-02,2014-09-07,Sung Shariari,Redmond,Washington,Binders,Avery Metallic Poly Binders,22.92,5,8.022,5,2014,9,35.0,Profit
CA-2012-154795,2012-12-20,2012-12-24,Gary Zandusky,Bullhead City,Arizona,Envelopes,#6 3/4 Gummed Flap White Envelopes,7.92,1,2.772,4,2012,12,35.0,Profit
CA-2012-154795,2012-12-20,2012-12-24,Gary Zandusky,Bullhead City,Arizona,Furnishings,Nu-Dell Float Frame 11 x 14 1/2,14.368,2,3.9512,4,2012,12,27.500000000000004,Profit
CA-2012-125234,2012-11-27,2012-12-01,Steve Nguyen,Los Angeles,California,Accessories,Sony 64GB Class 10 Micro SDHC R40 Memory Card,107.97,3,22.6737,4,2012,11,21.0,Profit
CA-2012-125234,2012-11-27,2012-12-01,Steve Nguyen,Los Angeles,California,Paper,"Snap-A-Way Black Print Carbonless Ruled Speed Letter, Triplicate",113.82,3,53.4954,4,2012,11,47.0,Profit
CA-2014-105410,2014-03-20,2014-03-23,Natalie DeCherney,San Francisco,California,Binders,"ACCOHIDE 3-Ring Binder, Blue, 1""",19.824,6,6.6906,3,2014,3,33.75,Profit
CA-2014-105410,2014-03-20,2014-03-23,Natalie DeCherney,San Francisco,California,Phones,Jawbone MINI JAMBOX Wireless Bluetooth Speaker,657.504,6,-131.5008,3,2014,3,-20.0,Loss
CA-2014-105410,2014-03-20,2014-03-23,Natalie DeCherney,San Francisco,California,Accessories,Logitech K350 2.4Ghz Wireless Keyboard,99.54,2,10.9494,3,2014,3,11.0,Profit
CA-2014-105410,2014-03-20,2014-03-23,Natalie DeCherney,San Francisco,California,Accessories,Logitech Wireless Marathon Mouse M705,199.96,4,85.9828,3,2014,3,43.0,Profit
CA-2014-169894,2014-11-25,2014-11-30,Mark Van Huff,Mesa,Arizona,Binders,GBC Recycled Grain Textured Covers,20.724,2,-15.1976,5,2014,11,-73.33333333333333,Loss
CA-2014-169894,2014-11-25,2014-11-30,Mark Van Huff,Mesa,Arizona,Storage,Fellowes Bankers Box Staxonsteel Drawer File/Stacking System,415.872,8,-41.5872,5,2014,11,-10.0,Loss
CA-2014-107748,2014-12-11,2014-12-13,Alex Grayson,Stockton,California,Phones,Jackery Bar Premium Fast-charging Portable Charger,95.84,4,34.742,2,2014,12,36.24999999999999,Profit
CA-2014-107748,2014-12-11,2014-12-13,Alex Grayson,Stockton,California,Paper,Xerox 225,12.96,2,6.2208,2,2014,12,47.99999999999999,Profit
CA-2011-166954,2011-04-25,2011-04-30,Beth Thompson,San Gabriel,California,Furnishings,"Tenex Traditional Chairmats for Medium Pile Carpet, Standard Lip, 36"" x 48""",303.25,5,63.6825,5,2011,4,21.0,Profit
CA-2011-166954,2011-04-25,2011-04-30,Beth Thompson,San Gabriel,California,Appliances,Kensington 6 Outlet MasterPiece HOMEOFFICE Power Control Center,270.72,3,78.5088,5,2011,4,28.999999999999993,Profit
CA-2011-166954,2011-04-25,2011-04-30,Beth Thompson,San Gabriel,California,Chairs,GuestStacker Chair with Chrome Finish Legs,1487.04,5,148.704,5,2011,4,10.0,Profit
CA-2012-152891,2012-10-25,2012-10-30,Trudy Brown,San Francisco,California,Art,Boston 19500 Mighty Mite Electric Pencil Sharpener,60.45,3,16.3215,5,2012,10,27.0,Profit
CA-2012-152891,2012-10-25,2012-10-30,Trudy Brown,San Francisco,California,Tables,Balt Solid Wood Rectangular Table,253.176,3,-31.647,5,2012,10,-12.5,Loss
CA-2013-156811,2013-10-28,2013-11-03,Bart Pistole,San Francisco,California,Appliances,Staples,43.92,4,11.8584,6,2013,10,26.999999999999996,Profit
CA-2013-156811,2013-10-28,2013-11-03,Bart Pistole,San Francisco,California,Binders,"Acco Data Flex Cable Posts For Top & Bottom Load Binders, 6"" Capacity",25.032,3,7.8225,6,2013,10,31.25,Profit
CA-2013-148740,2013-11-16,2013-11-20,Anna HÃ¤berlin,San Diego,California,Phones,Polycom SoundPoint IP 450 VoIP phone,361.376,2,27.1032,4,2013,11,7.500000000000001,Profit
CA-2013-114538,2013-12-27,2013-12-28,Roy Collins,Colorado Springs,Colorado,Art,SANFORD Major Accent Highlighters,11.328,2,2.5488,1,2013,12,22.5,Profit
US-2011-154879,2011-05-06,2011-05-11,Steve Nguyen,Los Angeles,California,Labels,Staples,5.78,2,2.7166,5,2011,5,47.0,Profit
US-2011-154879,2011-05-06,2011-05-11,Steve Nguyen,Los Angeles,California,Art,Model L Table or Wall-Mount Pencil Sharpener,107.94,6,30.2232,5,2011,5,27.999999999999996,Profit
CA-2011-153983,2011-11-29,2011-12-06,Alan Hwang,San Francisco,California,Phones,Wilson SignalBoost 841262 DB PRO Amplifier Kit,575.92,2,71.99,7,2011,11,12.5,Profit
CA-2011-153983,2011-11-29,2011-12-06,Alan Hwang,San Francisco,California,Fasteners,Staples,30.4,5,15.2,7,2011,11,50.0,Profit
US-2014-103226,2014-09-23,2014-09-29,David Wiener,Albuquerque,New Mexico,Paper,Southworth 25% Cotton Linen-Finish Paper & Envelopes,27.18,3,12.231,6,2014,9,45.0,Profit
CA-2012-121965,2012-06-19,2012-06-23,Logan Haushalter,Los Angeles,California,Furnishings,Eldon 200 Class Desk Accessories,12.56,2,4.0192,4,2012,6,31.999999999999996,Profit
CA-2012-121965,2012-06-19,2012-06-23,Logan Haushalter,Los Angeles,California,Paper,Xerox 231,6.48,1,3.1104,4,2012,6,47.99999999999999,Profit
CA-2012-121965,2012-06-19,2012-06-23,Logan Haushalter,Los Angeles,California,Envelopes,Cameo Buff Policy Envelopes,186.69,3,87.7443,4,2012,6,47.0,Profit
CA-2013-147137,2013-07-05,2013-07-07,Anna Andreadi,San Francisco,California,Furnishings,"Master Caster Door Stop, Brown",25.4,5,8.636,2,2013,7,34.0,Profit
CA-2013-147137,2013-07-05,2013-07-07,Anna Andreadi,San Francisco,California,Envelopes,"Inter-Office Recycled Envelopes, Brown Kraft, Button-String,10"" x 13"" , 100/Box",43.96,2,20.6612,2,2013,7,47.0,Profit
CA-2013-147137,2013-07-05,2013-07-07,Anna Andreadi,San Francisco,California,Bookcases,"Atlantic Metals Mobile 5-Shelf Bookcases, Custom Colors",1279.165,5,225.735,2,2013,7,17.647058823529413,Profit
CA-2013-147137,2013-07-05,2013-07-07,Anna Andreadi,San Francisco,California,Storage,Eldon Shelf Savers Cubes and Bins,27.92,4,0.5584,2,2013,7,2.0,Profit
US-2012-146745,2012-09-03,2012-09-08,Ann Steele,San Francisco,California,Chairs,Office Star - Ergonomically Designed Knee Chair,129.568,2,-12.9568,5,2012,9,-10.0,Loss
US-2012-146745,2012-09-03,2012-09-08,Ann Steele,San Francisco,California,Binders,"Avery Durable Slant Ring Binders, No Labels",6.368,2,2.1492,5,2012,9,33.75,Profit
CA-2014-115175,2014-08-08,2014-08-13,Matt Collins,San Jose,California,Paper,Xerox 1891,244.55,5,114.9385,5,2014,8,47.0,Profit
CA-2014-105851,2014-03-14,2014-03-21,Sanjit Engle,Denver,Colorado,Supplies,Martin Yale Chadless Opener Electric Letter Opener,1332.496,2,-299.8116,7,2014,3,-22.499999999999996,Loss
US-2014-125717,2014-09-29,2014-10-02,Darrin Sayre,Aurora,Colorado,Furnishings,Dana Halogen Swing-Arm Architect Lamp,32.776,1,3.2776,3,2014,9,10.0,Profit
US-2014-125717,2014-09-29,2014-10-02,Darrin Sayre,Aurora,Colorado,Storage,"Gould Plastics 18-Pocket Panel Bin, 34w x 5-1/4d x 20-1/2h",147.184,2,-29.4368,3,2014,9,-20.0,Loss
US-2014-125717,2014-09-29,2014-10-02,Darrin Sayre,Aurora,Colorado,Accessories,Lenovo 17-Key USB Numeric Keypad,54.384,2,1.3596,3,2014,9,2.5,Profit
US-2014-125717,2014-09-29,2014-10-02,Darrin Sayre,Aurora,Colorado,Binders,GBC DocuBind P50 Personal Binding Machine,76.776,4,-58.8616,3,2014,9,-76.66666666666667,Loss
US-2014-125717,2014-09-29,2014-10-02,Darrin Sayre,Aurora,Colorado,Paper,Xerox 1992,14.352,3,5.2026,3,2014,9,36.25,Profit
US-2014-125717,2014-09-29,2014-10-02,Darrin Sayre,Aurora,Colorado,Appliances,Kensington 7 Outlet MasterPiece HOMEOFFICE Power Control Center,209.792,2,26.224,3,2014,9,12.5,Profit
CA-2012-163895,2012-08-07,2012-08-11,Noel Staavos,Boise,Idaho,Binders,"ACCOHIDE 3-Ring Binder, Blue, 1""",3.304,1,1.1151,4,2012,8,33.75,Profit
CA-2013-109365,2013-11-04,2013-11-09,Xylona Preis,Los Angeles,California,Fasteners,Stockwell Push Pins,15.26,7,5.0358,5,2013,11,33.0,Profit
CA-2013-109365,2013-11-04,2013-11-09,Xylona Preis,Los Angeles,California,Appliances,Holmes 99% HEPA Air Purifier,43.32,2,14.2956,5,2013,11,33.0,Profit
CA-2013-109365,2013-11-04,2013-11-09,Xylona Preis,Los Angeles,California,Binders,"Avery Durable Plastic 1"" Binders",43.584,12,15.7992,5,2013,11,36.25,Profit
CA-2013-109365,2013-11-04,2013-11-09,Xylona Preis,Los Angeles,California,Paper,Xerox 1892,116.28,3,56.9772,5,2013,11,49.00000000000001,Profit
CA-2013-109365,2013-11-04,2013-11-09,Xylona Preis,Los Angeles,California,Binders,Fellowes Black Plastic Comb Bindings,9.296,2,3.0212,5,2013,11,32.5,Profit
CA-2013-109365,2013-11-04,2013-11-09,Xylona Preis,Los Angeles,California,Paper,Xerox 22,19.44,3,9.3312,5,2013,11,48.00000000000001,Profit
CA-2013-109365,2013-11-04,2013-11-09,Xylona Preis,Los Angeles,California,Paper,Multicolor Computer Printout Paper,314.55,3,150.984,5,2013,11,48.00000000000001,Profit
CA-2014-105921,2014-08-15,2014-08-22,Janet Martin,Los Angeles,California,Tables,Chromcraft Round Conference Tables,418.296,3,5.2287,7,2014,8,1.25,Profit
CA-2014-112753,2014-06-19,2014-06-24,Craig Carreira,Los Angeles,California,Bookcases,"Bush Andora Bookcase, Maple/Graphite Gray Finish",917.9235,9,75.5937,5,2014,6,8.235294117647058,Profit
CA-2014-112753,2014-06-19,2014-06-24,Craig Carreira,Los Angeles,California,Paper,Xerox 1930,38.88,6,19.0512,5,2014,6,49.0,Profit
CA-2011-103401,2011-11-21,2011-11-26,Georgia Rosenberg,San Francisco,California,Paper,Xerox 211,12.96,2,6.2208,5,2011,11,47.99999999999999,Profit
CA-2013-124814,2013-04-11,2013-04-17,Filia McAdams,Bakersfield,California,Paper,Xerox 227,12.96,2,6.2208,6,2013,4,47.99999999999999,Profit
CA-2013-124814,2013-04-11,2013-04-17,Filia McAdams,Bakersfield,California,Binders,"Wilson Jones Clip & Carry Folder Binder Tool for Ring Binders, Clear",23.2,5,8.12,6,2013,4,35.0,Profit
US-2011-138247,2011-12-24,2011-12-29,Ben Ferrer,Los Angeles,California,Phones,Seidio BD2-HK3IPH5-BK DILEX Case and Holster Combo for Apple iPhone 5/5s - Black,173.656,7,17.3656,5,2011,12,10.0,Profit
US-2011-138247,2011-12-24,2011-12-29,Ben Ferrer,Los Angeles,California,Appliances,Avanti 4.4 Cu. Ft. Refrigerator,361.96,2,101.3488,5,2011,12,28.000000000000004,Profit
US-2011-138247,2011-12-24,2011-12-29,Ben Ferrer,Los Angeles,California,Accessories,Sony 32GB Class 10 Micro SDHC R40 Memory Card,62.85,3,13.1985,5,2011,12,21.0,Profit
US-2011-138247,2011-12-24,2011-12-29,Ben Ferrer,Los Angeles,California,Phones,Cisco Unified IP Phone 7945G VoIP phone,818.376,3,51.1485,5,2011,12,6.25,Profit
US-2011-138247,2011-12-24,2011-12-29,Ben Ferrer,Los Angeles,California,Storage,Tennsco Commercial Shelving,20.34,1,0.2034,5,2011,12,1.0,Profit
US-2011-138247,2011-12-24,2011-12-29,Ben Ferrer,Los Angeles,California,Furnishings,"Westinghouse Floor Lamp with Metal Mesh Shade, Black",23.99,1,5.5177,5,2011,12,23.0,Profit
CA-2014-167003,2014-05-24,2014-05-30,Vivek Sundaresam,Los Angeles,California,Tables,"Lesro Sheffield Collection Coffee Table, End Table, Center Table, Corner Table",171.288,3,-6.4233,6,2014,5,-3.75,Loss
CA-2013-118969,2013-10-03,2013-10-04,Liz Preis,Phoenix,Arizona,Binders,"Premier Elliptical Ring Binder, Black",54.792,6,-40.1808,1,2013,10,-73.33333333333333,Loss
US-2013-128678,2013-09-16,2013-09-21,Rob Beeghly,Seattle,Washington,Paper,"TOPS ""Important Message"" Pads, Canary, 4-1/4 x 5-1/2, 50 Sheets per Pad",21.4,5,10.058,5,2013,9,47.0,Profit
US-2013-128678,2013-09-16,2013-09-21,Rob Beeghly,Seattle,Washington,Binders,"Cardinal Slant-D Ring Binder, Heavy Gauge Vinyl",48.664,7,15.8158,5,2013,9,32.49999999999999,Profit
CA-2013-101385,2013-09-26,2013-10-02,Julia West,San Francisco,California,Art,BIC Brite Liner Highlighters,16.56,4,6.9552,6,2013,9,42.0,Profit
CA-2014-105445,2014-02-21,2014-02-26,Bart Pistole,Louisville,Colorado,Fasteners,Staples,9.432,3,3.0654,5,2014,2,32.49999999999999,Profit
CA-2011-140403,2011-10-10,2011-10-10,Tanja Norvell,Manteca,California,Chairs,"Global Deluxe Stacking Chair, Gray",122.352,3,13.7646,0,2011,10,11.249999999999998,Profit
CA-2011-140403,2011-10-10,2011-10-10,Tanja Norvell,Manteca,California,Envelopes,"#10- 4 1/8"" x 9 1/2"" Security-Tint Envelopes",15.28,2,7.4872,0,2011,10,49.0,Profit
CA-2012-163104,2012-03-19,2012-03-26,Mike Caudle,Los Angeles,California,Paper,Xerox 1974,11.96,2,5.8604,7,2012,3,49.0,Profit
CA-2014-138464,2014-07-09,2014-07-13,Vicky Freymann,Seattle,Washington,Furnishings,"Master Big Foot Doorstop, Beige",15.84,3,4.9104,4,2014,7,31.0,Profit
CA-2014-138464,2014-07-09,2014-07-13,Vicky Freymann,Seattle,Washington,Binders,GBC VeloBinder Manual Binding System,86.376,3,30.2316,4,2014,7,35.0,Profit
CA-2014-138464,2014-07-09,2014-07-13,Vicky Freymann,Seattle,Washington,Art,Zebra Zazzle Fluorescent Highlighters,18.24,3,6.2016,4,2014,7,34.0,Profit
CA-2014-138464,2014-07-09,2014-07-13,Vicky Freymann,Seattle,Washington,Art,Crayola Colored Pencils,13.12,4,4.3296,4,2014,7,33.0,Profit
US-2011-165862,2011-07-13,2011-07-17,Grace Kelly,Los Angeles,California,Tables,Bevis Round Conference Table Top & Single Column Base,351.216,3,4.3902,4,2011,7,1.25,Profit
US-2011-106334,2011-12-27,2012-01-02,Jeremy Farry,San Francisco,California,Chairs,Bevis Steel Folding Chairs,230.28,3,23.028,6,2011,12,10.0,Profit
US-2011-106334,2011-12-27,2012-01-02,Jeremy Farry,San Francisco,California,Paper,Xerox 1927,12.84,3,5.778,6,2011,12,44.99999999999999,Profit
US-2014-117331,2014-10-22,2014-10-29,Natalie DeCherney,Glendale,Arizona,Binders,Lock-Up Easel 'Spel-Binder',8.559,1,-6.5619,7,2014,10,-76.66666666666667,Loss
CA-2012-118871,2012-12-04,2012-12-09,Harry Marie,Los Angeles,California,Envelopes,Tyvek Side-Opening Peel & Seel Expanding Envelopes,271.44,3,122.148,5,2012,12,45.0,Profit
CA-2012-118871,2012-12-04,2012-12-09,Harry Marie,Los Angeles,California,Phones,Jensen SMPS-640 - speaker phone,110.352,3,8.2764,5,2012,12,7.5,Profit
CA-2012-118871,2012-12-04,2012-12-09,Harry Marie,Los Angeles,California,Furnishings,"Master Caster Door Stop, Large Brown",36.4,5,13.832,5,2012,12,38.00000000000001,Profit
CA-2011-101175,2011-12-09,2011-12-14,Dario Medina,Mesa,Arizona,Storage,Acco Perma 3000 Stacking Storage Drawers,100.704,6,-1.2588,5,2011,12,-1.25,Loss
CA-2011-169460,2011-04-19,2011-04-21,Nicole Fjeld,San Jose,California,Furnishings,"Executive Impressions 13"" Chairman Wall Clock",76.14,3,26.649,2,2011,4,35.0,Profit
CA-2014-126662,2014-07-18,2014-07-22,Alejandro Ballentine,Los Angeles,California,Copiers,Brother DCP1000 Digital 3 in 1 Multifunction Machine,479.984,2,89.997,4,2014,7,18.75,Profit
US-2011-121734,2011-04-11,2011-04-16,Sanjit Engle,Lewiston,Idaho,Binders,GBC Personal VeloBind Strips,9.584,1,3.3544,5,2011,4,35.0,Profit
US-2013-100405,2013-08-27,2013-08-29,Tom Stivers,Los Angeles,California,Art,Newell Chalk Holder,8.26,2,3.7996,2,2013,8,46.0,Profit
US-2014-163790,2014-11-03,2014-11-05,Nancy Lomonaco,Danville,California,Envelopes,"White Business Envelopes with Contemporary Seam, Recycled White Business Envelopes",76.58,7,38.29,2,2014,11,50.0,Profit
US-2014-163790,2014-11-03,2014-11-05,Nancy Lomonaco,Danville,California,Art,Nontoxic Chalk,8.8,5,4.224,2,2014,11,48.0,Profit
US-2014-163790,2014-11-03,2014-11-05,Nancy Lomonaco,Danville,California,Binders,GBC Therma-A-Bind 250T Electric Binding System,590.352,6,206.6232,2,2014,11,35.0,Profit
US-2014-163790,2014-11-03,2014-11-05,Nancy Lomonaco,Danville,California,Fasteners,"Super Bands, 12/Pack",5.58,3,0.1674,2,2014,11,3.0,Profit
US-2014-163790,2014-11-03,2014-11-05,Nancy Lomonaco,Danville,California,Furnishings,Document Clip Frames,25.02,3,10.5084,2,2014,11,42.0,Profit
US-2014-163790,2014-11-03,2014-11-05,Nancy Lomonaco,Danville,California,Storage,Space Solutions Commercial Steel Shelving,452.55,7,22.6275,2,2014,11,5.0,Profit
CA-2013-129868,2013-12-27,2014-01-01,Mike Caudle,Los Angeles,California,Supplies,Fiskars Home & Office Scissors,17.76,2,4.9728,5,2013,12,27.999999999999996,Profit
CA-2013-129868,2013-12-27,2014-01-01,Mike Caudle,Los Angeles,California,Phones,Mitel 5320 IP Phone VoIP phone,302.384,2,30.2384,5,2013,12,10.0,Profit
CA-2013-129868,2013-12-27,2014-01-01,Mike Caudle,Los Angeles,California,Chairs,"Global Armless Task Chair, Royal Blue",146.352,3,-5.4882,5,2013,12,-3.75,Loss
CA-2013-129868,2013-12-27,2014-01-01,Mike Caudle,Los Angeles,California,Appliances,"Hoover Replacement Belts For Soft Guard & Commercial Ltweight Upright Vacs, 2/Pk",7.9,2,2.054,5,2013,12,25.999999999999996,Profit
CA-2013-129868,2013-12-27,2014-01-01,Mike Caudle,Los Angeles,California,Tables,Bretford Rectangular Conference Table Tops,902.712,3,33.8517,5,2013,12,3.75,Profit
CA-2013-129868,2013-12-27,2014-01-01,Mike Caudle,Los Angeles,California,Art,Model L Table or Wall-Mount Pencil Sharpener,53.97,3,15.1116,5,2013,12,27.999999999999996,Profit
US-2014-141852,2014-11-10,2014-11-15,Joel Eaton,Oceanside,California,Furnishings,Eldon Wave Desk Accessories,47.12,8,20.7328,5,2014,11,44.00000000000001,Profit
CA-2014-145219,2014-12-25,2014-12-26,Robert Marley,Los Angeles,California,Copiers,Hewlett Packard LaserJet 3310 Copier,2879.952,6,1007.9832,1,2014,12,35.0,Profit
CA-2014-145219,2014-12-25,2014-12-26,Robert Marley,Los Angeles,California,Binders,Vinyl Sectional Post Binders,90.48,3,33.93,1,2014,12,37.5,Profit
CA-2014-168396,2014-08-04,2014-08-09,Bruce Degenhardt,San Francisco,California,Labels,Avery 473,51.75,5,24.84,5,2014,8,48.0,Profit
CA-2014-168396,2014-08-04,2014-08-09,Bruce Degenhardt,San Francisco,California,Furnishings,"Deflect-o EconoMat Studded, No Bevel Mat for Low Pile Carpeting",123.96,3,11.1564,5,2014,8,9.0,Profit
CA-2012-130456,2012-08-21,2012-08-26,David Smith,San Francisco,California,Bookcases,Sauder Camden County Collection Library,586.398,6,34.494,5,2012,8,5.88235294117647,Profit
CA-2012-130456,2012-08-21,2012-08-26,David Smith,San Francisco,California,Storage,Carina Double Wide Media Storage Towers in Natural & Black,80.98,1,3.2392,5,2012,8,3.9999999999999996,Profit
CA-2014-116288,2014-03-13,2014-03-18,Bill Stewart,San Francisco,California,Storage,Carina Double Wide Media Storage Towers in Natural & Black,242.94,3,9.7176,5,2014,3,3.9999999999999996,Profit
CA-2014-168228,2014-04-28,2014-04-30,Arthur Prichep,Los Angeles,California,Art,"Boston School Pro Electric Pencil Sharpener, 1670",123.92,4,33.4584,2,2014,4,26.999999999999996,Profit
CA-2014-168228,2014-04-28,2014-04-30,Arthur Prichep,Los Angeles,California,Art,Newell Chalk Holder,12.39,3,5.6994,2,2014,4,46.0,Profit
CA-2014-168228,2014-04-28,2014-04-30,Arthur Prichep,Los Angeles,California,Art,Boston Home & Office Model 2000 Electric Pencil Sharpeners,47.3,2,12.298,2,2014,4,26.0,Profit
CA-2014-130141,2014-10-23,2014-10-25,Helen Abelman,Fort Collins,Colorado,Binders,Storex Flexible Poly Binders with Double Pockets,3.168,4,-2.5344,2,2014,10,-80.0,Loss
CA-2014-130141,2014-10-23,2014-10-25,Helen Abelman,Fort Collins,Colorado,Chairs,Office Star - Ergonomic Mid Back Chair with 2-Way Adjustable Arms,579.136,4,-28.9568,2,2014,10,-5.0,Loss
CA-2012-147501,2012-08-02,2012-08-06,Corey-Lock,Seattle,Washington,Binders,Ibico Presentation Index for Binding Systems,6.368,2,2.1492,4,2012,8,33.75,Profit
CA-2012-147501,2012-08-02,2012-08-06,Corey-Lock,Seattle,Washington,Machines,Okidata C331dn Printer,558.4,2,41.88,4,2012,8,7.500000000000001,Profit
CA-2014-129357,2014-05-15,2014-05-20,Ken Black,Seattle,Washington,Paper,Xerox 1917,440.19,9,206.8893,5,2014,5,47.0,Profit
CA-2014-129357,2014-05-15,2014-05-20,Ken Black,Seattle,Washington,Supplies,Martin-Yale Premier Letter Opener,64.4,5,1.932,5,2014,5,2.9999999999999996,Profit
CA-2014-150987,2014-04-09,2014-04-13,Adrian Hane,San Francisco,California,Paper,Xerox 1891,244.55,5,114.9385,4,2014,4,47.0,Profit
CA-2014-150987,2014-04-09,2014-04-13,Adrian Hane,San Francisco,California,Paper,Xerox 1942,195.76,4,97.88,4,2014,4,50.0,Profit
CA-2014-159107,2014-06-25,2014-06-27,Kean Thornton,San Francisco,California,Fasteners,"Acco Banker's Clasps, 5 3/4""-Long",2.88,1,1.3536,2,2014,6,47.0,Profit
CA-2013-116547,2013-01-10,2013-01-17,Ken Black,Seattle,Washington,Furnishings,24-Hour Round Wall Clock,79.92,4,34.3656,7,2013,1,43.0,Profit
CA-2013-116547,2013-01-10,2013-01-17,Ken Black,Seattle,Washington,Accessories,Logitech Media Keyboard K200,69.98,2,13.2962,7,2013,1,19.0,Profit
CA-2011-114510,2011-03-14,2011-03-19,Jason Fortune-,Logan,Utah,Binders,GBC Wire Binding Combs,33.088,4,11.1672,5,2011,3,33.75,Profit
CA-2011-114510,2011-03-14,2011-03-19,Jason Fortune-,Logan,Utah,Storage,Carina Double Wide Media Storage Towers in Natural & Black,80.98,1,3.2392,5,2011,3,3.9999999999999996,Profit
CA-2011-114510,2011-03-14,2011-03-19,Jason Fortune-,Logan,Utah,Accessories,Imation 30456 USB Flash Drive 8GB,82.8,12,6.624,5,2011,3,8.0,Profit
CA-2011-114510,2011-03-14,2011-03-19,Jason Fortune-,Logan,Utah,Storage,Staples,21.36,2,5.7672,5,2011,3,27.0,Profit
CA-2011-114510,2011-03-14,2011-03-19,Jason Fortune-,Logan,Utah,Binders,"Premium Transparent Presentation Covers, No Pattern/Clear, 8 1/2"" x 11""",62.048,2,20.1656,5,2011,3,32.5,Profit
CA-2011-138681,2011-12-20,2011-12-22,Carol Triggs,Tucson,Arizona,Furnishings,"Computer Room Manger, 14""",51.968,2,10.3936,2,2011,12,20.0,Profit
CA-2011-138681,2011-12-20,2011-12-22,Carol Triggs,Tucson,Arizona,Accessories,Logitech 910-002974 M325 Wireless Mouse for Web Scrolling,71.976,3,21.5928,2,2011,12,30.0,Profit
CA-2011-138681,2011-12-20,2011-12-22,Carol Triggs,Tucson,Arizona,Chairs,Global Low Back Tilter Chair,242.352,3,-42.4116,2,2011,12,-17.5,Loss
CA-2011-138681,2011-12-20,2011-12-22,Carol Triggs,Tucson,Arizona,Paper,Xerox 1888,221.92,5,77.672,2,2011,12,35.0,Profit
CA-2011-138681,2011-12-20,2011-12-22,Carol Triggs,Tucson,Arizona,Paper,Xerox 1954,8.448,2,2.64,2,2011,12,31.25,Profit
CA-2014-138149,2014-06-30,2014-07-01,William Brown,Los Angeles,California,Binders,GBC DocuBind TL200 Manual Binding Machine,895.92,5,302.373,1,2014,6,33.75,Profit
CA-2014-138149,2014-06-30,2014-07-01,William Brown,Los Angeles,California,Storage,"Trav-L-File Heavy-Duty Shuttle II, Black",130.71,3,39.213,1,2014,6,30.0,Profit
CA-2014-138149,2014-06-30,2014-07-01,William Brown,Los Angeles,California,Art,Newell 328,11.68,2,3.0368,1,2014,6,26.0,Profit
CA-2014-138149,2014-06-30,2014-07-01,William Brown,Los Angeles,California,Accessories,Enermax Briskie RF Wireless Keyboard and Mouse Combo,62.31,3,22.4316,1,2014,6,36.0,Profit
CA-2014-121643,2014-05-19,2014-05-21,Adrian Barton,Portland,Oregon,Phones,Aastra 6757i CT Wireless VoIP phone,344.704,2,38.7792,2,2014,5,11.25,Profit
US-2012-122910,2012-05-12,2012-05-16,Larry Tron,Louisville,Colorado,Phones,VTech DS6151,201.584,2,20.1584,4,2012,5,10.0,Profit
CA-2014-143126,2014-12-04,2014-12-08,Corinna Mitchell,Seattle,Washington,Tables,"Bevis Oval Conference Table, Walnut",521.96,2,88.7332,4,2014,12,17.0,Profit
CA-2012-109736,2012-10-10,2012-10-11,Denny Joy,San Francisco,California,Paper,Xerox 1894,45.36,7,21.7728,1,2012,10,48.0,Profit
CA-2012-142601,2012-04-18,2012-04-20,Deanra Eno,Los Angeles,California,Storage,"Tennsco Stur-D-Stor Boltless Shelving, 5 Shelves, 24"" Deep, Sand",947.17,7,9.4717,2,2012,4,1.0,Profit
CA-2012-142601,2012-04-18,2012-04-20,Deanra Eno,Los Angeles,California,Paper,Xerox 19,61.96,2,27.882,2,2012,4,45.0,Profit
US-2014-135230,2014-09-02,2014-09-08,Christine Kargatis,Seattle,Washington,Art,Staples,7.58,1,2.9562,6,2014,9,39.0,Profit
CA-2011-123323,2011-11-07,2011-11-12,Lena Hernandez,San Francisco,California,Binders,Wilson Jones Legal Size Ring Binders,123.144,7,46.179,5,2011,11,37.5,Profit
US-2012-103996,2012-03-29,2012-03-31,Richard Bierner,San Diego,California,Paper,Xerox 1880,212.64,6,99.9408,2,2012,3,47.0,Profit
US-2012-103996,2012-03-29,2012-03-31,Richard Bierner,San Diego,California,Paper,Tops Wirebound Message Log Books,9.87,3,4.5402,2,2012,3,46.0,Profit
US-2012-103996,2012-03-29,2012-03-31,Richard Bierner,San Diego,California,Accessories,Memorex Froggy Flash Drive 8 GB,53.25,3,20.7675,2,2012,3,38.99999999999999,Profit
US-2012-103996,2012-03-29,2012-03-31,Richard Bierner,San Diego,California,Furnishings,G.E. Longer-Life Indoor Recessed Floodlight Bulbs,19.92,3,9.5616,2,2012,3,48.0,Profit
CA-2012-105725,2012-02-18,2012-02-24,Guy Thornton,Long Beach,California,Labels,"Avery 4027 File Folder Labels for Dot Matrix Printers, 5000 Labels per Box, White",61.06,2,28.0876,6,2012,2,46.0,Profit
CA-2012-105725,2012-02-18,2012-02-24,Guy Thornton,Long Beach,California,Tables,Hon 61000 Series Interactive Training Tables,35.544,1,-0.8886,6,2012,2,-2.5,Loss
CA-2014-164364,2014-11-13,2014-11-17,Christine Sundaresam,Seattle,Washington,Labels,Avery 483,9.96,2,4.5816,4,2014,11,46.0,Profit
CA-2014-164364,2014-11-13,2014-11-17,Christine Sundaresam,Seattle,Washington,Art,"Dixon Ticonderoga Maple Cedar Pencil, #2",9.21,3,2.3025,4,2014,11,25.0,Profit
CA-2014-164364,2014-11-13,2014-11-17,Christine Sundaresam,Seattle,Washington,Supplies,Acme Forged Steel Scissors with Black Enamel Handles,27.93,3,8.0997,4,2014,11,29.000000000000004,Profit
CA-2013-120005,2013-03-04,2013-03-04,Theresa Swint,San Francisco,California,Supplies,"Elite 5"" Scissors",25.35,3,7.605,0,2013,3,30.0,Profit
CA-2013-120005,2013-03-04,2013-03-04,Theresa Swint,San Francisco,California,Furnishings,"Executive Impressions 10"" Spectator Wall Clock",35.28,3,11.9952,0,2013,3,34.0,Profit
CA-2013-123526,2013-12-25,2013-12-26,Benjamin Venier,Seattle,Washington,Paper,Xerox 1898,33.4,5,16.032,1,2013,12,48.00000000000001,Profit
CA-2013-127649,2013-10-08,2013-10-10,Dionis Lloyd,Spokane,Washington,Machines,Okidata C331dn Printer,837.6,3,62.82,2,2013,10,7.5,Profit
CA-2011-112851,2011-09-17,2011-09-21,Nick Radford,Chula Vista,California,Envelopes,"Tyvek Interoffice Envelopes, 9 1/2"" x 12 1/2"", 100/Box",182.94,3,85.9818,4,2011,9,47.0,Profit
CA-2014-123701,2014-11-25,2014-11-28,Patrick Gardner,San Francisco,California,Art,BIC Liqua Brite Liner,27.76,4,9.9936,3,2014,11,36.0,Profit
US-2013-114888,2013-09-20,2013-09-25,Chuck Clark,San Francisco,California,Binders,Cardinal Holdit Business Card Pockets,11.952,3,4.1832,5,2013,9,35.0,Profit
US-2013-114888,2013-09-20,2013-09-25,Chuck Clark,San Francisco,California,Supplies,Kleencut Forged Office Shears by Acme United Corporation,6.24,3,1.872,5,2013,9,30.0,Profit
US-2011-167262,2011-10-31,2011-11-03,Amy Cox,Avondale,Arizona,Phones,Plantronics HL10 Handset Lifter,742.336,8,83.5128,3,2011,10,11.25,Profit
CA-2014-108091,2014-11-17,2014-11-22,Eileen Kiefer,Escondido,California,Art,Newell 328,23.36,4,6.0736,5,2014,11,26.0,Profit
CA-2012-104346,2012-12-11,2012-12-16,Irene Maddox,Colorado Springs,Colorado,Art,Newell 313,13.12,5,1.148,5,2012,12,8.75,Profit
CA-2012-104346,2012-12-11,2012-12-16,Irene Maddox,Colorado Springs,Colorado,Bookcases,"Bush Westfield Collection Bookcases, Dark Cherry Finish",69.576,4,-143.7904,5,2012,12,-206.66666666666669,Loss
CA-2012-104346,2012-12-11,2012-12-16,Irene Maddox,Colorado Springs,Colorado,Art,Newell 326,4.224,3,0.4752,5,2012,12,11.25,Profit
CA-2012-104346,2012-12-11,2012-12-16,Irene Maddox,Colorado Springs,Colorado,Accessories,Logitech Keyboard K120,58.08,4,-6.534,5,2012,12,-11.25,Loss
CA-2012-104346,2012-12-11,2012-12-16,Irene Maddox,Colorado Springs,Colorado,Furnishings,"Master Caster Door Stop, Large Neon Orange",52.416,9,15.0696,5,2012,12,28.750000000000004,Profit
CA-2012-104346,2012-12-11,2012-12-16,Irene Maddox,Colorado Springs,Colorado,Furnishings,DAX Wood Document Frame,54.92,5,10.984,5,2012,12,20.0,Profit
CA-2012-104346,2012-12-11,2012-12-16,Irene Maddox,Colorado Springs,Colorado,Tables,Bevis Rectangular Conference Tables,364.95,5,-248.166,5,2012,12,-68.0,Loss
CA-2012-104346,2012-12-11,2012-12-16,Irene Maddox,Colorado Springs,Colorado,Paper,Xerox 1932,85.056,3,28.7064,5,2012,12,33.75,Profit
CA-2012-104346,2012-12-11,2012-12-16,Irene Maddox,Colorado Springs,Colorado,Paper,Avery Personal Creations Heavyweight Cards,27.696,3,9.6936,5,2012,12,35.0,Profit
CA-2012-144722,2012-03-16,2012-03-23,Monica Federle,Los Angeles,California,Furnishings,"Howard Miller 11-1/2"" Diameter Brentwood Wall Clock",43.13,1,18.1146,7,2012,3,42.0,Profit
CA-2012-137708,2012-11-22,2012-11-25,Nathan Gelder,Los Angeles,California,Paper,Xerox 1887,37.94,2,18.2112,3,2012,11,48.00000000000001,Profit
CA-2012-137708,2012-11-22,2012-11-25,Nathan Gelder,Los Angeles,California,Paper,Xerox 1971,42.8,10,19.26,3,2012,11,45.00000000000001,Profit
CA-2012-137708,2012-11-22,2012-11-25,Nathan Gelder,Los Angeles,California,Storage,"Personal Folder Holder, Ebony",33.63,3,10.089,3,2012,11,30.0,Profit
CA-2013-111696,2013-05-09,2013-05-11,Trudy Brown,Los Angeles,California,Paper,Xerox 1920,17.94,3,8.073,2,2013,5,45.0,Profit
CA-2013-134222,2013-07-11,2013-07-12,Nick Zandusky,Yuma,Arizona,Binders,GBC Standard Therm-A-Bind Covers,44.856,6,-35.8848,1,2013,7,-80.0,Loss
US-2014-136707,2014-11-13,2014-11-16,Jim Epp,Los Angeles,California,Binders,Acco 3-Hole Punch,14.016,4,4.9056,3,2014,11,35.0,Profit
CA-2014-167661,2014-10-06,2014-10-11,Mike Pelletier,San Francisco,California,Binders,"Avery Framed View Binder, EZD Ring (Locking), Navy, 1 1/2""",39.92,5,13.473,5,2014,10,33.75,Profit
CA-2014-167661,2014-10-06,2014-10-11,Mike Pelletier,San Francisco,California,Paper,Xerox 1951,61.96,2,27.882,5,2014,10,45.0,Profit
CA-2014-167661,2014-10-06,2014-10-11,Mike Pelletier,San Francisco,California,Binders,Avery Hole Reinforcements,19.936,4,7.2268,5,2014,10,36.25,Profit
US-2011-128685,2011-04-04,2011-04-05,Mary Zewe,Los Angeles,California,Binders,Avery Non-Stick Binders,7.184,2,2.245,1,2011,4,31.25,Profit
CA-2011-164469,2011-06-25,2011-06-27,Grace Kelly,Salem,Oregon,Phones,Plantronics 81402,263.96,5,19.797,2,2011,6,7.500000000000001,Profit
CA-2011-164469,2011-06-25,2011-06-27,Grace Kelly,Salem,Oregon,Art,"Avery Hi-Liter EverBold Pen Style Fluorescent Highlighters, 4/Pack",71.632,11,17.908,2,2011,6,25.0,Profit
CA-2011-164469,2011-06-25,2011-06-27,Grace Kelly,Salem,Oregon,Art,"Hunt BOSTON Vista Battery-Operated Pencil Sharpener, Black",9.328,1,0.8162,2,2011,6,8.75,Profit
CA-2011-107818,2011-09-08,2011-09-14,Marc Crier,Pasco,Washington,Art,Prang Colored Pencils,5.88,2,2.646,6,2011,9,45.0,Profit
CA-2011-107818,2011-09-08,2011-09-14,Marc Crier,Pasco,Washington,Chairs,"Hon Deluxe Fabric Upholstered Stacking Chairs, Rounded Back",975.92,5,121.99,6,2011,9,12.5,Profit
CA-2011-107818,2011-09-08,2011-09-14,Marc Crier,Pasco,Washington,Art,"Hunt PowerHouse Electric Pencil Sharpener, Blue",303.84,8,91.152,6,2011,9,30.000000000000004,Profit
CA-2011-107818,2011-09-08,2011-09-14,Marc Crier,Pasco,Washington,Storage,Carina Double Wide Media Storage Towers in Natural & Black,485.88,6,19.4352,6,2011,9,3.9999999999999996,Profit
CA-2011-113320,2011-12-12,2011-12-15,Logan Haushalter,Oakland,California,Furnishings,"Eldon Image Series Desk Accessories, Burgundy",12.54,3,4.5144,3,2011,12,36.00000000000001,Profit
CA-2011-113320,2011-12-12,2011-12-15,Logan Haushalter,Oakland,California,Storage,Woodgrain Magazine Files by Perma,8.94,3,0.6258,3,2011,12,7.000000000000001,Profit
CA-2011-113320,2011-12-12,2011-12-15,Logan Haushalter,Oakland,California,Furnishings,Longer-Life Soft White Bulbs,9.24,3,4.4352,3,2011,12,48.0,Profit
CA-2012-137526,2012-01-13,2012-01-17,Philip Brown,Los Angeles,California,Binders,Binding Machine Supplies,70.008,3,24.5028,4,2012,1,35.0,Profit
CA-2012-137526,2012-01-13,2012-01-17,Philip Brown,Los Angeles,California,Furnishings,"Floodlight Indoor Halogen Bulbs, 1 Bulb per Pack, 60 Watts",77.6,4,38.024,4,2012,1,49.00000000000001,Profit
CA-2012-137526,2012-01-13,2012-01-17,Philip Brown,Los Angeles,California,Furnishings,"Deflect-o EconoMat Nonstudded, No Bevel Mat",464.85,9,92.97,4,2012,1,20.0,Profit
CA-2014-122490,2014-11-14,2014-11-19,Ted Trevino,Seattle,Washington,Chairs,Global Troy Executive Leather Low-Back Tilter,2404.704,6,150.294,5,2014,11,6.25,Profit
CA-2014-122490,2014-11-14,2014-11-19,Ted Trevino,Seattle,Washington,Binders,GBC DocuBind P50 Personal Binding Machine,563.024,11,190.0206,5,2014,11,33.75,Profit
CA-2014-122490,2014-11-14,2014-11-19,Ted Trevino,Seattle,Washington,Storage,Space Solutions HD Industrial Steel Shelving.,344.91,3,10.3473,5,2014,11,3.0,Profit
CA-2014-122490,2014-11-14,2014-11-19,Ted Trevino,Seattle,Washington,Labels,Avery File Folder Labels,8.64,3,4.2336,5,2014,11,49.0,Profit
CA-2014-104080,2014-03-09,2014-03-16,Alan Hwang,Anaheim,California,Binders,"Green Canvas Binder for 8-1/2"" x 14"" Sheets",171.2,5,64.2,7,2014,3,37.50000000000001,Profit
CA-2014-104080,2014-03-09,2014-03-16,Alan Hwang,Anaheim,California,Art,Newell 323,3.36,2,0.8736,7,2014,3,26.0,Profit
CA-2013-135776,2013-12-24,2013-12-31,Edward Hooks,Seattle,Washington,Art,Newell 317,8.82,3,2.5578,7,2013,12,28.999999999999996,Profit
CA-2013-135776,2013-12-24,2013-12-31,Edward Hooks,Seattle,Washington,Paper,Computer Printout Paper with Letter-Trim Perforations,37.94,2,18.2112,7,2013,12,48.00000000000001,Profit
CA-2013-135776,2013-12-24,2013-12-31,Edward Hooks,Seattle,Washington,Art,"Sanford EarthWrite Recycled Pencils, Medium Soft, #2",4.2,2,1.176,7,2013,12,27.999999999999996,Profit
CA-2013-135776,2013-12-24,2013-12-31,Edward Hooks,Seattle,Washington,Storage,SAFCO Boltless Steel Shelving,227.28,2,2.2728,7,2013,12,1.0,Profit
CA-2013-135776,2013-12-24,2013-12-31,Edward Hooks,Seattle,Washington,Paper,Xerox 1911,47.9,1,22.992,7,2013,12,48.00000000000001,Profit
CA-2013-135776,2013-12-24,2013-12-31,Edward Hooks,Seattle,Washington,Envelopes,Staples,61.96,2,30.3604,7,2013,12,49.0,Profit
CA-2013-135776,2013-12-24,2013-12-31,Edward Hooks,Seattle,Washington,Storage,"Tennsco Snap-Together Open Shelving Units, Starter Sets and Add-On Units",1117.92,4,55.896,7,2013,12,5.0,Profit
CA-2013-130484,2013-08-23,2013-08-28,Sheri Gordon,Gresham,Oregon,Binders,GBC Imprintable Covers,26.352,8,-18.4464,5,2013,8,-70.0,Loss
CA-2014-120936,2014-12-18,2014-12-22,Christine Abelman,Anaheim,California,Storage,Iceberg Mobile Mega Data/Printer Cart,481.32,4,125.1432,4,2014,12,26.0,Profit
CA-2014-120936,2014-12-18,2014-12-22,Christine Abelman,Anaheim,California,Supplies,Fiskars Spring-Action Scissors,13.98,1,3.6348,4,2014,12,25.999999999999996,Profit
CA-2012-161830,2012-09-24,2012-09-26,Max Engle,Seattle,Washington,Art,"BOSTON Model 1800 Electric Pencil Sharpeners, Putty/Woodgrain",35.96,2,10.4284,2,2012,9,28.999999999999996,Profit
CA-2012-161830,2012-09-24,2012-09-26,Max Engle,Seattle,Washington,Binders,Avery Hole Reinforcements,14.952,3,5.4201,2,2012,9,36.25,Profit
CA-2014-143651,2014-03-26,2014-03-31,Filia McAdams,Seattle,Washington,Art,Newell 309,23.1,2,6.93,5,2014,3,30.0,Profit
CA-2012-106978,2012-09-28,2012-10-04,Zuschuss Carroll,Aurora,Colorado,Envelopes,"#10 White Business Envelopes,4 1/8 x 9 1/2",12.536,1,4.2309,6,2012,9,33.75,Profit
CA-2012-106978,2012-09-28,2012-10-04,Zuschuss Carroll,Aurora,Colorado,Binders,Wilson Jones Easy Flow II Sheet Lifters,1.08,2,-0.792,6,2012,9,-73.33333333333333,Loss
CA-2012-106978,2012-09-28,2012-10-04,Zuschuss Carroll,Aurora,Colorado,Fasteners,Staples,4.512,3,0.846,6,2012,9,18.75,Profit
CA-2012-155124,2012-03-15,2012-03-21,Karen Seio,Lehi,Utah,Phones,"SmartStand Mobile Device Holder, Assorted Colors",16.776,3,1.6776,6,2012,3,10.0,Profit
CA-2011-157147,2011-01-14,2011-01-19,Brian Dahlen,San Francisco,California,Storage,Tennsco 6- and 18-Compartment Lockers,1325.85,5,238.653,5,2011,1,18.0,Profit
CA-2011-157147,2011-01-14,2011-01-19,Brian Dahlen,San Francisco,California,Bookcases,"O'Sullivan Elevations Bookcase, Cherry Finish",333.999,3,3.9294,5,2011,1,1.176470588235294,Profit
CA-2011-157147,2011-01-14,2011-01-19,Brian Dahlen,San Francisco,California,Art,4009 Highlighters by Sanford,19.9,5,6.567,5,2011,1,33.0,Profit
CA-2013-151372,2013-09-06,2013-09-07,Joseph Holt,Redondo Beach,California,Paper,14-7/8 x 11 Blue Bar Computer Printout Paper,96.08,2,46.1184,1,2013,9,48.00000000000001,Profit
CA-2013-151372,2013-09-06,2013-09-07,Joseph Holt,Redondo Beach,California,Binders,"Angle-D Binders with Locking Rings, Label Holders",11.68,2,3.942,1,2013,9,33.75,Profit
CA-2013-151372,2013-09-06,2013-09-07,Joseph Holt,Redondo Beach,California,Fasteners,Advantus Push Pins,4.36,2,1.7876,1,2013,9,41.0,Profit
CA-2011-102085,2011-10-04,2011-10-09,Joy Daniels,Seattle,Washington,Labels,Avery 519,29.24,4,13.7428,5,2011,10,47.0,Profit
CA-2014-107125,2014-11-28,2014-12-03,Bill Donatelli,Los Angeles,California,Binders,Premium Transparent Presentation Covers by GBC,117.488,7,41.1208,5,2014,11,35.0,Profit
CA-2014-107125,2014-11-28,2014-12-03,Bill Donatelli,Los Angeles,California,Furnishings,Eldon 200 Class Desk Accessories,18.84,3,6.0288,5,2014,11,32.0,Profit
CA-2014-117926,2014-12-09,2014-12-13,Alan Schoenberger,San Francisco,California,Appliances,Belkin 8-Outlet Premiere SurgeMaster II Surge Protectors,69.48,1,20.844,4,2014,12,30.0,Profit
CA-2011-160262,2011-06-09,2011-06-13,Thomas Seio,North Las Vegas,Nevada,Art,DIXON Oriole Pencils,18.06,7,4.6956,4,2011,6,26.0,Profit
CA-2011-160262,2011-06-09,2011-06-13,Thomas Seio,North Las Vegas,Nevada,Paper,Xerox 1909,79.14,3,36.4044,4,2011,6,46.0,Profit
CA-2011-160262,2011-06-09,2011-06-13,Thomas Seio,North Las Vegas,Nevada,Furnishings,"Executive Impressions 13-1/2"" Indoor/Outdoor Wall Clock",37.4,2,14.212,4,2011,6,38.0,Profit
CA-2013-166226,2013-11-19,2013-11-23,Tracy Collins,Los Angeles,California,Phones,Grandstream GXP2100 Mainstream Business Phone,61.192,1,6.1192,4,2013,11,10.0,Profit
CA-2013-166226,2013-11-19,2013-11-23,Tracy Collins,Los Angeles,California,Appliances,Fellowes Command Center 5-outlet power strip,67.84,1,18.3168,4,2013,11,27.0,Profit
CA-2011-156587,2011-03-07,2011-03-08,Aaron Bergman,Seattle,Washington,Chairs,"Global Push Button Manager's Chair, Indigo",48.712,1,5.4801,1,2011,3,11.25,Profit
CA-2011-156587,2011-03-07,2011-03-08,Aaron Bergman,Seattle,Washington,Art,Newell 330,17.94,3,4.6644,1,2011,3,25.999999999999996,Profit
CA-2011-156587,2011-03-07,2011-03-08,Aaron Bergman,Seattle,Washington,Storage,"Carina 42""Hx23 3/4""W Media Storage Unit",242.94,3,4.8588,1,2011,3,1.9999999999999998,Profit
CA-2013-164896,2013-11-08,2013-11-13,Penelope Sewall,Oceanside,California,Paper,"Wirebound Four 2-3/4 x 5 Forms per Page, 400 Sets per Book",12.9,2,6.321,5,2013,11,49.0,Profit
CA-2011-160066,2011-11-16,2011-11-22,Adam Hart,Huntington Beach,California,Labels,Permanent Self-Adhesive File Folder Labels for Typewriters by Universal,5.22,2,2.4012,6,2011,11,46.0,Profit
CA-2013-109925,2013-11-07,2013-11-11,Irene Maddox,San Diego,California,Storage,Eldon Portable Mobile Manager,84.84,3,22.9068,4,2013,11,27.0,Profit
CA-2013-149279,2013-04-25,2013-04-29,Craig Leslie,Colorado Springs,Colorado,Paper,Xerox 226,15.552,3,5.4432,4,2013,4,35.0,Profit
CA-2013-149279,2013-04-25,2013-04-29,Craig Leslie,Colorado Springs,Colorado,Chairs,SAFCO Arco Folding Chair,1325.76,6,149.148,4,2013,4,11.25,Profit
CA-2013-149279,2013-04-25,2013-04-29,Craig Leslie,Colorado Springs,Colorado,Binders,Wilson Jones Impact Binders,3.108,2,-2.1756,4,2013,4,-70.0,Loss
CA-2014-107321,2014-09-01,2014-09-05,Arthur Wiediger,San Francisco,California,Binders,Acco Suede Grain Vinyl Round Ring Binder,6.672,3,2.1684,4,2014,9,32.5,Profit
CA-2014-107321,2014-09-01,2014-09-05,Arthur Wiediger,San Francisco,California,Phones,Aastra 6757i CT Wireless VoIP phone,689.408,4,77.5584,4,2014,9,11.25,Profit
CA-2013-129238,2013-01-31,2013-02-04,Sample Company A,Los Angeles,California,Phones,AT&T 1080 Phone,109.592,1,8.2194,4,2013,1,7.5,Profit
CA-2013-129238,2013-01-31,2013-02-04,Sample Company A,Los Angeles,California,Paper,Staples,56.7,5,27.783,4,2013,1,49.0,Profit
CA-2014-159688,2014-05-08,2014-05-13,Adam Bellavance,Los Angeles,California,Accessories,Logitech G600 MMO Gaming Mouse,79.99,1,28.7964,5,2014,5,36.0,Profit
CA-2013-155033,2013-10-08,2013-10-13,Cindy Chapman,Los Angeles,California,Paper,Astroparche Fine Business Paper,10.56,2,5.0688,5,2013,10,48.00000000000001,Profit
US-2014-139647,2014-05-12,2014-05-14,Todd Sumrall,Phoenix,Arizona,Bookcases,Bestar Classic Bookcase,209.979,7,-356.9643,2,2014,5,-169.99999999999997,Loss
CA-2011-127558,2011-11-15,2011-11-18,Shahid Shariari,Los Angeles,California,Furnishings,Eldon 100 Class Desk Accessories,10.11,3,3.2352,3,2011,11,32.0,Profit
CA-2011-127558,2011-11-15,2011-11-18,Shahid Shariari,Los Angeles,California,Accessories,Logitech P710e Mobile Speakerphone,772.47,3,146.7693,3,2011,11,18.999999999999996,Profit
CA-2011-127558,2011-11-15,2011-11-18,Shahid Shariari,Los Angeles,California,Supplies,Acme Box Cutter Scissors,20.46,2,5.3196,3,2011,11,26.0,Profit
CA-2013-133795,2013-12-19,2013-12-25,Jeremy Ellison,San Diego,California,Accessories,SanDisk Cruzer 64 GB USB Flash Drive,72.64,2,21.792,6,2013,12,30.000000000000004,Profit
CA-2013-133795,2013-12-19,2013-12-25,Jeremy Ellison,San Diego,California,Accessories,Logitech P710e Mobile Speakerphone,772.47,3,146.7693,6,2013,12,18.999999999999996,Profit
CA-2013-133795,2013-12-19,2013-12-25,Jeremy Ellison,San Diego,California,Furnishings,"Eldon Expressions Wood and Plastic Desk Accessories, Oak",39.92,4,11.1776,6,2013,12,27.999999999999996,Profit
CA-2014-139304,2014-01-30,2014-02-03,Vivek Gonzalez,San Francisco,California,Art,Newell 339,8.34,3,2.1684,4,2014,1,26.0,Profit
CA-2014-139304,2014-01-30,2014-02-03,Vivek Gonzalez,San Francisco,California,Supplies,Acme Office Executive Series Stainless Steel Trimmers,8.57,1,2.2282,4,2014,1,26.0,Profit
CA-2014-139304,2014-01-30,2014-02-03,Vivek Gonzalez,San Francisco,California,Binders,Clear Mylar Reinforcing Strips,119.616,8,40.3704,4,2014,1,33.75,Profit
CA-2011-169803,2011-04-06,2011-04-12,Scott Cohen,Seattle,Washington,Tables,"Chromcraft Bull-Nose Wood Round Conference Table Top, Wood Base",653.55,3,111.1035,6,2011,4,17.0,Profit
CA-2011-169803,2011-04-06,2011-04-12,Scott Cohen,Seattle,Washington,Accessories,Kingston Digital DataTraveler 32GB USB 2.0,33.9,2,2.034,6,2011,4,6.0,Profit
CA-2013-158694,2013-11-11,2013-11-14,Arianne Irving,Los Angeles,California,Paper,Embossed Ink Jet Note Cards,67.71,3,32.5008,3,2013,11,48.00000000000001,Profit
CA-2013-158694,2013-11-11,2013-11-14,Arianne Irving,Los Angeles,California,Appliances,Belkin F9S820V06 8 Outlet Surge,129.92,4,38.976,3,2013,11,30.000000000000004,Profit
CA-2013-158694,2013-11-11,2013-11-14,Arianne Irving,Los Angeles,California,Furnishings,"Howard Miller 11-1/2"" Diameter Ridgewood Wall Clock",467.46,9,191.6586,3,2013,11,41.0,Profit
CA-2013-158694,2013-11-11,2013-11-14,Arianne Irving,Los Angeles,California,Paper,Xerox 1933,61.4,5,28.858,3,2013,11,47.0,Profit
CA-2013-158694,2013-11-11,2013-11-14,Arianne Irving,Los Angeles,California,Storage,Standard Rollaway File with Lock,720.76,4,187.3976,3,2013,11,26.0,Profit
CA-2013-158694,2013-11-11,2013-11-14,Arianne Irving,Los Angeles,California,Binders,Peel & Stick Add-On Corner Pockets,5.184,3,1.8144,3,2013,11,35.0,Profit
CA-2013-158694,2013-11-11,2013-11-14,Arianne Irving,Los Angeles,California,Art,Newell 338,14.7,5,3.969,3,2013,11,27.0,Profit
CA-2012-150511,2012-09-18,2012-09-24,Adam Bellavance,Des Moines,Washington,Paper,"Wirebound Message Books, Four 2 3/4"" x 5"" Forms per Page, 600 Sets per Book",18.54,2,8.7138,6,2012,9,47.00000000000001,Profit
CA-2012-162166,2012-09-08,2012-09-11,Neoma Murray,Moreno Valley,California,Paper,Xerox 1928,26.4,5,11.88,3,2012,9,45.00000000000001,Profit
CA-2012-162166,2012-09-08,2012-09-11,Neoma Murray,Moreno Valley,California,Storage,Eldon Shelf Savers Cubes and Bins,41.88,6,0.8376,3,2012,9,2.0,Profit
CA-2014-160934,2014-01-16,2014-01-20,Tonja Turnell,Los Angeles,California,Art,Newell 347,21.4,5,6.206,4,2014,1,29.000000000000004,Profit
CA-2012-145485,2012-11-05,2012-11-05,Justin MacKendrick,San Francisco,California,Storage,Hanging Personal Folder File,62.8,4,15.7,0,2012,11,25.0,Profit
CA-2014-151071,2014-04-26,2014-04-30,Mick Brown,Los Angeles,California,Binders,"Cardinal Slant-D Ring Binder, Heavy Gauge Vinyl",13.904,2,4.5188,4,2014,4,32.49999999999999,Profit
US-2014-133312,2014-11-26,2014-11-30,Bradley Drucker,San Francisco,California,Bookcases,"Sauder Forest Hills Library, Woodland Oak Finish",359.499,3,-29.6058,4,2014,11,-8.235294117647058,Loss
US-2014-133312,2014-11-26,2014-11-30,Bradley Drucker,San Francisco,California,Storage,Sterilite Officeware Hinged File Box,10.48,1,2.8296,4,2014,11,27.0,Profit
CA-2014-132738,2014-08-05,2014-08-08,Harry Marie,Loveland,Colorado,Paper,Hammermill CopyPlus Copy Paper (20Lb. and 84 Bright),7.968,2,2.8884,3,2014,8,36.25,Profit
CA-2014-132738,2014-08-05,2014-08-08,Harry Marie,Loveland,Colorado,Envelopes,"Manila Recycled Extra-Heavyweight Clasp Envelopes, 6"" x 9""",8.784,1,3.1842,3,2014,8,36.25,Profit
CA-2014-156720,2014-12-31,2015-01-04,Jill Matthias,Loveland,Colorado,Fasteners,Bagged Rubber Bands,3.024,3,-0.6048,4,2014,12,-20.0,Loss
CA-2012-141936,2012-08-07,2012-08-12,Parhena Norris,Bakersfield,California,Binders,Cardinal Hold-It CD Pocket,19.152,3,6.4638,5,2012,8,33.75,Profit
CA-2013-150658,2013-11-18,2013-11-23,Maribeth Schnelling,Carlsbad,New Mexico,Binders,Avery Non-Stick Binders,10.776,3,3.3675,5,2013,11,31.25,Profit
CA-2014-146626,2014-12-30,2015-01-06,Ben Peterman,Anaheim,California,Furnishings,Nu-Dell Executive Frame,101.12,8,37.4144,7,2014,12,37.0,Profit
CA-2013-151323,2013-10-24,2013-10-29,Alejandro Ballentine,Seattle,Washington,Fasteners,Advantus SlideClip Paper Clips,17.05,5,8.184,5,2013,10,47.99999999999999,Profit
CA-2012-146696,2012-12-14,2012-12-19,Rick Duston,San Diego,California,Binders,Wilson Jones Standard D-Ring Binders,8.096,2,2.7324,5,2012,12,33.75,Profit
CA-2012-154886,2012-11-08,2012-11-12,Shaun Weien,San Francisco,California,Accessories,Microsoft Arc Touch Mouse,119.9,2,43.164,4,2012,11,36.0,Profit
CA-2014-161333,2014-02-03,2014-02-08,John Lee,Los Angeles,California,Furnishings,"Howard Miller 11-1/2"" Diameter Grantwood Wall Clock",86.26,2,29.3284,5,2014,2,34.0,Profit
CA-2014-161333,2014-02-03,2014-02-08,John Lee,Los Angeles,California,Storage,"Multi-Use Personal File Cart and Caster Set, Three Stacking Bins",139.04,4,38.9312,5,2014,2,27.999999999999996,Profit
CA-2014-161333,2014-02-03,2014-02-08,John Lee,Los Angeles,California,Appliances,Harmony HEPA Quiet Air Purifiers,46.8,4,16.38,5,2014,2,35.0,Profit
CA-2014-128734,2014-12-25,2015-01-01,James Lanier,Chandler,Arizona,Furnishings,Acrylic Self-Standing Desk Frames,8.544,4,1.9224,7,2014,12,22.5,Profit
CA-2014-128734,2014-12-25,2015-01-01,James Lanier,Chandler,Arizona,Chairs,Global Leather Executive Chair,842.376,3,105.297,7,2014,12,12.5,Profit
CA-2014-125101,2014-03-07,2014-03-11,Sally Hughsby,San Francisco,California,Storage,"File Shuttle II and Handi-File, Black",67.78,2,16.945,4,2014,3,25.0,Profit
CA-2014-169929,2014-09-26,2014-09-29,Luke Schmidt,Helena,Montana,Storage,Iris Project Case,39.9,5,10.374,3,2014,9,26.0,Profit
CA-2012-156146,2012-10-26,2012-10-30,Andrew Gjertsen,Peoria,Arizona,Phones,Panasonic KX-TG6844B Expandable Digital Cordless Telephone,105.584,2,9.2386,4,2012,10,8.75,Profit
CA-2012-156146,2012-10-26,2012-10-30,Andrew Gjertsen,Peoria,Arizona,Phones,Plantronics MX500i Earset,68.72,2,-14.603,4,2012,10,-21.25,Loss
CA-2011-111192,2011-07-30,2011-08-05,Tom Stivers,Seattle,Washington,Bookcases,"Rush Hierlooms Collection 1"" Thick Stackable Bookcases",1367.84,8,259.8896,6,2011,7,19.0,Profit
CA-2012-161627,2012-07-06,2012-07-11,Sarah Jordon,Pasadena,California,Chairs,Novimex Turbo Task Chair,170.352,3,-17.0352,5,2012,7,-10.0,Loss
CA-2012-107741,2012-03-08,2012-03-10,Fred Chung,Pueblo,Colorado,Art,"Dixon Prang Watercolor Pencils, 10-Color Set with Brush",3.408,1,0.8946,2,2012,3,26.25,Profit
CA-2013-148908,2013-11-06,2013-11-09,Joseph Holt,San Francisco,California,Binders,GBC Twin Loop Wire Binding Elements,53.248,2,19.968,3,2013,11,37.5,Profit
US-2012-120502,2012-04-13,2012-04-19,Bill Tyler,Los Angeles,California,Furnishings,Flat Face Poster Frame,37.68,2,15.8256,6,2012,4,42.0,Profit
US-2012-120502,2012-04-13,2012-04-19,Bill Tyler,Los Angeles,California,Phones,Aastra 57i VoIP phone,258.576,2,19.3932,6,2012,4,7.5,Profit
US-2012-120502,2012-04-13,2012-04-19,Bill Tyler,Los Angeles,California,Appliances,3M Replacement Filter for Office Air Cleaner for 20' x 33' Room,75.84,2,29.5776,6,2012,4,39.0,Profit
US-2014-141943,2014-05-06,2014-05-10,Darren Koutras,San Francisco,California,Envelopes,"Peel & Seel Recycled Catalog Envelopes, Brown",23.16,2,11.58,4,2014,5,50.0,Profit
CA-2011-159709,2011-05-10,2011-05-15,Arianne Irving,Kent,Washington,Envelopes,"Strathmore #10 Envelopes, Ultimate White",158.13,3,77.4837,5,2011,5,49.0,Profit
CA-2011-159709,2011-05-10,2011-05-15,Arianne Irving,Kent,Washington,Phones,"LF Elite 3D Dazzle Designer Hard Case Cover, Lf Stylus Pen and Wiper For Apple Iphone 5c Mini Lite",43.6,5,4.36,5,2011,5,10.0,Profit
CA-2012-142454,2012-08-15,2012-08-19,Richard Eichhorn,Oakland,California,Furnishings,Tensor Computer Mounted Lamp,104.23,7,28.1421,4,2012,8,26.999999999999996,Profit
CA-2012-142454,2012-08-15,2012-08-19,Richard Eichhorn,Oakland,California,Storage,Mobile Personal File Cube,70.26,3,18.9702,4,2012,8,26.999999999999996,Profit
CA-2013-145898,2013-09-27,2013-09-27,Chuck Magee,Redlands,California,Storage,Advantus Rolling Storage Box,51.45,3,13.8915,0,2013,9,27.0,Profit
CA-2013-145898,2013-09-27,2013-09-27,Chuck Magee,Redlands,California,Labels,Avery 494,7.83,3,3.6018,0,2013,9,46.0,Profit
CA-2013-145898,2013-09-27,2013-09-27,Chuck Magee,Redlands,California,Art,SANFORD Major Accent Highlighters,35.4,5,13.452,0,2013,9,38.0,Profit
CA-2013-145898,2013-09-27,2013-09-27,Chuck Magee,Redlands,California,Paper,Great White Multi-Use Recycled Paper (20Lb. and 84 Bright),29.9,5,13.455,0,2013,9,45.0,Profit
CA-2014-134635,2014-04-16,2014-04-18,Noel Staavos,Los Angeles,California,Paper,Xerox 1883,79.14,3,36.4044,2,2014,4,46.0,Profit
US-2014-109582,2014-09-13,2014-09-18,John Murray,Los Angeles,California,Paper,"Eaton Premium Continuous-Feed Paper, 25% Cotton, Letter Size, White, 1000 Shts/Box",166.44,3,79.8912,5,2014,9,48.0,Profit
US-2011-147648,2011-11-26,2011-12-01,Lindsay Shagiari,San Francisco,California,Paper,Xerox 1893,81.98,2,40.1702,5,2011,11,49.0,Profit
CA-2014-124436,2014-03-20,2014-03-23,Sue Ann Reed,Fresno,California,Binders,SpineVue Locking Slant-D Ring Binders by Cardinal,14.624,2,5.1184,3,2014,3,35.0,Profit
CA-2014-124436,2014-03-20,2014-03-23,Sue Ann Reed,Fresno,California,Tables,Chromcraft Round Conference Tables,697.16,5,8.7145,3,2014,3,1.25,Profit
CA-2014-124436,2014-03-20,2014-03-23,Sue Ann Reed,Fresno,California,Furnishings,"Advantus Employee of the Month Certificate Frame, 11 x 13-1/2",30.93,1,12.6813,3,2014,3,41.0,Profit
CA-2014-124436,2014-03-20,2014-03-23,Sue Ann Reed,Fresno,California,Binders,"Pressboard Covers with Storage Hooks, 9 1/2"" x 11"", Light Blue",27.496,7,9.2799,3,2014,3,33.75,Profit
CA-2014-131037,2014-08-23,2014-08-24,Tony Molinari,San Francisco,California,Tables,Hon Racetrack Conference Tables,210.008,1,2.6251,1,2014,8,1.25,Profit
CA-2013-116561,2013-09-12,2013-09-18,Eugene Barchas,San Jose,California,Storage,"Stur-D-Stor Shelving, Vertical 5-Shelf: 72""H x 36""W x 18 1/2""D",332.94,3,6.6588,6,2013,9,2.0,Profit
CA-2013-116561,2013-09-12,2013-09-18,Eugene Barchas,San Jose,California,Binders,GBC Standard Therm-A-Bind Covers,39.872,2,12.9584,6,2013,9,32.49999999999999,Profit
CA-2013-110730,2013-09-24,2013-09-27,Candace McMahon,Seattle,Washington,Supplies,Acme Design Stainless Steel Bent Scissors,13.68,2,3.6936,3,2013,9,27.0,Profit
CA-2013-156265,2013-08-03,2013-08-05,Barry FranzÃ¶sisch,Los Angeles,California,Tables,"Barricks Non-Folding Utility Table with Steel Legs, Laminate Tops",136.464,2,15.3522,2,2013,8,11.25,Profit
CA-2013-156265,2013-08-03,2013-08-05,Barry FranzÃ¶sisch,Los Angeles,California,Phones,Nortel Business Series Terminal T7208 Digital phone,333.576,3,33.3576,2,2013,8,10.0,Profit
CA-2013-156265,2013-08-03,2013-08-05,Barry FranzÃ¶sisch,Los Angeles,California,Binders,XtraLife ClearVue Slant-D Ring Binders by Cardinal,12.544,2,4.704,2,2013,8,37.49999999999999,Profit
US-2014-110989,2014-11-04,2014-11-06,Eva Jacobs,Seattle,Washington,Accessories,HP Standard 104 key PS/2 Keyboard,43.5,3,10.875,2,2014,11,25.0,Profit
US-2011-131982,2011-03-07,2011-03-11,Nora Pelletier,Des Moines,Washington,Binders,Catalog Binders with Expanding Posts,107.648,2,33.64,4,2011,3,31.25,Profit
US-2014-114034,2014-01-04,2014-01-09,Delfina Latchford,Rancho Cucamonga,California,Paper,Xerox 1905,38.88,6,18.6624,5,2014,1,48.00000000000001,Profit
US-2014-115595,2014-10-10,2014-10-12,Xylona Preis,Los Angeles,California,Paper,"Wirebound Message Books, 2 7/8"" x 5"", 3 Forms per Page",35.2,5,16.544,2,2014,10,47.0,Profit
CA-2014-147452,2014-10-01,2014-10-04,Cari Sayre,Seattle,Washington,Paper,"Adams Telephone Message Book W/Dividers/Space For Phone Numbers, 5 1/4""X8 1/2"", 300/Messages",11.76,2,5.7624,3,2014,10,49.00000000000001,Profit
CA-2014-147452,2014-10-01,2014-10-04,Cari Sayre,Seattle,Washington,Paper,Xerox 1882,167.94,3,82.2906,3,2014,10,49.0,Profit
CA-2014-147452,2014-10-01,2014-10-04,Cari Sayre,Seattle,Washington,Appliances,"Commercial WindTunnel Clean Air Upright Vacuum, Replacement Belts, Filtration Bags",3.89,1,1.0114,3,2014,10,26.0,Profit
CA-2014-144484,2014-09-12,2014-09-12,Cassandra Brandow,San Francisco,California,Furnishings,"6"" Cubicle Wall Clock, Black",32.36,4,11.6496,0,2014,9,36.0,Profit
CA-2014-144484,2014-09-12,2014-09-12,Cassandra Brandow,San Francisco,California,Appliances,Kensington 4 Outlet MasterPiece Compact Power Control Center,406.6,5,113.848,0,2014,9,27.999999999999996,Profit
CA-2014-125913,2014-01-17,2014-01-17,Jack O'Briant,Los Angeles,California,Furnishings,"Eldon Expressions Wood and Plastic Desk Accessories, Cherry Wood",27.92,4,8.0968,0,2014,1,28.999999999999996,Profit
CA-2014-125913,2014-01-17,2014-01-17,Jack O'Briant,Los Angeles,California,Tables,"Lesro Sheffield Collection Coffee Table, End Table, Center Table, Corner Table",399.672,7,-14.9877,0,2014,1,-3.75,Loss
CA-2011-133424,2011-03-30,2011-04-04,Dorris liebe,Seattle,Washington,Storage,Sterilite Show Offs Storage Containers,15.84,3,0.0,5,2011,3,0.0,No Profit No Loss
CA-2011-133424,2011-03-30,2011-04-04,Dorris liebe,Seattle,Washington,Labels,Avery 490,44.4,3,22.2,5,2011,3,50.0,Profit
CA-2014-105991,2014-05-06,2014-05-07,Lisa Hazard,Louisville,Colorado,Envelopes,"Redi-Strip #10 Envelopes, 4 1/8 x 9 1/2",21.24,9,7.434,1,2014,5,35.0,Profit
CA-2014-105991,2014-05-06,2014-05-07,Lisa Hazard,Louisville,Colorado,Binders,"Avery Durable Slant Ring Binders, No Labels",9.552,8,-7.3232,1,2014,5,-76.66666666666667,Loss
CA-2014-105991,2014-05-06,2014-05-07,Lisa Hazard,Louisville,Colorado,Bookcases,Bestar Classic Bookcase,89.991,3,-152.9847,1,2014,5,-170.0,Loss
US-2014-136784,2014-05-01,2014-05-06,Alan Dominguez,San Francisco,California,Paper,Xerox 1919,163.96,4,80.3404,5,2014,5,49.0,Profit
CA-2013-106656,2013-09-24,2013-09-27,Darrin Van Huff,San Diego,California,Envelopes,Poly String Tie Envelopes,4.08,2,1.9176,3,2013,9,47.0,Profit
CA-2013-106656,2013-09-24,2013-09-27,Darrin Van Huff,San Diego,California,Labels,Avery 51,18.9,3,8.694,3,2013,9,46.00000000000001,Profit
CA-2014-137876,2014-05-01,2014-05-06,Don Jones,San Francisco,California,Furnishings,"Seth Thomas 16"" Steel Case Clock",64.96,2,21.4368,5,2014,5,33.00000000000001,Profit
CA-2014-137876,2014-05-01,2014-05-06,Don Jones,San Francisco,California,Envelopes,"#10- 4 1/8"" x 9 1/2"" Security-Tint Envelopes",30.56,4,14.9744,5,2014,5,49.0,Profit
CA-2012-119508,2012-12-04,2012-12-09,Tracy Zic,Lakewood,California,Art,Avery Hi-Liter Fluorescent Desk Style Markers,16.9,5,6.253,5,2012,12,37.00000000000001,Profit
CA-2012-119508,2012-12-04,2012-12-09,Tracy Zic,Lakewood,California,Furnishings,"Eldon Image Series Desk Accessories, Burgundy",25.08,6,9.0288,5,2012,12,36.00000000000001,Profit
CA-2011-130813,2011-01-07,2011-01-09,Lycoris Saunders,Los Angeles,California,Paper,Xerox 225,19.44,3,9.3312,2,2011,1,48.00000000000001,Profit
CA-2012-169278,2012-05-21,2012-05-25,Michelle Ellison,Seattle,Washington,Binders,Ibico Plastic and Wire Spiral Binding Combs,26.976,4,8.7672,4,2012,5,32.50000000000001,Profit
CA-2014-111577,2014-10-17,2014-10-22,Anthony Jacobs,Scottsdale,Arizona,Paper,Green Bar Computer Printout Paper,307.776,7,111.5688,5,2014,10,36.25,Profit
CA-2014-108539,2014-03-22,2014-03-24,Steven Cartwright,Los Angeles,California,Storage,Adjustable Depth Letter/Legal Cart,725.84,4,210.4936,2,2014,3,28.999999999999996,Profit
CA-2014-108539,2014-03-22,2014-03-24,Steven Cartwright,Los Angeles,California,Binders,"Avery Durable Plastic 1"" Binders",10.896,3,3.9498,2,2014,3,36.25,Profit
CA-2014-108539,2014-03-22,2014-03-24,Steven Cartwright,Los Angeles,California,Binders,Pressboard Data Binders by Wilson Jones,8.544,2,2.8836,2,2014,3,33.75,Profit
CA-2011-113768,2011-05-13,2011-05-19,Aaron Hawkins,Los Angeles,California,Chairs,"Iceberg Nesting Folding Chair, 19w x 6d x 43h",279.456,6,20.9592,6,2011,5,7.5,Profit
CA-2011-113768,2011-05-13,2011-05-19,Aaron Hawkins,Los Angeles,California,Paper,EcoTones Memo Sheets,8.0,2,3.84,6,2011,5,48.0,Profit
CA-2013-138037,2013-09-30,2013-10-04,Andy Reiter,San Francisco,California,Binders,Avery Self-Adhesive Photo Pockets for Polaroid Photos,27.24,5,9.534,4,2013,9,35.0,Profit
CA-2011-150490,2011-08-05,2011-08-11,Sonia Sunley,San Francisco,California,Accessories,Logitech Desktop MK120 Mouse and keyboard Combo,16.36,1,1.636,6,2011,8,10.0,Profit
CA-2011-150490,2011-08-05,2011-08-11,Sonia Sunley,San Francisco,California,Storage,Akro Stacking Bins,15.78,2,0.6312,6,2011,8,4.0,Profit
CA-2011-150490,2011-08-05,2011-08-11,Sonia Sunley,San Francisco,California,Art,Boston KS Multi-Size Manual Pencil Sharpener,45.98,2,12.8744,6,2011,8,28.000000000000004,Profit
CA-2011-123477,2011-01-19,2011-01-22,David Wiener,Springfield,Oregon,Appliances,Fellowes Mighty 8 Compact Surge Protector,64.864,4,6.4864,3,2011,1,10.0,Profit
CA-2014-158071,2014-06-11,2014-06-16,Bill Donatelli,Seattle,Washington,Phones,"Logitech B530 USB Headset - headset - Full size, Binaural",88.776,3,7.7679,5,2014,6,8.75,Profit
CA-2014-158071,2014-06-11,2014-06-16,Bill Donatelli,Seattle,Washington,Labels,Avery 512,11.56,4,5.4332,5,2014,6,47.0,Profit
CA-2014-158071,2014-06-11,2014-06-16,Bill Donatelli,Seattle,Washington,Storage,Personal File Boxes with Fold-Down Carry Handle,15.58,1,3.895,5,2014,6,25.0,Profit
CA-2014-134152,2014-05-28,2014-06-01,Roy Phan,Seattle,Washington,Accessories,Logitech Desktop MK120 Mouse and keyboard Combo,98.16,6,9.816,4,2014,5,10.0,Profit
CA-2014-134152,2014-05-28,2014-06-01,Roy Phan,Seattle,Washington,Art,Staples,31.44,3,7.86,4,2014,5,25.0,Profit
CA-2013-136021,2013-08-15,2013-08-19,Jill Matthias,Los Angeles,California,Paper,Array Memo Cubes,15.54,3,7.6146,4,2013,8,49.00000000000001,Profit
CA-2013-136021,2013-08-15,2013-08-19,Jill Matthias,Los Angeles,California,Machines,Texas Instruments TI-34 Scientific Calculator,105.552,6,35.6238,4,2013,8,33.75,Profit
CA-2014-164707,2014-02-19,2014-02-22,Cynthia Voltz,Los Angeles,California,Phones,iHome FM Clock Radio with Lightning Dock,167.976,3,10.4985,3,2014,2,6.25,Profit
CA-2014-164707,2014-02-19,2014-02-22,Cynthia Voltz,Los Angeles,California,Accessories,Memorex Micro Travel Drive 32 GB,109.53,3,47.0979,3,2014,2,43.0,Profit
CA-2014-164707,2014-02-19,2014-02-22,Cynthia Voltz,Los Angeles,California,Labels,Avery 493,9.82,2,4.8118,3,2014,2,49.0,Profit
CA-2014-163874,2014-11-11,2014-11-13,Nick Crebassa,Seattle,Washington,Binders,GBC Imprintable Covers,26.352,3,9.5526,2,2014,11,36.25,Profit
CA-2011-104829,2011-11-18,2011-11-21,John Grady,Provo,Utah,Paper,"Adams ""While You Were Out"" Message Pads",21.98,7,9.891,3,2011,11,45.0,Profit
US-2013-147340,2013-09-25,2013-09-25,Edward Becker,San Francisco,California,Furnishings,Nu-Dell Executive Frame,63.2,5,23.384,0,2013,9,37.0,Profit
CA-2013-145492,2013-11-21,2013-11-28,Matt Connell,Los Angeles,California,Appliances,"Bravo II Megaboss 12-Amp Hard Body Upright, Replacement Belts, 2 Belts per Pack",39.0,12,11.31,7,2013,11,29.000000000000004,Profit
CA-2013-117681,2013-04-10,2013-04-15,Herbert Flentye,Los Angeles,California,Bookcases,Bush Somerset Collection Bookcase,556.665,5,6.549,5,2013,4,1.1764705882352944,Profit
CA-2014-132262,2014-09-22,2014-09-24,Muhammed Lee,Seattle,Washington,Accessories,Sony 64GB Class 10 Micro SDHC R40 Memory Card,71.98,2,15.1158,2,2014,9,21.0,Profit
CA-2014-132262,2014-09-22,2014-09-24,Muhammed Lee,Seattle,Washington,Accessories,Logitech M510 Wireless Mouse,79.98,2,26.3934,2,2014,9,32.99999999999999,Profit
US-2013-143280,2013-02-22,2013-02-26,Tracy Zic,Los Angeles,California,Phones,AT&T 1070 Corded Phone,445.96,5,55.745,4,2013,2,12.5,Profit
US-2013-143280,2013-02-22,2013-02-26,Tracy Zic,Los Angeles,California,Accessories,Memorex Mini Travel Drive 64 GB USB 2.0 Flash Drive,36.24,1,15.2208,4,2013,2,42.0,Profit
US-2013-143280,2013-02-22,2013-02-26,Tracy Zic,Los Angeles,California,Fasteners,"Acco Clips to Go Binder Clips, 24 Clips in Two Sizes",10.65,3,5.0055,4,2013,2,47.0,Profit
CA-2014-108854,2014-12-09,2014-12-15,Denise Monton,San Francisco,California,Paper,Standard Line “While You Were Out” Hardbound Telephone Message Book,87.92,4,40.4432,6,2014,12,46.0,Profit
CA-2014-108854,2014-12-09,2014-12-15,Denise Monton,San Francisco,California,Binders,"Performers Binder/Pad Holder, Black",22.424,1,8.409,6,2014,12,37.50000000000001,Profit
CA-2014-108854,2014-12-09,2014-12-15,Denise Monton,San Francisco,California,Binders,Vinyl Sectional Post Binders,90.48,3,33.93,6,2014,12,37.5,Profit
CA-2014-108854,2014-12-09,2014-12-15,Denise Monton,San Francisco,California,Storage,"SAFCO Mobile Desk Side File, Wire Frame",42.76,1,11.1176,6,2014,12,26.0,Profit
CA-2014-166856,2014-09-19,2014-09-23,Tony Sayre,Clovis,New Mexico,Binders,Wilson Jones Easy Flow II Sheet Lifters,10.08,7,3.528,4,2014,9,35.0,Profit
CA-2014-166856,2014-09-19,2014-09-23,Tony Sayre,Clovis,New Mexico,Accessories,Kingston Digital DataTraveler 64GB USB 2.0,101.34,3,8.1072,4,2014,9,8.0,Profit
US-2013-163258,2013-12-30,2014-01-03,Phillip Flathmann,Los Angeles,California,Binders,Acco Translucent Poly Ring Binders,11.232,3,3.9312,4,2013,12,35.0,Profit
CA-2013-153598,2013-12-04,2013-12-07,Neoma Murray,Los Angeles,California,Accessories,Logitech Z-906 Speaker sys - home theater - 5.1-CH,1649.95,5,659.98,3,2013,12,40.0,Profit
CA-2013-153598,2013-12-04,2013-12-07,Neoma Murray,Los Angeles,California,Furnishings,3M Polarizing Light Filter Sleeves,111.9,6,51.474,3,2013,12,46.0,Profit
US-2013-108497,2013-06-15,2013-06-15,Marc Harrigan,Los Angeles,California,Bookcases,"Bush Heritage Pine Collection 5-Shelf Bookcase, Albany Pine Finish, *Special Order",599.165,5,35.245,0,2013,6,5.88235294117647,Profit
CA-2013-113096,2013-09-03,2013-09-05,Sam Zeldin,San Francisco,California,Storage,"Tenex File Box, Personal Filing Tote with Lid, Black",46.53,3,12.0978,2,2013,9,26.0,Profit
CA-2014-129707,2014-04-26,2014-04-30,Larry Hughes,Chandler,Arizona,Art,Newell 318,8.896,4,0.6672,4,2014,4,7.5,Profit
CA-2012-160171,2012-10-19,2012-10-24,Robert Marley,Los Angeles,California,Appliances,"Sanyo Counter Height Refrigerator with Crisper, 3.6 Cubic Foot, Stainless Steel/Black",1640.7,5,459.396,5,2012,10,28.000000000000004,Profit
CA-2012-160171,2012-10-19,2012-10-24,Robert Marley,Los Angeles,California,Accessories,NETGEAR N750 Dual Band Wi-Fi Gigabit Router,270.0,3,97.2,5,2012,10,36.0,Profit
CA-2014-155929,2014-09-10,2014-09-14,Arianne Irving,Glendale,Arizona,Paper,Unpadded Memo Slips,6.368,2,2.388,4,2014,9,37.49999999999999,Profit
CA-2013-140613,2013-07-23,2013-07-30,Kristina Nunn,Sparks,Nevada,Supplies,"Fiskars 8"" Scissors, 2/Pack",86.2,5,24.998,7,2013,7,28.999999999999996,Profit
CA-2014-130631,2014-12-30,2015-01-03,Bruce Stewart,Edmonds,Washington,Fasteners,Acco Glide Clips,19.6,5,9.604,4,2014,12,48.99999999999999,Profit
CA-2014-130631,2014-12-30,2015-01-03,Bruce Stewart,Edmonds,Washington,Furnishings,Hand-Finished Solid Wood Document Frame,68.46,2,20.538,4,2014,12,30.000000000000004,Profit
CA-2014-116680,2014-09-05,2014-09-07,Pete Kriz,San Francisco,California,Binders,Acco Suede Grain Vinyl Round Ring Binder,13.344,6,4.3368,2,2014,9,32.5,Profit
CA-2014-116680,2014-09-05,2014-09-07,Pete Kriz,San Francisco,California,Tables,"Bush Cubix Conference Tables, Fully Assembled",1478.272,8,92.392,2,2014,9,6.25,Profit
CA-2014-101574,2014-09-29,2014-10-05,Bruce Degenhardt,Los Angeles,California,Furnishings,Longer-Life Soft White Bulbs,9.24,3,4.4352,6,2014,9,48.0,Profit
CA-2011-146591,2011-01-20,2011-01-21,Toby Swindell,Scottsdale,Arizona,Binders,"GBC Standard Recycled Report Covers, Clear Plastic Sheets",32.34,10,-23.716,1,2011,1,-73.33333333333333,Loss
CA-2011-146591,2011-01-20,2011-01-21,Toby Swindell,Scottsdale,Arizona,Paper,"TOPS Carbonless Receipt Book, Four 2-3/4 x 7-1/4 Money Receipts per Page",56.064,4,19.6224,1,2011,1,35.0,Profit
CA-2011-146591,2011-01-20,2011-01-21,Toby Swindell,Scottsdale,Arizona,Envelopes,"Tyvek  Top-Opening Peel & Seel Envelopes, Plain White",108.72,5,36.693,1,2011,1,33.75,Profit
CA-2011-146591,2011-01-20,2011-01-21,Toby Swindell,Scottsdale,Arizona,Bookcases,O'Sullivan 4-Shelf Bookcase in Odessa Pine,181.47,5,-320.597,1,2011,1,-176.66666666666666,Loss
CA-2013-122448,2013-06-10,2013-06-15,Dean Braden,San Francisco,California,Chairs,"Global Deluxe Stacking Chair, Gray",122.352,3,13.7646,5,2013,6,11.249999999999998,Profit
CA-2011-132451,2011-09-26,2011-09-27,Karen Ferguson,San Diego,California,Chairs,"Hon Deluxe Fabric Upholstered Stacking Chairs, Rounded Back",585.552,3,73.194,1,2011,9,12.5,Profit
CA-2011-132451,2011-09-26,2011-09-27,Karen Ferguson,San Diego,California,Paper,Xerox 217,19.44,3,9.3312,1,2011,9,48.00000000000001,Profit
CA-2014-116946,2014-12-20,2014-12-24,Tony Sayre,Parker,Colorado,Furnishings,OIC Stacking Trays,13.36,5,4.008,4,2014,12,30.0,Profit
CA-2014-116946,2014-12-20,2014-12-24,Tony Sayre,Parker,Colorado,Storage,Tennsco Industrial Shelving,78.256,2,-17.6076,4,2014,12,-22.5,Loss
CA-2014-116946,2014-12-20,2014-12-24,Tony Sayre,Parker,Colorado,Bookcases,O'Sullivan 2-Shelf Heavy-Duty Bookcases,102.018,7,-183.6324,4,2014,12,-179.99999999999997,Loss
CA-2014-105487,2014-10-09,2014-10-15,Chris Selesnick,San Diego,California,Phones,Digium D40 VoIP phone,103.192,1,11.6091,6,2014,10,11.25,Profit
CA-2014-105487,2014-10-09,2014-10-15,Chris Selesnick,San Diego,California,Accessories,KeyTronic E03601U1 - Keyboard - Beige,36.0,2,6.48,6,2014,10,18.000000000000004,Profit
CA-2014-105487,2014-10-09,2014-10-15,Chris Selesnick,San Diego,California,Accessories,Logitech Illuminated - Keyboard,239.96,4,115.1808,6,2014,10,48.0,Profit
CA-2014-105487,2014-10-09,2014-10-15,Chris Selesnick,San Diego,California,Storage,Tennsco Commercial Shelving,40.68,2,0.4068,6,2014,10,1.0,Profit
CA-2011-105249,2011-11-28,2011-11-28,Duane Huffman,San Francisco,California,Supplies,Staples,7.36,2,0.1472,0,2011,11,2.0,Profit
CA-2011-105249,2011-11-28,2011-11-28,Duane Huffman,San Francisco,California,Labels,Avery 489,41.4,4,19.872,0,2011,11,48.00000000000001,Profit
CA-2011-105249,2011-11-28,2011-11-28,Duane Huffman,San Francisco,California,Bookcases,"Sauder Camden County Barrister Bookcase, Planked Cherry Finish",411.332,4,-4.8392,0,2011,11,-1.1764705882352942,Loss
US-2013-162026,2013-10-09,2013-10-09,Joel Eaton,Los Angeles,California,Paper,Xerox 1925,61.96,2,27.882,0,2013,10,45.0,Profit
CA-2012-168529,2012-10-08,2012-10-12,Maria Bertelson,San Francisco,California,Furnishings,"Deflect-o SuperTray Unbreakable Stackable Tray, Letter, Black",145.9,5,62.737,4,2012,10,43.0,Profit
US-2011-137680,2011-02-25,2011-03-02,Jennifer Halladay,Medford,Oregon,Paper,"Message Book, Wirebound, Four 5 1/2"" X 4"" Forms/Pg., 200 Dupl. Sets/Book",32.896,4,11.1024,5,2011,2,33.75,Profit
US-2011-137680,2011-02-25,2011-03-02,Jennifer Halladay,Medford,Oregon,Paper,"TOPS 4 x 6 Fluorescent Color Memo Sheets, 500 Sheets per Pack",22.776,3,7.6869,5,2011,2,33.75,Profit
CA-2013-110982,2013-06-06,2013-06-08,Chloris Kastensmidt,Santa Clara,California,Binders,Avery Non-Stick Binders,21.552,6,7.0044,2,2013,6,32.5,Profit
CA-2013-110982,2013-06-06,2013-06-08,Chloris Kastensmidt,Santa Clara,California,Appliances,Acco 6 Outlet Guardian Premium Surge Suppressor,58.24,4,15.7248,2,2013,6,27.0,Profit
CA-2013-147123,2013-12-11,2013-12-13,Sanjit Jacobs,Long Beach,California,Paper,"Wirebound Message Books, Four 2 3/4 x 5 White Forms per Page",80.28,12,36.9288,2,2013,12,46.0,Profit
CA-2014-154501,2014-05-01,2014-05-06,Erin Ashbrook,Los Angeles,California,Art,Faber Castell Col-Erase Pencils,9.78,2,4.0098,5,2014,5,41.0,Profit
CA-2014-166933,2014-04-25,2014-04-29,Michael Granlund,Santa Barbara,California,Fasteners,Colored Push Pins,1.81,1,0.6516,4,2014,4,36.0,Profit
CA-2013-134936,2013-12-20,2013-12-26,Erin Smith,Tucson,Arizona,Tables,"SAFCO PlanMaster Boards, 60w x 37-1/2d, White Melamine",455.97,6,-218.8656,6,2013,12,-48.0,Loss
CA-2013-134936,2013-12-20,2013-12-26,Erin Smith,Tucson,Arizona,Binders,"Wilson Jones Clip & Carry Folder Binder Tool for Ring Binders, Clear",10.44,6,-7.656,6,2013,12,-73.33333333333334,Loss
CA-2013-134936,2013-12-20,2013-12-26,Erin Smith,Tucson,Arizona,Binders,"Cardinal Slant-D Ring Binder, Heavy Gauge Vinyl",5.214,2,-4.1712,6,2013,12,-80.0,Loss
CA-2014-151008,2014-09-08,2014-09-09,Justin MacKendrick,Draper,Utah,Furnishings,"DAX Copper Panel Document Frame, 5 x 7 Size",25.16,2,10.5672,1,2014,9,42.0,Profit
CA-2014-151008,2014-09-08,2014-09-09,Justin MacKendrick,Draper,Utah,Phones,Motorla HX550 Universal Bluetooth Headset,126.56,4,47.46,1,2014,9,37.5,Profit
CA-2011-159800,2011-11-28,2011-12-01,Sheri Gordon,San Francisco,California,Appliances,Acco 6 Outlet Guardian Premium Surge Suppressor,43.68,3,11.7936,3,2011,11,27.0,Profit
CA-2011-159800,2011-11-28,2011-12-01,Sheri Gordon,San Francisco,California,Accessories,Micropad Numeric Keypads,139.93,7,34.9825,3,2011,11,25.0,Profit
US-2012-114741,2012-12-06,2012-12-10,Ivan Liston,North Las Vegas,Nevada,Paper,Xerox 20,6.48,1,3.1104,4,2012,12,47.99999999999999,Profit
US-2012-114741,2012-12-06,2012-12-10,Ivan Liston,North Las Vegas,Nevada,Storage,Tennsco 6- and 18-Compartment Lockers,1325.85,5,238.653,4,2012,12,18.0,Profit
US-2012-114741,2012-12-06,2012-12-10,Ivan Liston,North Las Vegas,Nevada,Labels,Avery 483,14.94,3,6.8724,4,2012,12,46.0,Profit
CA-2013-136686,2013-12-13,2013-12-17,Roy FranzÃ¶sisch,Pasadena,California,Furnishings,"Howard Miller 14-1/2"" Diameter Chrome Round Wall Clock",383.64,6,122.7648,4,2013,12,32.0,Profit
CA-2013-136686,2013-12-13,2013-12-17,Roy FranzÃ¶sisch,Pasadena,California,Appliances,Belkin F9H710-06 7 Outlet SurgeMaster Surge Protector,56.52,3,15.8256,4,2013,12,27.999999999999996,Profit
CA-2014-137498,2014-09-10,2014-09-15,Liz Carlisle,Los Angeles,California,Art,Newell 35,6.56,2,1.9024,5,2014,9,29.000000000000004,Profit
CA-2014-137498,2014-09-10,2014-09-15,Liz Carlisle,Los Angeles,California,Chairs,Novimex Fabric Task Chair,243.92,5,-15.245,5,2014,9,-6.25,Loss
CA-2014-137498,2014-09-10,2014-09-15,Liz Carlisle,Los Angeles,California,Paper,Astroparche Fine Business Paper,47.52,9,22.8096,5,2014,9,48.0,Profit
CA-2011-116673,2011-12-15,2011-12-19,Jas O'Carroll,San Diego,California,Furnishings,Stackable Trays,6.16,2,1.9712,4,2011,12,32.0,Profit
CA-2012-149993,2012-03-19,2012-03-20,Guy Armstrong,Lancaster,California,Fasteners,Stockwell Push Pins,10.9,5,3.597,1,2012,3,32.99999999999999,Profit
CA-2011-168158,2011-07-19,2011-07-24,Eugene Moren,Great Falls,Montana,Binders,"Acco Pressboard Covers with Storage Hooks, 14 7/8"" x 11"", Dark Blue",6.096,2,2.2098,5,2011,7,36.25,Profit
CA-2013-115224,2013-12-09,2013-12-12,Doug Bickford,San Francisco,California,Storage,"SimpliFile Personal File, Black Granite, 15w x 6-15/16d x 11-1/4h",34.05,3,9.534,3,2013,12,28.000000000000004,Profit
CA-2013-115224,2013-12-09,2013-12-12,Doug Bickford,San Francisco,California,Storage,Fellowes High-Stak Drawer Files,352.38,2,81.0474,3,2013,12,23.0,Profit
CA-2012-168634,2012-12-06,2012-12-11,Art Ferguson,San Francisco,California,Appliances,"Commercial WindTunnel Clean Air Upright Vacuum, Replacement Belts, Filtration Bags",7.78,2,2.0228,5,2012,12,26.0,Profit
CA-2014-121027,2014-08-19,2014-08-23,Helen Wasserman,Seattle,Washington,Accessories,Plantronics Savi W720 Multi-Device Wireless Headset System,843.9,2,371.316,4,2014,8,44.0,Profit
CA-2014-121027,2014-08-19,2014-08-23,Helen Wasserman,Seattle,Washington,Accessories,Imation Bio 8GB USB Flash Drive Imation Corp,1496.16,9,224.424,4,2014,8,15.0,Profit
CA-2012-101154,2012-09-18,2012-09-21,Charlotte Melton,San Diego,California,Storage,"Stur-D-Stor Shelving, Vertical 5-Shelf: 72""H x 36""W x 18 1/2""D",443.92,4,8.8784,3,2012,9,1.9999999999999998,Profit
CA-2013-121748,2013-10-25,2013-10-29,Victoria Wilson,Los Angeles,California,Accessories,Micro Innovations USB RF Wireless Keyboard with Mouse,100.0,4,21.0,4,2013,10,21.0,Profit
CA-2013-121748,2013-10-25,2013-10-29,Victoria Wilson,Los Angeles,California,Accessories,Logitech VX Revolution Cordless Laser Mouse for Notebooks (Black),359.98,2,21.5988,4,2013,10,6.0,Profit
CA-2011-126683,2011-09-29,2011-10-01,Paul Prost,Seattle,Washington,Furnishings,Longer-Life Soft White Bulbs,6.16,2,2.9568,2,2011,9,48.0,Profit
CA-2011-126683,2011-09-29,2011-10-01,Paul Prost,Seattle,Washington,Tables,"Bevis Oval Conference Table, Walnut",2348.82,9,399.2994,2,2011,9,17.0,Profit
CA-2014-123022,2014-09-04,2014-09-09,Sample Company A,La Mesa,California,Binders,"Square Ring Data Binders, Rigid 75 Pt. Covers, 11"" x 14-7/8""",82.56,5,28.896,5,2014,9,35.0,Profit
CA-2014-123022,2014-09-04,2014-09-09,Sample Company A,La Mesa,California,Accessories,Kensington Expert Mouse Optical USB Trackball for PC or Mac,284.97,3,85.491,5,2014,9,30.0,Profit
CA-2011-154893,2011-12-21,2011-12-27,Gary McGarr,San Diego,California,Chairs,SAFCO Arco Folding Chair,1325.76,6,149.148,6,2011,12,11.25,Profit
CA-2011-154893,2011-12-21,2011-12-27,Gary McGarr,San Diego,California,Chairs,Safco Contoured Stacking Chairs,572.16,3,35.76,6,2011,12,6.25,Profit
CA-2014-120719,2014-03-24,2014-03-27,Sanjit Jacobs,Seattle,Washington,Binders,"Cardinal Slant-D Ring Binder, Heavy Gauge Vinyl",34.76,5,11.297,3,2014,3,32.5,Profit
CA-2014-168179,2014-11-03,2014-11-08,Joy Bell-,Salt Lake City,Utah,Paper,Xerox 220,19.44,3,9.3312,5,2014,11,48.00000000000001,Profit
CA-2014-142342,2014-07-18,2014-07-20,Anthony Johnson,Apple Valley,California,Paper,Xerox 221,32.4,5,15.552,2,2014,7,48.0,Profit
CA-2014-142342,2014-07-18,2014-07-20,Anthony Johnson,Apple Valley,California,Envelopes,"Peel & Seel Recycled Catalog Envelopes, Brown",57.9,5,28.95,2,2014,7,50.0,Profit
CA-2014-142342,2014-07-18,2014-07-20,Anthony Johnson,Apple Valley,California,Storage,Sterilite Show Offs Storage Containers,10.56,2,0.0,2,2014,7,0.0,No Profit No Loss
CA-2014-142342,2014-07-18,2014-07-20,Anthony Johnson,Apple Valley,California,Bookcases,"Atlantic Metals Mobile 4-Shelf Bookcases, Custom Colors",1194.165,5,210.735,2,2014,7,17.647058823529413,Profit
US-2011-134187,2011-11-04,2011-11-11,Tiffany House,Long Beach,California,Art,Newell 343,2.94,1,0.7938,7,2011,11,26.999999999999996,Profit
CA-2013-145261,2013-12-19,2013-12-22,Adrian Hane,Salem,Oregon,Binders,Vinyl Sectional Post Binders,45.24,4,-30.16,3,2013,12,-66.66666666666666,Loss
CA-2013-145261,2013-12-19,2013-12-22,Adrian Hane,Salem,Oregon,Art,Newell 312,18.688,4,2.336,3,2013,12,12.5,Profit
CA-2013-145261,2013-12-19,2013-12-22,Adrian Hane,Salem,Oregon,Paper,"Black Print Carbonless 8 1/2"" x 8 1/4"" Rapid Memo Book",11.648,2,3.7856,3,2013,12,32.5,Profit
CA-2013-145261,2013-12-19,2013-12-22,Adrian Hane,Salem,Oregon,Accessories,Sony Micro Vault Click 8 GB USB 2.0 Flash Drive,112.776,3,-8.4582,3,2013,12,-7.5,Loss
CA-2013-145261,2013-12-19,2013-12-22,Adrian Hane,Salem,Oregon,Tables,"Iceberg OfficeWorks 42"" Round Tables",377.45,5,-264.215,3,2013,12,-70.0,Loss
CA-2013-145261,2013-12-19,2013-12-22,Adrian Hane,Salem,Oregon,Labels,Avery White Multi-Purpose Labels,15.936,4,5.1792,3,2013,12,32.5,Profit
CA-2013-145261,2013-12-19,2013-12-22,Adrian Hane,Salem,Oregon,Phones,Macally Suction Cup Mount,28.68,3,-7.17,3,2013,12,-25.0,Loss
CA-2013-108875,2013-09-25,2013-10-02,Craig Leslie,Aurora,Colorado,Furnishings,Electrix 20W Halogen Replacement Bulb for Zoom-In Desk Lamp,21.44,2,7.504,7,2013,9,35.0,Profit
CA-2013-108875,2013-09-25,2013-10-02,Craig Leslie,Aurora,Colorado,Storage,Sensible Storage WireTech Storage Systems,511.056,9,-95.823,7,2013,9,-18.75,Loss
CA-2013-142405,2013-06-12,2013-06-16,Sanjit Engle,Seattle,Washington,Labels,Avery 486,14.62,2,6.8714,4,2013,6,47.0,Profit
CA-2013-142405,2013-06-12,2013-06-16,Sanjit Engle,Seattle,Washington,Binders,Wilson Jones Turn Tabs Binder Tool for Ring Binders,53.984,14,17.5448,4,2013,6,32.49999999999999,Profit
CA-2013-142405,2013-06-12,2013-06-16,Sanjit Engle,Seattle,Washington,Accessories,Logitech G35 7.1-Channel Surround Sound Headset,389.97,3,132.5898,4,2013,6,34.0,Profit
CA-2012-141012,2012-06-09,2012-06-11,Trudy Glocke,Pocatello,Idaho,Furnishings,Luxo Adjustable Task Clamp Lamp,355.36,4,92.3936,2,2012,6,26.0,Profit
CA-2012-141012,2012-06-09,2012-06-11,Trudy Glocke,Pocatello,Idaho,Phones,Dexim XPower Skin Super-Thin Power Case for iPhone 5 - Black,140.376,3,8.7735,2,2012,6,6.25,Profit
CA-2013-146318,2013-01-22,2013-01-27,Marc Crier,Seattle,Washington,Paper,Xerox 218,12.96,2,6.2208,5,2013,1,47.99999999999999,Profit
CA-2011-135993,2011-05-28,2011-06-02,Patrick Jones,Seattle,Washington,Phones,I Need's 3d Hello Kitty Hybrid Silicone Case Cover for HTC One X 4g with 3d Hello Kitty Stylus Pen Green/pink,57.408,6,5.7408,5,2011,5,10.0,Profit
CA-2011-135993,2011-05-28,2011-06-02,Patrick Jones,Seattle,Washington,Accessories,Imation 30456 USB Flash Drive 8GB,27.6,4,2.208,5,2011,5,8.0,Profit
CA-2012-131072,2012-11-05,2012-11-05,Ken Lonsdale,Seattle,Washington,Binders,"Avery Trapezoid Ring Binder, 3"" Capacity, Black, 1040 sheets",98.352,3,35.6526,0,2012,11,36.25,Profit
CA-2013-126165,2013-05-06,2013-05-08,Amy Hunt,San Francisco,California,Tables,Hon 61000 Series Interactive Training Tables,71.088,2,-1.7772,2,2013,5,-2.5,Loss
CA-2014-148320,2014-11-04,2014-11-09,Paul Gonzalez,San Francisco,California,Paper,Xerox 1992,35.88,6,17.5812,5,2014,11,48.99999999999999,Profit
CA-2012-138674,2012-11-14,2012-11-17,Ken Black,Springfield,Oregon,Fasteners,Advantus Push Pins,8.72,5,2.289,3,2012,11,26.25,Profit
CA-2012-138674,2012-11-14,2012-11-17,Ken Black,Springfield,Oregon,Accessories,Imation Secure Drive + Hardware Encrypted USB flash drive - 16 GB,91.176,3,4.5588,3,2012,11,5.0,Profit
CA-2012-138674,2012-11-14,2012-11-17,Ken Black,Springfield,Oregon,Accessories,Plantronics Audio 478 Stereo USB Headset,159.968,4,29.994,3,2012,11,18.75,Profit
CA-2013-165820,2013-09-27,2013-10-01,Dorothy Wardle,San Francisco,California,Paper,Xerox 1905,12.96,2,6.2208,4,2013,9,47.99999999999999,Profit
CA-2011-148614,2011-01-21,2011-01-26,Mark Van Huff,Los Angeles,California,Paper,"Wirebound Service Call Books, 5 1/2"" x 4""",19.36,2,9.2928,5,2011,1,48.0,Profit
CA-2011-148614,2011-01-21,2011-01-26,Mark Van Huff,Los Angeles,California,Furnishings,"Eldon Expressions Desk Accessory, Wood Pencil Holder, Oak",19.3,2,5.79,5,2011,1,30.0,Profit
CA-2014-156139,2014-01-01,2014-01-07,Becky Pak,San Francisco,California,Binders,"GBC Pre-Punched Binding Paper, Plastic, White, 8-1/2"" x 11""",38.376,3,13.4316,6,2014,1,35.0,Profit
US-2014-147886,2014-03-29,2014-04-01,Dave Hallsten,Fairfield,California,Paper,Xerox 1975,12.96,2,6.3504,3,2014,3,48.99999999999999,Profit
US-2014-147886,2014-03-29,2014-04-01,Dave Hallsten,Fairfield,California,Furnishings,DAX Black Cherry Wood-Tone Poster Frame,26.48,1,10.0624,3,2014,3,38.0,Profit
US-2014-147886,2014-03-29,2014-04-01,Dave Hallsten,Fairfield,California,Machines,StarTech.com 10/100 VDSL2 Ethernet Extender Kit,532.72,2,53.272,3,2014,3,10.0,Profit
US-2014-147886,2014-03-29,2014-04-01,Dave Hallsten,Fairfield,California,Paper,Xerox 1968,26.72,4,12.8256,3,2014,3,48.0,Profit
US-2014-147886,2014-03-29,2014-04-01,Dave Hallsten,Fairfield,California,Paper,Xerox 1977,20.04,3,9.6192,3,2014,3,48.0,Profit
US-2014-147886,2014-03-29,2014-04-01,Dave Hallsten,Fairfield,California,Storage,SAFCO Boltless Steel Shelving,795.48,7,7.9548,3,2014,3,0.9999999999999999,Profit
US-2014-147886,2014-03-29,2014-04-01,Dave Hallsten,Fairfield,California,Furnishings,Stackable Trays,21.56,7,6.8992,3,2014,3,32.00000000000001,Profit
CA-2013-125850,2013-01-22,2013-01-28,Frank Preis,San Diego,California,Labels,Avery 475,44.4,3,22.2,6,2013,1,50.0,Profit
CA-2013-125850,2013-01-22,2013-01-28,Frank Preis,San Diego,California,Labels,Avery 476,20.65,5,9.499,6,2013,1,46.00000000000001,Profit
US-2013-111528,2013-12-31,2013-12-31,Julie Prescott,Los Angeles,California,Storage,Iceberg Mobile Mega Data/Printer Cart,481.32,4,125.1432,0,2013,12,26.0,Profit
US-2013-111528,2013-12-31,2013-12-31,Julie Prescott,Los Angeles,California,Binders,Cardinal Hold-It CD Pocket,6.384,1,2.1546,0,2013,12,33.75,Profit
CA-2014-158169,2014-08-13,2014-08-16,Justin MacKendrick,Lake Forest,California,Appliances,Avanti 4.4 Cu. Ft. Refrigerator,542.94,3,152.0232,3,2014,8,27.999999999999996,Profit
CA-2014-158169,2014-08-13,2014-08-16,Justin MacKendrick,Lake Forest,California,Furnishings,DAX Wood Document Frame,54.92,4,19.7712,3,2014,8,36.0,Profit
CA-2012-117772,2012-09-10,2012-09-12,Matt Collins,Seattle,Washington,Storage,"Belkin 19"" Center-Weighted Shelf, Gray",353.88,6,17.694,2,2012,9,5.0,Profit
US-2011-126340,2011-11-08,2011-11-14,Emily Burns,Redding,California,Phones,Toshiba IPT2010-SD IP Telephone,333.576,3,25.0182,6,2011,11,7.5,Profit
CA-2012-103835,2012-09-24,2012-09-28,Shaun Chance,Los Angeles,California,Furnishings,"DAX Value U-Channel Document Frames, Easel Back",14.91,3,4.6221,4,2012,9,31.0,Profit
CA-2012-103835,2012-09-24,2012-09-28,Shaun Chance,Los Angeles,California,Appliances,Hoover Upright Vacuum With Dirt Cup,1158.12,4,335.8548,4,2012,9,29.000000000000004,Profit
CA-2013-142398,2013-04-13,2013-04-17,Beth Paige,Los Angeles,California,Chairs,Hon Comfortask Task/Swivel Chairs,638.288,7,-31.9144,4,2013,4,-5.0,Loss
CA-2013-142398,2013-04-13,2013-04-17,Beth Paige,Los Angeles,California,Binders,JM Magazine Binder,13.208,1,4.6228,4,2013,4,35.0,Profit
CA-2013-112060,2013-12-05,2013-12-10,Kean Takahito,San Francisco,California,Paper,Xerox 1915,104.85,1,50.328,5,2013,12,48.00000000000001,Profit
CA-2011-105270,2011-11-11,2011-11-18,Arthur Prichep,Los Angeles,California,Art,50 Colored Long Pencils,30.48,3,7.9248,7,2011,11,26.0,Profit
CA-2011-105270,2011-11-11,2011-11-18,Arthur Prichep,Los Angeles,California,Chairs,Hon Olson Stacker Stools,112.648,1,11.2648,7,2011,11,10.0,Profit
US-2012-159513,2012-04-02,2012-04-09,John Dryer,Los Angeles,California,Machines,"Vtech AT&T CL2940 Corded Speakerphone, Black",71.976,3,24.2919,7,2012,4,33.75,Profit
CA-2012-155586,2012-12-12,2012-12-16,Xylona Preis,Chico,California,Art,Newell 311,2.21,1,0.5967,4,2012,12,27.0,Profit
CA-2012-155586,2012-12-12,2012-12-16,Xylona Preis,Chico,California,Envelopes,Peel & Seel Envelopes,15.52,4,7.4496,4,2012,12,48.00000000000001,Profit
CA-2012-155586,2012-12-12,2012-12-16,Xylona Preis,Chico,California,Paper,"Black Print Carbonless Snap-Off Rapid Letter, 8 1/2"" x 7""",36.44,4,16.398,4,2012,12,45.0,Profit
CA-2014-141117,2014-10-03,2014-10-09,Juliana Krohn,Springfield,Oregon,Bookcases,O'Sullivan 4-Shelf Bookcase in Odessa Pine,217.764,6,-384.7164,6,2014,10,-176.66666666666666,Loss
CA-2014-141117,2014-10-03,2014-10-09,Juliana Krohn,Springfield,Oregon,Supplies,Acme Softgrip Scissors,39.072,6,4.3956,6,2014,10,11.249999999999998,Profit
CA-2014-141117,2014-10-03,2014-10-09,Juliana Krohn,Springfield,Oregon,Binders,"GBC Standard Recycled Report Covers, Clear Plastic Sheets",22.638,7,-16.6012,6,2014,10,-73.33333333333331,Loss
CA-2014-141117,2014-10-03,2014-10-09,Juliana Krohn,Springfield,Oregon,Art,Berol Giant Pencil Sharpener,95.144,7,10.7037,6,2014,10,11.249999999999998,Profit
CA-2014-140186,2014-09-30,2014-10-03,Patrick Gardner,Bakersfield,California,Fasteners,Advantus Plastic Paper Clips,35.0,7,16.8,3,2014,9,48.00000000000001,Profit
CA-2014-140186,2014-09-30,2014-10-03,Patrick Gardner,Bakersfield,California,Chairs,"Leather Task Chair, Black",72.784,1,0.0,3,2014,9,0.0,No Profit No Loss
CA-2014-140186,2014-09-30,2014-10-03,Patrick Gardner,Bakersfield,California,Appliances,"Fellowes Premier Superior Surge Suppressor, 10-Outlet, With Phone and Remote",97.84,2,25.4384,3,2014,9,26.0,Profit
CA-2014-140186,2014-09-30,2014-10-03,Patrick Gardner,Bakersfield,California,Furnishings,"Howard Miller 13-3/4"" Diameter Brushed Chrome Round Wall Clock",51.75,1,15.525,3,2014,9,30.0,Profit
CA-2014-140186,2014-09-30,2014-10-03,Patrick Gardner,Bakersfield,California,Binders,Binding Machine Supplies,46.672,2,16.3352,3,2014,9,35.0,Profit
CA-2012-163440,2012-03-22,2012-03-24,Ruben Dartt,Thousand Oaks,California,Phones,Square Credit Card Reader,15.984,2,1.1988,2,2012,3,7.500000000000001,Profit
US-2012-163279,2012-03-22,2012-03-26,Justin Deggeller,San Diego,California,Paper,Staples,105.52,4,48.5392,4,2012,3,46.0,Profit
US-2012-163279,2012-03-22,2012-03-26,Justin Deggeller,San Diego,California,Furnishings,Tenex B1-RE Series Chair Mats for Low Pile Carpets,91.96,2,15.6332,4,2012,3,17.0,Profit
US-2012-163279,2012-03-22,2012-03-26,Justin Deggeller,San Diego,California,Phones,ClearOne CHATAttach 160 - speaker phone,1487.976,3,185.997,4,2012,3,12.5,Profit
CA-2014-117632,2014-05-13,2014-05-19,Charles Sheldon,San Francisco,California,Supplies,Compact Automatic Electric Letter Opener,238.62,2,4.7724,6,2014,5,2.0,Profit
CA-2014-117632,2014-05-13,2014-05-19,Charles Sheldon,San Francisco,California,Appliances,Hoover Commercial Soft Guard Upright Vacuum And Disposable Filtration Bags,7.77,1,2.0979,6,2014,5,27.0,Profit
CA-2014-117632,2014-05-13,2014-05-19,Charles Sheldon,San Francisco,California,Tables,"Lesro Sheffield Collection Coffee Table, End Table, Center Table, Corner Table",285.48,5,-10.7055,6,2014,5,-3.75,Loss
CA-2014-117632,2014-05-13,2014-05-19,Charles Sheldon,San Francisco,California,Binders,"DXL Angle-View Binders with Locking Rings, Black",19.168,4,6.4692,6,2014,5,33.75,Profit
CA-2012-111206,2012-07-18,2012-07-22,Roland Fjeld,San Diego,California,Accessories,Logitech G35 7.1-Channel Surround Sound Headset,519.96,4,176.7864,4,2012,7,34.0,Profit
CA-2014-133207,2014-11-28,2014-12-04,Doug O'Connell,Los Angeles,California,Phones,Griffin GC17055 Auxiliary Audio Cable,57.568,4,5.7568,6,2014,11,10.0,Profit
CA-2012-132948,2012-03-27,2012-04-03,Mark Van Huff,Seattle,Washington,Storage,Rogers Profile Extra Capacity Storage Tub,83.7,5,3.348,7,2012,3,3.9999999999999996,Profit
CA-2012-126725,2012-11-17,2012-11-21,Brian Stugart,San Diego,California,Phones,RCA ViSYS 25825 Wireless digital phone,415.968,4,51.996,4,2012,11,12.5,Profit
CA-2012-126725,2012-11-17,2012-11-21,Brian Stugart,San Diego,California,Storage,Carina Media Storage Towers in Natural & Black,304.9,5,6.098,4,2012,11,2.0,Profit
CA-2012-126725,2012-11-17,2012-11-21,Brian Stugart,San Diego,California,Furnishings,"DAX Contemporary Wood Frame with Silver Metal Mat, Desktop, 11 x 14 Size",80.96,4,29.1456,4,2012,11,36.00000000000001,Profit
CA-2012-126725,2012-11-17,2012-11-21,Brian Stugart,San Diego,California,Storage,Fellowes Recycled Storage Drawers,777.21,7,54.4047,4,2012,11,6.999999999999999,Profit
CA-2012-126725,2012-11-17,2012-11-21,Brian Stugart,San Diego,California,Paper,Xerox 203,32.4,5,15.552,4,2012,11,48.0,Profit
CA-2012-126725,2012-11-17,2012-11-21,Brian Stugart,San Diego,California,Chairs,Office Star - Contemporary Swivel Chair with Padded Adjustable Arms and Flex Back,225.568,2,2.8196,4,2012,11,1.25,Profit
CA-2012-126725,2012-11-17,2012-11-21,Brian Stugart,San Diego,California,Furnishings,Advantus Panel Wall Certificate Holder - 8.5x11,36.6,3,15.372,4,2012,11,42.0,Profit
US-2014-153255,2014-09-04,2014-09-08,Joe Kamberova,Concord,California,Bookcases,"Bush Heritage Pine Collection 5-Shelf Bookcase, Albany Pine Finish, *Special Order",239.666,2,14.098,4,2014,9,5.882352941176471,Profit
CA-2013-152247,2013-11-08,2013-11-13,Michelle Arnett,Cheyenne,Wyoming,Chairs,Global Troy Executive Leather Low-Back Tilter,1603.136,4,100.196,5,2013,11,6.25,Profit
CA-2013-128223,2013-06-15,2013-06-15,Ed Braxton,Anaheim,California,Tables,"Bush Cubix Conference Tables, Fully Assembled",1293.488,7,80.843,0,2013,6,6.25,Profit
CA-2013-133935,2013-09-19,2013-09-23,Jane Waco,San Diego,California,Chairs,Global Troy Executive Leather Low-Back Tilter,801.568,2,50.098,4,2013,9,6.25,Profit
CA-2013-133935,2013-09-19,2013-09-23,Jane Waco,San Diego,California,Paper,Xerox 1945,368.91,9,180.7659,4,2013,9,48.99999999999999,Profit
CA-2013-133935,2013-09-19,2013-09-23,Jane Waco,San Diego,California,Chairs,"Global High-Back Leather Tilter, Burgundy",885.528,9,-99.6219,4,2013,9,-11.249999999999998,Loss
CA-2013-136301,2013-03-14,2013-03-16,Edward Hooks,San Francisco,California,Furnishings,"Westinghouse Mesh Shade Clip-On Gooseneck Lamp, Black",28.28,2,7.3528,2,2013,3,26.0,Profit
CA-2013-136301,2013-03-14,2013-03-16,Edward Hooks,San Francisco,California,Supplies,High Speed Automatic Electric Letter Opener,4912.59,3,196.5036,2,2013,3,4.0,Profit
US-2011-109456,2011-10-16,2011-10-17,Lynn Smith,San Francisco,California,Binders,Avery Non-Stick Heavy Duty View Round Locking Ring Binders,14.352,3,5.0232,1,2011,10,35.0,Profit
US-2011-109456,2011-10-16,2011-10-17,Lynn Smith,San Francisco,California,Accessories,Logitech Illuminated - Keyboard,179.97,3,86.3856,1,2011,10,48.0,Profit
CA-2014-100825,2014-09-10,2014-09-15,Keith Dawkins,Los Angeles,California,Storage,Fellowes Bases and Tops For Staxonsteel/High-Stak Systems,99.87,3,23.9688,5,2014,9,24.000000000000004,Profit
CA-2011-168305,2011-11-01,2011-11-08,Paul Lucas,Los Angeles,California,Labels,Avery 475,44.4,3,22.2,7,2011,11,50.0,Profit
CA-2011-168305,2011-11-01,2011-11-08,Paul Lucas,Los Angeles,California,Paper,Staples,21.4,5,9.63,7,2011,11,45.00000000000001,Profit
CA-2014-108000,2014-01-13,2014-01-17,Linda Southworth,San Francisco,California,Envelopes,Staples,9.78,1,4.89,4,2014,1,50.0,Profit
CA-2012-146465,2012-11-20,2012-11-24,Patrick Bzostek,San Francisco,California,Binders,Cardinal Poly Pocket Divider Pockets for Ring Binders,24.192,9,7.56,4,2012,11,31.25,Profit
US-2014-153948,2014-11-07,2014-11-07,Frank Merwin,San Francisco,California,Paper,Xerox 191,59.94,3,28.1718,0,2014,11,47.0,Profit
US-2014-153948,2014-11-07,2014-11-07,Frank Merwin,San Francisco,California,Paper,Staples,45.36,4,22.2264,0,2014,11,49.00000000000001,Profit
US-2014-153948,2014-11-07,2014-11-07,Frank Merwin,San Francisco,California,Paper,Astroparche Fine Business Paper,26.4,5,12.672,0,2014,11,48.00000000000001,Profit
US-2014-153948,2014-11-07,2014-11-07,Frank Merwin,San Francisco,California,Labels,Avery 503,41.4,4,19.872,0,2014,11,48.00000000000001,Profit
US-2014-153948,2014-11-07,2014-11-07,Frank Merwin,San Francisco,California,Accessories,Kingston Digital DataTraveler 32GB USB 2.0,16.95,1,1.017,0,2014,11,6.0,Profit
US-2013-113985,2013-12-03,2013-12-08,Keith Dawkins,San Jose,California,Binders,GBC VeloBind Cover Sets,24.704,2,9.264,5,2013,12,37.49999999999999,Profit
US-2013-113985,2013-12-03,2013-12-08,Keith Dawkins,San Jose,California,Appliances,"Holmes Cool Mist Humidifier for the Whole House with 8-Gallon Output per Day, Extended Life Filter",59.7,3,26.865,5,2013,12,44.99999999999999,Profit
US-2013-113985,2013-12-03,2013-12-08,Keith Dawkins,San Jose,California,Furnishings,"Eldon Regeneration Recycled Desk Accessories, Black",14.52,3,5.6628,5,2013,12,39.0,Profit
US-2013-113985,2013-12-03,2013-12-08,Keith Dawkins,San Jose,California,Binders,Satellite Sectional Post Binders,104.184,3,33.8598,5,2013,12,32.5,Profit
CA-2013-155383,2013-12-18,2013-12-23,Steve Carroll,Seattle,Washington,Storage,"Personal Filing Tote with Lid, Black/Gray",46.53,3,13.0284,5,2013,12,27.999999999999996,Profit
CA-2014-150420,2014-06-04,2014-06-09,Giulietta Dortch,Bellingham,Washington,Accessories,Plantronics Audio 995 Wireless Stereo Headset,1099.5,10,362.835,5,2014,6,32.99999999999999,Profit
CA-2013-103107,2013-07-05,2013-07-05,Rick Bensley,Seattle,Washington,Furnishings,"Master Caster Door Stop, Brown",25.4,5,8.636,0,2013,7,34.0,Profit
CA-2013-103107,2013-07-05,2013-07-05,Rick Bensley,Seattle,Washington,Phones,Avaya 4621SW VoIP phone,177.48,3,19.9665,0,2013,7,11.25,Profit
CA-2013-103107,2013-07-05,2013-07-05,Rick Bensley,Seattle,Washington,Phones,OtterBox Defender Series Case - Samsung Galaxy S4,71.976,3,8.997,0,2013,7,12.5,Profit
CA-2014-112431,2014-10-13,2014-10-15,Robert Waldorf,Los Angeles,California,Accessories,SanDisk Cruzer 64 GB USB Flash Drive,435.84,12,130.752,2,2014,10,30.000000000000004,Profit
CA-2014-112431,2014-10-13,2014-10-15,Robert Waldorf,Los Angeles,California,Art,Newell 343,5.88,2,1.5876,2,2014,10,26.999999999999996,Profit
CA-2013-151092,2013-08-07,2013-08-14,Vivek Gonzalez,Los Angeles,California,Phones,Panasonic KX-TG6844B Expandable Digital Cordless Telephone,211.168,4,18.4772,7,2013,8,8.75,Profit
CA-2011-104178,2011-08-25,2011-08-29,Janet Molinari,Los Angeles,California,Furnishings,"Eldon 200 Class Desk Accessories, Smoke",6.28,1,2.6376,4,2011,8,42.0,Profit
CA-2011-104178,2011-08-25,2011-08-29,Janet Molinari,Los Angeles,California,Accessories,SanDisk Cruzer 32 GB USB Flash Drive,95.1,5,30.432,4,2011,8,32.0,Profit
CA-2011-104178,2011-08-25,2011-08-29,Janet Molinari,Los Angeles,California,Paper,Xerox 23,25.92,4,12.4416,4,2011,8,47.99999999999999,Profit
CA-2011-104178,2011-08-25,2011-08-29,Janet Molinari,Los Angeles,California,Storage,Portable Personal File Box,48.84,4,13.1868,4,2011,8,26.999999999999996,Profit
CA-2013-127138,2013-03-13,2013-03-16,Dean Katz,San Francisco,California,Storage,"Tennsco Stur-D-Stor Boltless Shelving, 5 Shelves, 24"" Deep, Sand",676.55,5,6.7655,3,2013,3,1.0000000000000002,Profit
CA-2013-127138,2013-03-13,2013-03-16,Dean Katz,San Francisco,California,Appliances,Euro-Pro Shark Turbo Vacuum,154.9,5,40.274,3,2013,3,26.0,Profit
CA-2013-127138,2013-03-13,2013-03-16,Dean Katz,San Francisco,California,Envelopes,Security-Tint Envelopes,30.56,4,14.9744,3,2013,3,49.0,Profit
CA-2013-127138,2013-03-13,2013-03-16,Dean Katz,San Francisco,California,Chairs,Hon 4070 Series Pagoda Round Back Stacking Chairs,770.352,3,77.0352,3,2013,3,10.0,Profit
CA-2014-150602,2014-02-10,2014-02-15,Marina Lichtenstein,Los Angeles,California,Furnishings,"Master Big Foot Doorstop, Beige",21.12,4,6.5472,5,2014,2,31.0,Profit
CA-2011-140732,2011-11-11,2011-11-13,Matt Abelman,Los Angeles,California,Phones,Mophie Juice Pack Helium for iPhone,575.928,9,57.5928,2,2011,11,10.0,Profit
CA-2011-140732,2011-11-11,2011-11-13,Matt Abelman,Los Angeles,California,Appliances,"Commercial WindTunnel Clean Air Upright Vacuum, Replacement Belts, Filtration Bags",7.78,2,2.0228,2,2011,11,26.0,Profit
CA-2011-140732,2011-11-11,2011-11-13,Matt Abelman,Los Angeles,California,Paper,Xerox 1979,123.92,4,55.764,2,2011,11,45.0,Profit
CA-2014-119011,2014-08-21,2014-08-26,Lisa Ryan,San Francisco,California,Supplies,Acme Kleencut Forged Steel Scissors,17.22,3,5.166,5,2014,8,30.000000000000004,Profit
CA-2014-119011,2014-08-21,2014-08-26,Lisa Ryan,San Francisco,California,Storage,"Companion Letter/Legal File, Black",226.56,6,63.4368,5,2014,8,27.999999999999996,Profit
CA-2014-119011,2014-08-21,2014-08-26,Lisa Ryan,San Francisco,California,Phones,Plantronics Encore H101 Dual Earpieces Headset,107.88,3,10.788,5,2014,8,10.0,Profit
CA-2011-141726,2011-07-20,2011-07-22,Charles Crestani,San Diego,California,Paper,Xerox 189,104.85,1,50.328,2,2011,7,48.00000000000001,Profit
CA-2011-141726,2011-07-20,2011-07-22,Charles Crestani,San Diego,California,Binders,Wilson Jones Custom Binder Spines & Labels,8.704,2,3.1552,2,2011,7,36.24999999999999,Profit
CA-2011-141726,2011-07-20,2011-07-22,Charles Crestani,San Diego,California,Paper,Xerox 1897,19.92,4,9.7608,2,2011,7,48.99999999999999,Profit
CA-2011-141726,2011-07-20,2011-07-22,Charles Crestani,San Diego,California,Furnishings,Nu-Dell Leatherette Frames,43.02,3,15.4872,2,2011,7,36.0,Profit
CA-2014-116953,2014-04-25,2014-04-26,Susan Vittorini,Mesa,Arizona,Phones,AT&T 841000 Phone,552.0,10,34.5,1,2014,4,6.25,Profit
US-2014-163300,2014-09-16,2014-09-22,Erica Smith,Los Angeles,California,Binders,GBC DocuBind 200 Manual Binding Machine,2357.488,7,884.058,6,2014,9,37.5,Profit
US-2014-163300,2014-09-16,2014-09-22,Erica Smith,Los Angeles,California,Phones,Panasonic KX-TG6844B Expandable Digital Cordless Telephone,369.544,7,32.3351,6,2014,9,8.75,Profit
US-2014-163300,2014-09-16,2014-09-22,Erica Smith,Los Angeles,California,Chairs,Global Deluxe Steno Chair,184.752,3,-20.7846,6,2014,9,-11.25,Loss
US-2011-112991,2011-12-10,2011-12-14,Sally Hughsby,Caldwell,Idaho,Chairs,Office Star - Contemporary Swivel Chair with Padded Adjustable Arms and Flex Back,338.352,3,4.2294,4,2011,12,1.25,Profit
US-2011-112991,2011-12-10,2011-12-14,Sally Hughsby,Caldwell,Idaho,Paper,Xerox 1931,25.92,4,12.4416,4,2011,12,47.99999999999999,Profit
US-2011-112991,2011-12-10,2011-12-14,Sally Hughsby,Caldwell,Idaho,Paper,"Xerox Color Copier Paper, 11"" x 17"", Ream",91.36,4,42.0256,4,2011,12,46.0,Profit
CA-2011-124079,2011-12-13,2011-12-17,Randy Ferguson,Phoenix,Arizona,Furnishings,"Electrix Incandescent Magnifying Lamp, Black",87.96,3,7.6965,4,2011,12,8.75,Profit
CA-2011-124079,2011-12-13,2011-12-17,Randy Ferguson,Phoenix,Arizona,Binders,"Cardinal Slant-D Ring Binder, Heavy Gauge Vinyl",5.214,2,-4.1712,4,2011,12,-80.0,Loss
CA-2014-107244,2014-09-08,2014-09-12,Allen Goldenen,Los Angeles,California,Furnishings,"C-Line Magnetic Cubicle Keepers, Clear Polypropylene",19.76,4,8.2992,4,2014,9,42.0,Profit
CA-2012-135580,2012-12-30,2013-01-03,Clay Ludtke,Los Angeles,California,Paper,Xerox 1929,68.52,3,31.5192,4,2012,12,46.0,Profit
CA-2012-135580,2012-12-30,2013-01-03,Clay Ludtke,Los Angeles,California,Storage,2300 Heavy-Duty Transfer File Systems by Perma,74.94,3,14.2386,4,2012,12,19.0,Profit
CA-2012-135580,2012-12-30,2013-01-03,Clay Ludtke,Los Angeles,California,Machines,Zebra GX420t Direct Thermal/Thermal Transfer Printer,2548.56,6,286.713,4,2012,12,11.250000000000002,Profit
CA-2012-135580,2012-12-30,2013-01-03,Clay Ludtke,Los Angeles,California,Envelopes,Tyvek Side-Opening Peel & Seel Expanding Envelopes,271.44,3,122.148,4,2012,12,45.0,Profit
CA-2012-135580,2012-12-30,2013-01-03,Clay Ludtke,Los Angeles,California,Phones,Cisco SPA 502G IP Phone,287.88,3,35.985,4,2012,12,12.5,Profit
CA-2013-159016,2013-03-11,2013-03-12,Karen Ferguson,Los Angeles,California,Paper,Rediform Voice Mail Log Books,14.9,5,7.152,1,2013,3,48.0,Profit
CA-2013-159016,2013-03-11,2013-03-12,Karen Ferguson,Los Angeles,California,Phones,Apple iPhone 5,4158.912,8,363.9048,1,2013,3,8.75,Profit
CA-2011-102652,2011-04-06,2011-04-12,Andy Yotov,Los Angeles,California,Furnishings,Tenex B1-RE Series Chair Mats for Low Pile Carpets,91.96,2,15.6332,6,2011,4,17.0,Profit
CA-2011-102652,2011-04-06,2011-04-12,Andy Yotov,Los Angeles,California,Furnishings,C-Line Cubicle Keepers Polyproplyene Holder With Velcro Backings,33.11,7,12.9129,6,2011,4,39.0,Profit
CA-2011-102652,2011-04-06,2011-04-12,Andy Yotov,Los Angeles,California,Paper,Xerox 211,19.44,3,9.3312,6,2011,4,48.00000000000001,Profit
CA-2011-102652,2011-04-06,2011-04-12,Andy Yotov,Los Angeles,California,Paper,Xerox 194,55.48,1,26.6304,6,2011,4,48.00000000000001,Profit
CA-2014-136007,2014-02-24,2014-03-03,Ann Chong,Seattle,Washington,Fasteners,Alliance Rubber Bands,8.4,5,0.336,7,2014,2,4.0,Profit
CA-2014-136007,2014-02-24,2014-03-03,Ann Chong,Seattle,Washington,Phones,invisibleSHIELD by ZAGG Smudge-Free Screen Protector,71.96,5,25.186,7,2014,2,35.0,Profit
US-2013-112970,2013-11-15,2013-11-16,Tim Brockman,Los Angeles,California,Art,Newell 35,9.84,3,2.8536,1,2013,11,29.000000000000004,Profit
CA-2012-130253,2012-12-14,2012-12-18,Paul Prost,Los Angeles,California,Furnishings,"Master Caster Door Stop, Gray",15.24,3,5.1816,4,2012,12,34.0,Profit
CA-2014-122364,2014-09-25,2014-09-30,Frank Atkinson,Los Angeles,California,Phones,Wilson Electronics DB Pro Signal Booster,859.2,3,75.18,5,2014,9,8.75,Profit
CA-2014-122364,2014-09-25,2014-09-30,Frank Atkinson,Los Angeles,California,Machines,Socket Bluetooth Cordless Hand Scanner (CHS),506.28,3,177.198,5,2014,9,35.0,Profit
CA-2013-117912,2013-02-04,2013-02-08,Tracy Blumstein,Sierra Vista,Arizona,Furnishings,Nu-Dell Float Frame 11 x 14 1/2,14.368,2,3.9512,4,2013,2,27.500000000000004,Profit
CA-2012-113215,2012-09-03,2012-09-08,Cathy Prescott,Tucson,Arizona,Furnishings,"GE 48"" Fluorescent Tube, Cool White Energy Saver, 34 Watts, 30/Box",238.152,3,89.307,5,2012,9,37.50000000000001,Profit
CA-2012-111780,2012-12-25,2012-12-30,Ralph Arnett,San Diego,California,Copiers,Brother DCP1000 Digital 3 in 1 Multifunction Machine,1199.96,5,224.9925,5,2012,12,18.75,Profit
CA-2012-111780,2012-12-25,2012-12-30,Ralph Arnett,San Diego,California,Paper,"Important Message Pads, 50 4-1/4 x 5-1/2 Forms per Pad",12.6,3,6.174,5,2012,12,49.00000000000001,Profit
CA-2012-111780,2012-12-25,2012-12-30,Ralph Arnett,San Diego,California,Paper,Great White Multi-Use Recycled Paper (20Lb. and 84 Bright),17.94,3,8.073,5,2012,12,45.0,Profit
CA-2014-166695,2014-05-21,2014-05-25,Chuck Clark,Lakewood,California,Chairs,"Global Geo Office Task Chair, Gray",518.272,8,-97.176,4,2014,5,-18.75,Loss
CA-2014-166695,2014-05-21,2014-05-25,Chuck Clark,Lakewood,California,Furnishings,G.E. Halogen Desk Lamp Bulbs,6.98,1,3.3504,4,2014,5,48.0,Profit
CA-2014-166695,2014-05-21,2014-05-25,Chuck Clark,Lakewood,California,Machines,Okidata B400 Printer,343.2,1,38.61,4,2014,5,11.25,Profit
CA-2014-121398,2014-12-26,2014-12-30,Fred Hopkins,Los Angeles,California,Binders,GBC DocuBind P50 Personal Binding Machine,153.552,3,51.8238,4,2014,12,33.75,Profit
CA-2014-121398,2014-12-26,2014-12-30,Fred Hopkins,Los Angeles,California,Storage,"Tennsco Stur-D-Stor Boltless Shelving, 5 Shelves, 24"" Deep, Sand",270.62,2,2.7062,4,2014,12,1.0,Profit
CA-2012-114048,2012-12-14,2012-12-18,Eric Hoffmann,Costa Mesa,California,Furnishings,Staples,29.22,3,12.8568,4,2012,12,44.0,Profit
US-2014-162068,2014-12-29,2015-01-01,Pamela Coakley,Loveland,Colorado,Binders,Avery Reinforcements for Hole-Punch Pages,1.188,2,-0.99,3,2014,12,-83.33333333333334,Loss
CA-2013-133802,2013-03-15,2013-03-21,Stephanie Phelps,Redwood City,California,Binders,Wilson Jones Leather-Like Binders with DublLock Round Rings,41.904,6,14.1426,6,2013,3,33.75,Profit
CA-2014-143378,2014-09-20,2014-09-26,Justin Ritter,Springfield,Oregon,Phones,Mophie Juice Pack Helium for iPhone,191.976,3,19.1976,6,2014,9,10.0,Profit
CA-2014-143378,2014-09-20,2014-09-26,Justin Ritter,Springfield,Oregon,Art,Peel-Off China Markers,23.832,3,6.5538,6,2014,9,27.499999999999996,Profit
CA-2014-143378,2014-09-20,2014-09-26,Justin Ritter,Springfield,Oregon,Furnishings,"Howard Miller 14-1/2"" Diameter Chrome Round Wall Clock",409.216,8,61.3824,6,2014,9,15.0,Profit
CA-2014-143378,2014-09-20,2014-09-26,Justin Ritter,Springfield,Oregon,Bookcases,O'Sullivan 4-Shelf Bookcase in Odessa Pine,72.588,2,-128.2388,6,2014,9,-176.66666666666669,Loss
CA-2014-145772,2014-06-04,2014-06-08,Saphhira Shifley,Los Angeles,California,Accessories,Kingston Digital DataTraveler 16GB USB 2.0,44.75,5,8.5025,4,2014,6,19.0,Profit
CA-2014-145772,2014-06-04,2014-06-08,Saphhira Shifley,Los Angeles,California,Paper,Xerox 1947,11.96,2,5.382,4,2014,6,44.99999999999999,Profit
CA-2014-145772,2014-06-04,2014-06-08,Saphhira Shifley,Los Angeles,California,Binders,UniKeep View Case Binders,3.912,1,1.2714,4,2014,6,32.5,Profit
US-2011-158400,2011-10-25,2011-10-28,Aaron Hawkins,San Francisco,California,Binders,GBC VeloBind Cover Sets,49.408,4,18.528,3,2011,10,37.49999999999999,Profit
CA-2013-148096,2013-08-17,2013-08-20,Anthony O'Donnell,Los Angeles,California,Tables,"Barricks 18"" x 48"" Non-Folding Utility Table with Bottom Storage Shelf",161.28,2,12.096,3,2013,8,7.5,Profit
CA-2013-146766,2013-11-05,2013-11-05,Thomas Thornton,Chula Vista,California,Art,Boston Heavy-Duty Trimline Electric Pencil Sharpeners,192.8,4,55.912,0,2013,11,28.999999999999996,Profit
CA-2011-131247,2011-03-30,2011-04-04,Guy Armstrong,San Francisco,California,Bookcases,O'Sullivan Living Dimensions 2-Shelf Bookcases,205.666,2,-12.098,5,2011,3,-5.882352941176471,Loss
US-2012-113593,2012-04-18,2012-04-20,Nathan Cano,Santa Maria,California,Storage,Advantus Rolling Drawer Organizers,115.44,3,30.0144,2,2012,4,26.0,Profit
CA-2011-133543,2011-12-22,2011-12-26,Khloe Miller,San Jose,California,Art,Newell 332,11.76,4,3.1752,4,2011,12,26.999999999999996,Profit
CA-2014-105130,2014-11-22,2014-11-26,Patrick Jones,San Francisco,California,Art,Newell 332,11.76,4,3.1752,4,2014,11,26.999999999999996,Profit
CA-2014-105130,2014-11-22,2014-11-26,Patrick Jones,San Francisco,California,Binders,Canvas Sectional Post Binders,40.736,2,14.7668,4,2014,11,36.25000000000001,Profit
CA-2013-161928,2013-06-28,2013-06-30,Anna Chung,San Francisco,California,Phones,Ooma Telo VoIP Home Phone System,201.584,2,12.599,2,2013,6,6.25,Profit
CA-2014-101322,2014-12-29,2015-01-01,Jason Gross,Long Beach,California,Chairs,Novimex Turbo Task Chair,340.704,6,-34.0704,3,2014,12,-10.0,Loss
CA-2011-111871,2011-03-18,2011-03-21,Eileen Kiefer,San Francisco,California,Bookcases,"Bush Heritage Pine Collection 5-Shelf Bookcase, Albany Pine Finish, *Special Order",1198.33,10,70.49,3,2011,3,5.88235294117647,Profit
CA-2014-139437,2014-07-04,2014-07-09,Rob Dowd,Los Angeles,California,Storage,Rogers Deluxe File Chest,87.92,4,0.8792,5,2014,7,1.0,Profit
CA-2013-161025,2013-12-04,2013-12-10,Gary McGarr,Los Angeles,California,Storage,Fellowes Staxonsteel Drawer Files,772.68,4,108.1752,6,2013,12,14.000000000000002,Profit
CA-2012-132815,2012-09-19,2012-09-22,Rick Wilson,Los Angeles,California,Paper,Personal Creations Ink Jet Cards and Labels,22.96,2,11.2504,3,2012,9,49.0,Profit
CA-2013-143609,2013-12-12,2013-12-14,Deborah Brumfield,Portland,Oregon,Chairs,"Global Fabric Manager's Chair, Dark Gray",403.92,5,25.245,2,2013,12,6.25,Profit
CA-2014-107986,2014-12-14,2014-12-14,Mitch Webber,Seattle,Washington,Storage,Sterilite Officeware Hinged File Box,31.44,3,8.4888,0,2014,12,26.999999999999996,Profit
CA-2013-118332,2013-12-17,2013-12-24,Pete Kriz,Apple Valley,California,Chairs,Office Star - Contemporary Swivel Chair with Padded Adjustable Arms and Flex Back,563.92,5,7.049,7,2013,12,1.2500000000000002,Profit
CA-2014-119809,2014-08-19,2014-08-26,Yana Sorensen,Seattle,Washington,Binders,Fellowes PB300 Plastic Comb Binding Machine,2793.528,9,942.8157,7,2014,8,33.75,Profit
CA-2014-119809,2014-08-19,2014-08-26,Yana Sorensen,Seattle,Washington,Storage,Letter Size Cart,1000.02,7,290.0058,7,2014,8,29.000000000000004,Profit
CA-2014-119809,2014-08-19,2014-08-26,Yana Sorensen,Seattle,Washington,Furnishings,"Contract Clock, 14"", Brown",65.94,3,22.4196,7,2014,8,34.0,Profit
CA-2014-149944,2014-11-13,2014-11-17,Maria Bertelson,Longview,Washington,Fasteners,Staples,18.24,3,9.12,4,2014,11,50.0,Profit
CA-2014-149944,2014-11-13,2014-11-17,Maria Bertelson,Longview,Washington,Appliances,Fellowes Superior 10 Outlet Split Surge Protector,76.12,2,22.0748,4,2014,11,28.999999999999996,Profit
CA-2011-128538,2011-10-11,2011-10-15,Alan Shonely,Redondo Beach,California,Envelopes,"#10- 4 1/8"" x 9 1/2"" Security-Tint Envelopes",7.64,1,3.7436,4,2011,10,49.0,Profit
US-2014-157224,2014-09-15,2014-09-19,Joy Bell-,Los Angeles,California,Labels,Avery 48,56.7,9,26.082,4,2014,9,46.0,Profit
CA-2012-133445,2012-10-05,2012-10-09,Jeremy Farry,Portland,Oregon,Bookcases,"Bush Cubix Collection Bookcases, Fully Assembled",66.294,1,-103.8606,4,2012,10,-156.66666666666669,Loss
CA-2012-133445,2012-10-05,2012-10-09,Jeremy Farry,Portland,Oregon,Chairs,Global Highback Leather Tilter in Burgundy,291.168,4,-14.5584,4,2012,10,-5.0,Loss
US-2014-142188,2014-09-12,2014-09-12,Jennifer Ferguson,Seattle,Washington,Chairs,Office Star - Contemporary Task Swivel Chair,177.568,2,8.8784,0,2014,9,4.999999999999999,Profit
US-2014-142188,2014-09-12,2014-09-12,Jennifer Ferguson,Seattle,Washington,Paper,Xerox 225,19.44,3,9.3312,0,2014,9,48.00000000000001,Profit
US-2014-142188,2014-09-12,2014-09-12,Jennifer Ferguson,Seattle,Washington,Paper,Xerox 1894,71.28,11,34.2144,0,2014,9,48.0,Profit
US-2014-142188,2014-09-12,2014-09-12,Jennifer Ferguson,Seattle,Washington,Binders,Ibico Ibimaster 300 Manual Binding System,1471.96,5,459.9875,0,2014,9,31.25,Profit
US-2014-142188,2014-09-12,2014-09-12,Jennifer Ferguson,Seattle,Washington,Phones,iOttie XL Car Mount,79.96,5,-17.991,0,2014,9,-22.5,Loss
CA-2012-134075,2012-12-12,2012-12-16,Helen Abelman,San Jose,California,Furnishings,Eldon Cleatmat Chair Mats for Medium Pile Carpets,166.5,3,21.645,4,2012,12,13.0,Profit
CA-2012-134075,2012-12-12,2012-12-16,Helen Abelman,San Jose,California,Storage,Standard Rollaway File with Lock,360.38,2,93.6988,4,2012,12,26.0,Profit
US-2013-131912,2013-10-30,2013-11-02,Logan Haushalter,Los Angeles,California,Binders,"XtraLife ClearVue Slant-D Ring Binder, White, 3""",11.744,1,3.8168,3,2013,10,32.5,Profit
CA-2013-165561,2013-11-25,2013-11-29,Clay Rozendal,Bellevue,Washington,Supplies,"Elite 5"" Scissors",25.35,3,7.605,4,2013,11,30.0,Profit
CA-2012-112305,2012-11-20,2012-11-25,Katrina Bavinger,Seattle,Washington,Art,Newell 334,119.04,6,30.9504,5,2012,11,25.999999999999996,Profit
CA-2012-112305,2012-11-20,2012-11-25,Katrina Bavinger,Seattle,Washington,Furnishings,"Eldon Expressions Wood Desk Accessories, Oak",22.14,3,6.4206,5,2012,11,28.999999999999996,Profit
CA-2012-112305,2012-11-20,2012-11-25,Katrina Bavinger,Seattle,Washington,Accessories,AmazonBasics 3-Button USB Wired Mouse,13.98,2,6.0114,5,2012,11,43.0,Profit
CA-2012-162607,2012-05-12,2012-05-18,Rose O'Brian,Seattle,Washington,Binders,Prestige Round Ring Binders,14.592,3,4.9248,6,2012,5,33.75,Profit
CA-2014-102379,2014-12-03,2014-12-07,Brenda Bowman,Oakland,California,Phones,Anker Astro 15000mAh USB Portable Charger,39.992,1,-7.9984,4,2014,12,-20.0,Loss
CA-2014-102379,2014-12-03,2014-12-07,Brenda Bowman,Oakland,California,Chairs,Office Star - Mid Back Dual function Ergonomic High Back Chair with 2-Way Adjustable Arms,1159.056,9,43.4646,4,2014,12,3.75,Profit
CA-2014-102379,2014-12-03,2014-12-07,Brenda Bowman,Oakland,California,Art,Panasonic KP-380BK Classic Electric Pencil Sharpener,179.9,5,44.975,4,2014,12,25.0,Profit
US-2013-139087,2013-07-18,2013-07-23,Dennis Kane,Seattle,Washington,Furnishings,Eldon Image Series Black Desk Accessories,12.42,3,4.4712,5,2013,7,36.0,Profit
US-2013-139087,2013-07-18,2013-07-23,Dennis Kane,Seattle,Washington,Accessories,First Data TMFD35 PIN Pad,428.4,3,89.964,5,2013,7,21.000000000000004,Profit
US-2013-139087,2013-07-18,2013-07-23,Dennis Kane,Seattle,Washington,Furnishings,"Eldon 300 Class Desk Accessories, Black",24.75,5,10.89,5,2013,7,44.0,Profit
US-2013-139087,2013-07-18,2013-07-23,Dennis Kane,Seattle,Washington,Labels,Round Specialty Laser Printer Labels,87.71,7,41.2237,5,2013,7,47.0,Profit
US-2013-139087,2013-07-18,2013-07-23,Dennis Kane,Seattle,Washington,Storage,Home/Office Personal File Carts,69.52,2,17.38,5,2013,7,25.0,Profit
US-2013-139087,2013-07-18,2013-07-23,Dennis Kane,Seattle,Washington,Phones,Cyber Acoustics AC-202b Speech Recognition Stereo Headset,20.784,2,-4.6764,5,2013,7,-22.5,Loss
US-2013-139087,2013-07-18,2013-07-23,Dennis Kane,Seattle,Washington,Binders,"Pressboard Data Binder, Crimson, 12"" X 8 1/2""",12.816,3,4.1652,5,2013,7,32.49999999999999,Profit
CA-2013-100944,2013-09-25,2013-09-29,Edward Hooks,Los Angeles,California,Envelopes,"Tyvek Interoffice Envelopes, 9 1/2"" x 12 1/2"", 100/Box",304.9,5,143.303,4,2013,9,47.0,Profit
CA-2013-100944,2013-09-25,2013-09-29,Edward Hooks,Los Angeles,California,Chairs,Hon Olson Stacker Stools,563.24,5,56.324,4,2013,9,10.0,Profit
CA-2011-100090,2011-07-08,2011-07-12,Ed Braxton,San Francisco,California,Tables,Hon 2111 Invitation Series Corner Table,502.488,3,-87.9354,4,2011,7,-17.5,Loss
CA-2011-100090,2011-07-08,2011-07-12,Ed Braxton,San Francisco,California,Binders,"Wilson Jones Ledger-Size, Piano-Hinge Binder, 2"", Blue",196.704,6,68.8464,4,2011,7,35.0,Profit
US-2012-139675,2012-03-13,2012-03-18,Nicole Fjeld,Chico,California,Chairs,Global Deluxe High-Back Manager's Chair,915.136,4,102.9528,5,2012,3,11.25,Profit
US-2012-139675,2012-03-13,2012-03-18,Nicole Fjeld,Chico,California,Furnishings,Dana Halogen Swing-Arm Architect Lamp,327.76,8,91.7728,5,2012,3,28.000000000000004,Profit
CA-2012-151253,2012-04-22,2012-04-26,Annie Zypern,Los Angeles,California,Phones,"Logitech B530 USB Headset - headset - Full size, Binaural",88.776,3,7.7679,4,2012,4,8.75,Profit
CA-2012-151253,2012-04-22,2012-04-26,Annie Zypern,Los Angeles,California,Art,Boston 1730 StandUp Electric Pencil Sharpener,64.14,3,16.6764,4,2012,4,26.0,Profit
CA-2011-169852,2011-10-21,2011-10-26,Sylvia Foulston,San Diego,California,Binders,Plastic Binding Combs,36.36,3,12.2715,5,2011,10,33.75,Profit
CA-2014-107314,2014-12-01,2014-12-04,Maria Zettner,San Francisco,California,Furnishings,Contemporary Borderless Frame,25.83,3,9.5571,3,2014,12,37.00000000000001,Profit
CA-2013-163328,2013-11-05,2013-11-07,Tracy Poddar,Eugene,Oregon,Supplies,Serrated Blade or Curved Handle Hand Letter Openers,17.584,7,-4.1762,2,2013,11,-23.75,Loss
CA-2013-163328,2013-11-05,2013-11-07,Tracy Poddar,Eugene,Oregon,Chairs,"Office Star - Contemporary Task Swivel chair with Loop Arms, Charcoal",104.784,1,-14.4078,2,2013,11,-13.749999999999998,Loss
CA-2013-163328,2013-11-05,2013-11-07,Tracy Poddar,Eugene,Oregon,Paper,Southworth 25% Cotton Premium Laser Paper and Envelopes,47.952,3,16.7832,2,2013,11,35.0,Profit
CA-2013-163328,2013-11-05,2013-11-07,Tracy Poddar,Eugene,Oregon,Chairs,Global Enterprise Series Seating High-Back Swivel/Tilt Chairs,650.352,3,-97.5528,2,2013,11,-15.000000000000002,Loss
CA-2013-163328,2013-11-05,2013-11-07,Tracy Poddar,Eugene,Oregon,Labels,"Dot Matrix Printer Tape Reel Labels, White, 5000/Box",629.184,8,228.0792,2,2013,11,36.25,Profit
CA-2013-163328,2013-11-05,2013-11-07,Tracy Poddar,Eugene,Oregon,Paper,Xerox 1887,15.176,1,5.3116,2,2013,11,35.0,Profit
CA-2011-112837,2011-09-11,2011-09-16,Liz Willingham,Oxnard,California,Furnishings,"Deflect-o DuraMat Lighweight, Studded, Beveled Mat for Low Pile Carpeting",127.95,3,21.7515,5,2011,9,17.0,Profit
CA-2014-161459,2014-11-26,2014-11-30,Edward Becker,Laguna Niguel,California,Phones,PayAnywhere Card Reader,39.96,5,3.4965,4,2014,11,8.75,Profit
CA-2014-161459,2014-11-26,2014-11-30,Edward Becker,Laguna Niguel,California,Paper,"Adams Telephone Message Book W/Dividers/Space For Phone Numbers, 5 1/4""X8 1/2"", 200/Messages",34.08,6,15.336,4,2014,11,45.0,Profit
CA-2012-110289,2012-10-29,2012-11-02,Nona Balk,San Francisco,California,Paper,Xerox 1898,33.4,5,16.032,4,2012,10,48.00000000000001,Profit
CA-2012-110289,2012-10-29,2012-11-02,Nona Balk,San Francisco,California,Envelopes,"Strathmore #10 Envelopes, Ultimate White",210.84,4,103.3116,4,2012,10,49.0,Profit
CA-2013-165995,2013-08-31,2013-09-07,Bruce Geld,Los Angeles,California,Furnishings,"Executive Impressions 10"" Spectator Wall Clock",47.04,4,15.9936,7,2013,8,34.0,Profit
CA-2013-165995,2013-08-31,2013-09-07,Bruce Geld,Los Angeles,California,Phones,Panasonic KX TS3282W Corded phone,339.96,5,42.495,7,2013,8,12.5,Profit
CA-2012-104486,2012-05-01,2012-05-06,Patrick O'Brill,San Francisco,California,Binders,"GBC Twin Loop Wire Binding Elements, 9/16"" Spine, Black",12.176,1,4.4138,5,2012,5,36.25,Profit
CA-2012-104486,2012-05-01,2012-05-06,Patrick O'Brill,San Francisco,California,Storage,Eldon Simplefile Box Office,37.32,3,10.4496,5,2012,5,28.000000000000004,Profit
CA-2012-104486,2012-05-01,2012-05-06,Patrick O'Brill,San Francisco,California,Supplies,"Acme 10"" Easy Grip Assistive Scissors",35.06,2,10.518,5,2012,5,30.0,Profit
CA-2014-139080,2014-01-24,2014-01-29,Chris Selesnick,Seattle,Washington,Binders,Pressboard Hanging Data Binders for Unburst Sheets,19.68,5,6.888,5,2014,1,35.0,Profit
CA-2014-139080,2014-01-24,2014-01-29,Chris Selesnick,Seattle,Washington,Paper,Xerox 212,25.92,4,12.4416,5,2014,1,47.99999999999999,Profit
CA-2014-139080,2014-01-24,2014-01-29,Chris Selesnick,Seattle,Washington,Paper,Xerox 192,6.48,1,3.1104,5,2014,1,47.99999999999999,Profit
CA-2014-139080,2014-01-24,2014-01-29,Chris Selesnick,Seattle,Washington,Phones,Griffin GC17055 Auxiliary Audio Cable,86.352,6,8.6352,5,2014,1,10.0,Profit
CA-2012-115693,2012-12-10,2012-12-15,Frank Carlisle,Los Angeles,California,Art,"Boston Electric Pencil Sharpener, Model 1818, Charcoal Black",56.3,2,15.764,5,2012,12,28.000000000000004,Profit
US-2011-107993,2011-11-25,2011-11-30,Sanjit Engle,Springfield,Oregon,Art,Dixon Ticonderoga Core-Lock Colored Pencils,51.016,7,8.2901,5,2011,11,16.25,Profit
CA-2014-110443,2014-11-22,2014-11-26,Chloris Kastensmidt,Renton,Washington,Binders,Vinyl Sectional Post Binders,150.8,5,56.55,4,2014,11,37.49999999999999,Profit
CA-2014-110443,2014-11-22,2014-11-26,Chloris Kastensmidt,Renton,Washington,Machines,"3D Systems Cube Printer, 2nd Generation, White",1039.992,1,103.9992,4,2014,11,10.0,Profit
CA-2014-110443,2014-11-22,2014-11-26,Chloris Kastensmidt,Renton,Washington,Paper,Xerox 209,51.84,8,24.8832,4,2014,11,47.99999999999999,Profit
US-2014-147998,2014-05-20,2014-05-25,Sue Ann Reed,San Jose,California,Binders,GBC Twin Loop Wire Binding Elements,133.12,5,49.92,5,2014,5,37.5,Profit
US-2013-116442,2013-12-16,2013-12-23,Benjamin Patterson,Los Angeles,California,Furnishings,"Eldon Expressions Wood Desk Accessories, Oak",14.76,2,4.2804,7,2013,12,29.000000000000004,Profit
US-2011-163797,2011-04-08,2011-04-13,Pauline Chand,Chandler,Arizona,Fasteners,"Alliance Super-Size Bands, Assorted Sizes",49.792,8,-11.8256,5,2011,4,-23.75,Loss
CA-2014-154074,2014-09-01,2014-09-03,Bart Watters,Spokane,Washington,Chairs,Hon 4700 Series Mobuis Mid-Back Task Chairs with Adjustable Arms,569.568,2,7.1196,2,2014,9,1.25,Profit
CA-2014-154074,2014-09-01,2014-09-03,Bart Watters,Spokane,Washington,Storage,"Sortfiler Multipurpose Personal File Organizer, Black",149.73,7,43.4217,2,2014,9,29.000000000000004,Profit
CA-2014-144750,2014-08-22,2014-08-22,Dionis Lloyd,Chandler,Arizona,Paper,Xerox 1941,83.88,1,29.358,0,2014,8,35.0,Profit
CA-2011-159121,2011-07-26,2011-08-01,Jack O'Briant,Draper,Utah,Accessories,Memorex Micro Travel Drive 16 GB,111.93,7,34.6983,6,2011,7,31.0,Profit
CA-2012-149650,2012-10-24,2012-10-27,Robert Dilbeck,Oakland,California,Chairs,Novimex High-Tech Fabric Mesh Task Chair,454.272,8,-73.8192,3,2012,10,-16.25,Loss
US-2014-116897,2014-05-28,2014-05-30,James Galang,Pocatello,Idaho,Furnishings,"Eldon 400 Class Desk Accessories, Black Carbon",35.0,4,14.7,2,2014,5,42.0,Profit
US-2014-116897,2014-05-28,2014-05-30,James Galang,Pocatello,Idaho,Storage,Fellowes Stor/Drawer Steel Plus Storage Drawers,477.15,5,28.629,2,2014,5,6.000000000000001,Profit
US-2014-116897,2014-05-28,2014-05-30,James Galang,Pocatello,Idaho,Phones,Nokia Lumia 925,302.376,3,22.6782,2,2014,5,7.500000000000001,Profit
CA-2014-161102,2014-08-01,2014-08-04,Erin Creighton,San Francisco,California,Storage,Eldon Portable Mobile Manager,56.56,2,15.2712,3,2014,8,27.0,Profit
CA-2014-161102,2014-08-01,2014-08-04,Erin Creighton,San Francisco,California,Furnishings,"Master Big Foot Doorstop, Beige",36.96,7,11.4576,3,2014,8,31.0,Profit
CA-2014-153080,2014-05-23,2014-05-26,Eric Hoffmann,Los Angeles,California,Accessories,"Maxell 74 Minute CDR, 10/Pack",68.46,7,25.3302,3,2014,5,37.00000000000001,Profit
CA-2014-167640,2014-03-07,2014-03-11,Frank Carlisle,San Francisco,California,Art,Fluorescent Highlighters by Dixon,23.88,6,8.1192,4,2014,3,34.0,Profit
CA-2014-167640,2014-03-07,2014-03-11,Frank Carlisle,San Francisco,California,Labels,Avery 49,11.52,4,5.6448,4,2014,3,49.00000000000001,Profit
CA-2014-167640,2014-03-07,2014-03-11,Frank Carlisle,San Francisco,California,Paper,Xerox 1893,286.93,7,140.5957,4,2014,3,49.0,Profit
CA-2014-167640,2014-03-07,2014-03-11,Frank Carlisle,San Francisco,California,Phones,Digium D40 VoIP phone,206.384,2,23.2182,4,2014,3,11.25,Profit
US-2014-116652,2014-09-16,2014-09-20,Rick Duston,San Francisco,California,Chairs,"Leather Task Chair, Black",218.352,3,0.0,4,2014,9,0.0,No Profit No Loss
US-2014-116652,2014-09-16,2014-09-20,Rick Duston,San Francisco,California,Furnishings,"Tenex 46"" x 60"" Computer Anti-Static Chairmat, Rectangular Shaped",529.9,5,105.98,4,2014,9,20.0,Profit
US-2014-116652,2014-09-16,2014-09-20,Rick Duston,San Francisco,California,Art,Peel-Off China Markers,99.3,10,41.706,4,2014,9,42.00000000000001,Profit
US-2014-116652,2014-09-16,2014-09-20,Rick Duston,San Francisco,California,Appliances,Belkin 5 Outlet SurgeMaster Power Centers,108.96,2,30.5088,4,2014,9,28.000000000000004,Profit
US-2014-116652,2014-09-16,2014-09-20,Rick Duston,San Francisco,California,Binders,Cardinal Poly Pocket Divider Pockets for Ring Binders,2.688,1,0.84,4,2014,9,31.249999999999993,Profit
US-2014-107888,2014-11-17,2014-11-20,Chris Cortes,Seattle,Washington,Paper,Xerox 1933,73.68,6,34.6296,3,2014,11,47.0,Profit
US-2014-107888,2014-11-17,2014-11-20,Chris Cortes,Seattle,Washington,Furnishings,"Tenex ""The Solids"" Textured Chair Mats",139.92,2,23.7864,3,2014,11,17.0,Profit
US-2014-107888,2014-11-17,2014-11-20,Chris Cortes,Seattle,Washington,Phones,Plantronics Encore H101 Dual Earpieces Headset,107.88,3,10.788,3,2014,11,10.0,Profit
US-2014-107888,2014-11-17,2014-11-20,Chris Cortes,Seattle,Washington,Storage,Fellowes Bases and Tops For Staxonsteel/High-Stak Systems,33.29,1,7.9896,3,2014,11,24.000000000000004,Profit
CA-2014-161578,2014-12-17,2014-12-22,Rick Bensley,Los Angeles,California,Paper,Xerox 1898,13.36,2,6.4128,5,2014,12,48.0,Profit
CA-2014-161578,2014-12-17,2014-12-22,Rick Bensley,Los Angeles,California,Storage,"Safco Wire Cube Shelving System, For Use as 4 or 5 14"" Cubes, Black",158.9,5,7.945,5,2014,12,5.0,Profit
CA-2013-160941,2013-07-22,2013-07-27,Damala Kotsonis,Roseville,California,Envelopes,Ames Color-File Green Diamond Border X-ray Mailers,419.9,5,197.353,5,2013,7,47.0,Profit
CA-2013-160941,2013-07-22,2013-07-27,Damala Kotsonis,Roseville,California,Labels,Self-Adhesive Removable Labels,3.15,1,1.512,5,2013,7,48.00000000000001,Profit
CA-2013-161543,2013-05-11,2013-05-17,Roger Demir,Seattle,Washington,Paper,Xerox 1965,11.96,2,5.8604,6,2013,5,49.0,Profit
CA-2014-123085,2014-03-04,2014-03-09,Ed Jacobs,Los Angeles,California,Accessories,Imation Bio 2GB USB Flash Drive Imation Corp,1049.44,8,440.7648,5,2014,3,42.0,Profit
CA-2014-123085,2014-03-04,2014-03-09,Ed Jacobs,Los Angeles,California,Chairs,Novimex Turbo Task Chair,170.352,3,-17.0352,5,2014,3,-10.0,Loss
CA-2011-103660,2011-08-25,2011-08-30,Mitch Webber,Seattle,Washington,Phones,Polycom VVX 310 VoIP phone,1007.944,7,75.5958,5,2011,8,7.5,Profit
CA-2013-169887,2013-10-23,2013-10-23,MaryBeth Skach,Seattle,Washington,Paper,Xerox 1986,6.68,1,3.2064,0,2013,10,48.0,Profit
CA-2013-169887,2013-10-23,2013-10-23,MaryBeth Skach,Seattle,Washington,Art,Prang Drawing Pencil Set,8.34,3,2.2518,0,2013,10,26.999999999999996,Profit
CA-2013-169887,2013-10-23,2013-10-23,MaryBeth Skach,Seattle,Washington,Furnishings,"Linden 12"" Wall Clock With Oak Frame",101.94,3,30.582,0,2013,10,30.0,Profit
CA-2013-148516,2013-08-08,2013-08-12,Dorothy Wardle,Edmonds,Washington,Accessories,Logitech Illuminated - Keyboard,179.97,3,86.3856,4,2013,8,48.0,Profit
CA-2012-103716,2012-04-30,2012-05-06,Ken Black,San Francisco,California,Art,Newell 324,34.65,3,9.702,6,2012,4,28.000000000000004,Profit
CA-2012-103716,2012-04-30,2012-05-06,Ken Black,San Francisco,California,Phones,Cush Cases Heavy Duty Rugged Cover Case for Samsung Galaxy S5 - Purple,19.8,5,1.7325,6,2012,4,8.75,Profit
CA-2014-146346,2014-06-18,2014-06-21,Ryan Akin,Commerce City,Colorado,Storage,Carina Media Storage Towers in Natural & Black,146.352,3,-32.9292,3,2014,6,-22.5,Loss
CA-2013-148852,2013-05-27,2013-06-01,Stewart Visinsky,Santa Ana,California,Fasteners,"Alliance Big Bands Rubber Bands, 12/Pack",5.94,3,0.0,5,2013,5,0.0,No Profit No Loss
CA-2013-148852,2013-05-27,2013-06-01,Stewart Visinsky,Santa Ana,California,Paper,Xerox 1946,45.36,7,21.7728,5,2013,5,48.0,Profit
CA-2013-148852,2013-05-27,2013-06-01,Stewart Visinsky,Santa Ana,California,Phones,Cisco SPA508G,211.168,4,23.7564,5,2013,5,11.249999999999998,Profit
CA-2013-148852,2013-05-27,2013-06-01,Stewart Visinsky,Santa Ana,California,Chairs,Global Low Back Tilter Chair,484.704,6,-84.8232,5,2013,5,-17.5,Loss
CA-2013-148852,2013-05-27,2013-06-01,Stewart Visinsky,Santa Ana,California,Machines,Fellowes Powershred HS-440 4-Sheet High Security Shredder,371.976,3,116.2425,5,2013,5,31.25,Profit
CA-2013-168921,2013-10-21,2013-10-23,Andrew Gjertsen,Los Angeles,California,Binders,"Fellowes Twister Kit, Gray/Clear, 3/pkg",19.296,3,6.03,2,2013,10,31.25,Profit
CA-2013-123512,2013-06-18,2013-06-20,Mike Vittorini,Los Angeles,California,Bookcases,"Bush Heritage Pine Collection 5-Shelf Bookcase, Albany Pine Finish, *Special Order",239.666,2,14.098,2,2013,6,5.882352941176471,Profit
CA-2013-123512,2013-06-18,2013-06-20,Mike Vittorini,Los Angeles,California,Labels,Avery 496,22.5,6,10.8,2,2013,6,48.00000000000001,Profit
CA-2013-123512,2013-06-18,2013-06-20,Mike Vittorini,Los Angeles,California,Paper,Xerox 1914,219.84,4,107.7216,2,2013,6,49.0,Profit
CA-2011-130449,2011-09-06,2011-09-09,Victoria Pisteka,San Francisco,California,Furnishings,"Eldon Expressions Wood and Plastic Desk Accessories, Cherry Wood",41.88,6,12.1452,3,2011,9,28.999999999999996,Profit
CA-2011-130449,2011-09-06,2011-09-09,Victoria Pisteka,San Francisco,California,Labels,Avery 516,58.48,8,27.4856,3,2011,9,47.0,Profit
CA-2011-138513,2011-05-23,2011-05-27,Erica Hackney,Bellevue,Washington,Paper,Xerox 1999,12.96,2,6.2208,4,2011,5,47.99999999999999,Profit
CA-2013-105081,2013-12-26,2013-12-31,Joe Elijah,Seattle,Washington,Chairs,Global Executive Mid-Back Manager's Chair,698.352,3,52.3764,5,2013,12,7.5,Profit
CA-2013-105081,2013-12-26,2013-12-31,Joe Elijah,Seattle,Washington,Tables,"SAFCO PlanMaster Heigh-Adjustable Drafting Table Base, 43w x 30d x 30-37h, Black",1747.25,5,629.01,5,2013,12,36.0,Profit
CA-2013-166275,2013-10-25,2013-10-25,Sonia Sunley,San Francisco,California,Accessories,Razer Tiamat Over Ear 7.1 Surround Sound PC Gaming Headset,199.99,1,85.9957,0,2013,10,43.0,Profit
US-2012-156496,2012-08-10,2012-08-16,William Brown,Redmond,Oregon,Phones,AT&T 1080 Corded phone,438.368,4,38.3572,6,2012,8,8.75,Profit
US-2012-156496,2012-08-10,2012-08-16,William Brown,Redmond,Oregon,Phones,OtterBox Commuter Series Case - Samsung Galaxy S4,139.944,7,-31.4874,6,2012,8,-22.500000000000004,Loss
US-2012-156496,2012-08-10,2012-08-16,William Brown,Redmond,Oregon,Appliances,Fellowes 8 Outlet Superior Workstation Surge Protector,133.472,4,15.0156,6,2012,8,11.249999999999998,Profit
US-2013-127334,2013-12-16,2013-12-22,Mike Pelletier,Springfield,Oregon,Tables,Bretford Rectangular Conference Table Tops,564.195,3,-304.6653,6,2013,12,-53.99999999999999,Loss
US-2013-127334,2013-12-16,2013-12-22,Mike Pelletier,Springfield,Oregon,Appliances,Belkin 5 Outlet SurgeMaster Power Centers,87.168,2,8.7168,6,2013,12,9.999999999999998,Profit
CA-2014-135937,2014-02-21,2014-02-28,Katherine Murray,Gilbert,Arizona,Phones,Toshiba IPT2010-SD IP Telephone,333.576,3,25.0182,7,2014,2,7.5,Profit
CA-2014-135937,2014-02-21,2014-02-28,Katherine Murray,Gilbert,Arizona,Accessories,Microsoft Wireless Mobile Mouse 4000,31.992,1,4.7988,7,2014,2,15.0,Profit
CA-2014-135937,2014-02-21,2014-02-28,Katherine Murray,Gilbert,Arizona,Storage,Fellowes Bankers Box Stor/Drawer Steel Plus,51.168,2,-6.396,7,2014,2,-12.5,Loss
CA-2014-135937,2014-02-21,2014-02-28,Katherine Murray,Gilbert,Arizona,Envelopes,Letter or Legal Size Expandable Poly String Tie Envelopes,10.64,5,3.857,7,2014,2,36.25,Profit
CA-2014-135937,2014-02-21,2014-02-28,Katherine Murray,Gilbert,Arizona,Furnishings,"Howard Miller 13"" Diameter Pewter Finish Round Wall Clock",68.704,2,16.3172,7,2014,2,23.75,Profit
CA-2014-135937,2014-02-21,2014-02-28,Katherine Murray,Gilbert,Arizona,Tables,KI Adjustable-Height Table,386.91,9,-185.7168,7,2014,2,-48.0,Loss
CA-2011-154837,2011-08-23,2011-08-27,Robert Barroso,Los Angeles,California,Binders,GBC Linen Binding Covers,49.568,2,17.3488,4,2011,8,35.0,Profit
CA-2012-153794,2012-09-11,2012-09-16,Sean Braxton,San Diego,California,Art,"Hunt PowerHouse Electric Pencil Sharpener, Blue",265.86,7,79.758,5,2012,9,30.0,Profit
CA-2011-150329,2011-10-10,2011-10-14,Shirley Daniels,Phoenix,Arizona,Furnishings,Westinghouse Clip-On Gooseneck Lamps,46.872,7,3.5154,4,2011,10,7.5,Profit
CA-2011-109134,2011-11-05,2011-11-10,Deanra Eno,Los Angeles,California,Furnishings,OIC Stacking Trays,20.04,6,8.8176,5,2011,11,44.00000000000001,Profit
CA-2012-165162,2012-05-14,2012-05-21,Hunter Glantz,Los Angeles,California,Storage,"Tennsco Snap-Together Open Shelving Units, Starter Sets and Add-On Units",1117.92,4,55.896,7,2012,5,5.0,Profit
CA-2014-140494,2014-03-11,2014-03-16,Candace McMahon,San Francisco,California,Accessories,Maxell LTO Ultrium - 800 GB,111.96,4,21.2724,5,2014,3,19.000000000000004,Profit
CA-2014-145429,2014-07-22,2014-07-26,Shaun Weien,San Diego,California,Paper,"Wirebound Message Forms, Four 2 3/4 x 5 Forms per Page, Pink Paper",16.34,2,7.6798,4,2014,7,47.0,Profit
CA-2014-145429,2014-07-22,2014-07-26,Shaun Weien,San Diego,California,Chairs,Hon Olson Stacker Stools,225.296,2,22.5296,4,2014,7,10.0,Profit
CA-2014-145429,2014-07-22,2014-07-26,Shaun Weien,San Diego,California,Binders,GBC Premium Transparent Covers with Diagonal Lined Pattern,50.352,3,17.6232,4,2014,7,35.0,Profit
CA-2012-139164,2012-06-23,2012-06-28,Christine Sundaresam,Long Beach,California,Phones,"Plantronics CS 50-USB - headset - Convertible, Monaural",217.584,2,19.0386,5,2012,6,8.75,Profit
CA-2012-139164,2012-06-23,2012-06-28,Christine Sundaresam,Long Beach,California,Fasteners,Assorted Color Push Pins,5.43,3,1.7919,5,2012,6,33.0,Profit
CA-2012-139164,2012-06-23,2012-06-28,Christine Sundaresam,Long Beach,California,Phones,JBL Micro Wireless Portable Bluetooth Speaker,143.976,3,8.9985,5,2012,6,6.25,Profit
CA-2012-123141,2012-11-14,2012-11-19,Gary Zandusky,Rio Rancho,New Mexico,Chairs,SAFCO Arco Folding Chair,883.84,4,99.432,5,2012,11,11.25,Profit
CA-2012-123141,2012-11-14,2012-11-19,Gary Zandusky,Rio Rancho,New Mexico,Chairs,Global Deluxe Office Fabric Chairs,230.352,3,20.1558,5,2012,11,8.75,Profit
CA-2013-149503,2013-12-10,2013-12-13,Stephanie Phelps,Stockton,California,Binders,"Wilson Jones Elliptical Ring 3 1/2"" Capacity Binders, 800 sheets",273.92,8,99.296,3,2013,12,36.25,Profit
CA-2014-102974,2014-09-20,2014-09-25,Dave Poirier,Los Angeles,California,Accessories,Microsoft Natural Ergonomic Keyboard 4000,149.95,5,31.4895,5,2014,9,21.000000000000004,Profit
CA-2014-102974,2014-09-20,2014-09-25,Dave Poirier,Los Angeles,California,Art,Boston 16765 Mini Stand Up Battery Pencil Sharpener,23.32,2,6.0632,5,2014,9,26.0,Profit
CA-2014-102974,2014-09-20,2014-09-25,Dave Poirier,Los Angeles,California,Art,Newell 33,16.74,3,4.8546,5,2014,9,28.999999999999996,Profit
CA-2013-128811,2013-09-13,2013-09-17,Sarah Foster,Seattle,Washington,Fasteners,OIC Bulk Pack Metal Binder Clips,10.47,3,4.8162,4,2013,9,46.0,Profit
CA-2013-128811,2013-09-13,2013-09-17,Sarah Foster,Seattle,Washington,Labels,Avery 487,11.07,3,5.2029,4,2013,9,47.0,Profit
CA-2013-128811,2013-09-13,2013-09-17,Sarah Foster,Seattle,Washington,Binders,GBC Instant Report Kit,20.704,4,7.764,4,2013,9,37.5,Profit
CA-2011-120096,2011-07-04,2011-07-07,Katrina Edelman,Aurora,Colorado,Paper,Xerox 194,177.536,4,62.1376,3,2011,7,35.0,Profit
CA-2011-120096,2011-07-04,2011-07-07,Katrina Edelman,Aurora,Colorado,Appliances,Fellowes Mighty 8 Compact Surge Protector,32.432,2,3.2432,3,2011,7,10.0,Profit
CA-2013-123358,2013-04-11,2013-04-18,Brian Thompson,San Francisco,California,Appliances,3M Replacement Filter for Office Air Cleaner for 20' x 33' Room,113.76,3,44.3664,7,2013,4,38.99999999999999,Profit
CA-2013-123358,2013-04-11,2013-04-18,Brian Thompson,San Francisco,California,Storage,Fellowes Staxonsteel Drawer Files,579.51,3,81.1314,7,2013,4,14.000000000000002,Profit
CA-2013-123358,2013-04-11,2013-04-18,Brian Thompson,San Francisco,California,Storage,Rogers Profile Extra Capacity Storage Tub,150.66,9,6.0264,7,2013,4,4.0,Profit
CA-2013-123358,2013-04-11,2013-04-18,Brian Thompson,San Francisco,California,Binders,"GBC Prepunched Paper, 19-Hole, for Binding Systems, 24-lb",48.032,4,15.6104,7,2013,4,32.5,Profit
US-2014-101784,2014-07-07,2014-07-12,Patrick O'Brill,Los Angeles,California,Chairs,"Global Task Chair, Black",122.136,3,-13.7403,5,2014,7,-11.25,Loss
CA-2014-139402,2014-12-10,2014-12-14,Nick Crebassa,Phoenix,Arizona,Paper,Multicolor Computer Printout Paper,419.4,5,146.79,4,2014,12,35.0,Profit
CA-2014-139402,2014-12-10,2014-12-14,Nick Crebassa,Phoenix,Arizona,Binders,"Acco Recycled 2"" Capacity Laser Printer Hanging Data Binders",13.005,3,-9.9705,4,2014,12,-76.66666666666666,Loss
CA-2013-119018,2013-11-05,2013-11-09,Carl Weiss,Los Angeles,California,Binders,Tuff Stuff Recycled Round Ring Binders,7.712,2,2.7956,4,2013,11,36.25,Profit
CA-2013-119018,2013-11-05,2013-11-09,Carl Weiss,Los Angeles,California,Binders,Acco Economy Flexible Poly Round Ring Binder,4.176,1,1.305,4,2013,11,31.25,Profit
CA-2013-119018,2013-11-05,2013-11-09,Carl Weiss,Los Angeles,California,Paper,Xerox 229,38.88,6,18.6624,4,2013,11,48.00000000000001,Profit
CA-2013-124527,2013-11-17,2013-11-18,Ionia McGrath,Roseville,California,Binders,Round Ring Binders,8.32,5,2.808,1,2013,11,33.75,Profit
CA-2013-162348,2013-11-11,2013-11-16,Ben Ferrer,Sacramento,California,Furnishings,"Eldon Expressions Wood and Plastic Desk Accessories, Oak",9.98,1,2.7944,5,2013,11,27.999999999999996,Profit
CA-2013-109827,2013-12-26,2014-01-02,Laurel Workman,Phoenix,Arizona,Tables,KI Conference Tables,35.445,1,-24.1026,7,2013,12,-68.0,Loss
CA-2013-109827,2013-12-26,2014-01-02,Laurel Workman,Phoenix,Arizona,Machines,Panasonic KX MC6040 Color Laser Multifunction Printer,269.97,2,-386.957,7,2013,12,-143.33333333333331,Loss
CA-2013-109827,2013-12-26,2014-01-02,Laurel Workman,Phoenix,Arizona,Accessories,Imation Clip USB flash drive - 8 GB,45.12,3,-7.896,7,2013,12,-17.5,Loss
CA-2013-109827,2013-12-26,2014-01-02,Laurel Workman,Phoenix,Arizona,Accessories,Hypercom P1300 Pinpad,100.8,2,21.42,7,2013,12,21.250000000000004,Profit
CA-2013-109827,2013-12-26,2014-01-02,Laurel Workman,Phoenix,Arizona,Chairs,"Global Stack Chair with Arms, Black",47.968,2,4.1972,7,2013,12,8.749999999999998,Profit
CA-2011-152233,2011-10-05,2011-10-06,Keith Herrera,Pomona,California,Accessories,Plantronics Audio 478 Stereo USB Headset,99.98,2,34.993,1,2011,10,35.0,Profit
CA-2014-162880,2014-12-26,2014-12-30,Giulietta Dortch,Everett,Washington,Binders,Tuff Stuff Recycled Round Ring Binders,3.856,1,1.3978,4,2014,12,36.25,Profit
CA-2011-144414,2011-06-17,2011-06-21,Gary Hwang,Seattle,Washington,Furnishings,Eldon Wave Desk Accessories,6.24,3,2.6208,4,2011,6,42.0,Profit
CA-2011-144414,2011-06-17,2011-06-21,Gary Hwang,Seattle,Washington,Fasteners,OIC Binder Clips,17.9,5,8.95,4,2011,6,50.0,Profit
CA-2011-144414,2011-06-17,2011-06-21,Gary Hwang,Seattle,Washington,Binders,GBC DocuBind P400 Electric Binding System,3266.376,3,1061.5722,4,2011,6,32.5,Profit
US-2014-115609,2014-11-03,2014-11-08,Cindy Stewart,Los Angeles,California,Appliances,Fellowes 8 Outlet Superior Workstation Surge Protector w/o Phone/Fax/Modem Protection,168.1,5,43.706,5,2014,11,26.0,Profit
CA-2013-153101,2013-09-09,2013-09-09,Pauline Johnson,Santa Ana,California,Tables,"Lesro Round Back Collection Coffee Table, End Table",146.04,1,-12.7785,0,2013,9,-8.75,Loss
CA-2013-142615,2013-11-21,2013-11-25,Brendan Murry,Montebello,California,Accessories,Sony Micro Vault Click 4 GB USB 2.0 Flash Drive,27.88,2,3.9032,4,2013,11,14.000000000000002,Profit
CA-2014-142643,2014-10-16,2014-10-21,Dionis Lloyd,Thousand Oaks,California,Labels,"Avery 4027 File Folder Labels for Dot Matrix Printers, 5000 Labels per Box, White",152.65,5,70.219,5,2014,10,46.0,Profit
CA-2014-142643,2014-10-16,2014-10-21,Dionis Lloyd,Thousand Oaks,California,Furnishings,"Executive Impressions 14"" Two-Color Numerals Wall Clock",22.72,1,9.3152,5,2014,10,41.0,Profit
CA-2014-107517,2014-02-06,2014-02-10,Fred Chung,Torrance,California,Appliances,"Sanyo Counter Height Refrigerator with Crisper, 3.6 Cubic Foot, Stainless Steel/Black",1640.7,5,459.396,4,2014,2,28.000000000000004,Profit
CA-2014-107517,2014-02-06,2014-02-10,Fred Chung,Torrance,California,Phones,Geemarc AmpliPOWER60,371.2,5,41.76,4,2014,2,11.25,Profit
CA-2011-147543,2011-07-06,2011-07-12,Becky Castell,El Cajon,California,Chairs,Global Comet Stacking Armless Chair,478.48,2,47.848,6,2011,7,10.0,Profit
US-2013-159093,2013-05-10,2013-05-15,Ricardo Sperren,Los Angeles,California,Paper,"TOPS Money Receipt Book, Consecutively Numbered in Red,",32.04,4,14.418,5,2013,5,45.0,Profit
CA-2013-162110,2013-07-19,2013-07-23,Nora Paige,Phoenix,Arizona,Phones,iHome FM Clock Radio with Lightning Dock,55.992,1,3.4995,4,2013,7,6.25,Profit
CA-2011-101462,2011-04-20,2011-04-25,Benjamin Patterson,Los Angeles,California,Furnishings,"GE 4 Foot Flourescent Tube, 40 Watt",59.92,4,27.5632,5,2011,4,46.0,Profit
CA-2014-128965,2014-04-18,2014-04-23,Pamela Stobb,Los Angeles,California,Paper,"Rediform S.O.S. 1-Up Phone Message Bk, 4-1/4x3-1/16 Bk, 1 Form/Pg, 40 Messages/Bk, 3/Pk",28.14,3,13.5072,5,2014,4,48.0,Profit
CA-2014-128965,2014-04-18,2014-04-23,Pamela Stobb,Los Angeles,California,Labels,Avery 517,7.38,2,3.4686,5,2014,4,47.0,Profit
CA-2014-128965,2014-04-18,2014-04-23,Pamela Stobb,Los Angeles,California,Fasteners,Stockwell Push Pins,10.9,5,3.597,5,2014,4,32.99999999999999,Profit
CA-2014-128965,2014-04-18,2014-04-23,Pamela Stobb,Los Angeles,California,Accessories,Logitech Wireless Touch Keyboard K400,274.89,11,46.7313,5,2014,4,17.0,Profit
CA-2014-128965,2014-04-18,2014-04-23,Pamela Stobb,Los Angeles,California,Labels,Avery 474,23.04,8,11.2896,5,2014,4,49.00000000000001,Profit
CA-2014-128965,2014-04-18,2014-04-23,Pamela Stobb,Los Angeles,California,Chairs,"Global Wood Trimmed Manager's Task Chair, Khaki",218.352,3,-19.1058,5,2014,4,-8.75,Loss
US-2013-126452,2013-08-22,2013-08-29,Scot Coram,Los Angeles,California,Binders,Avery Durable Slant Ring Binders,12.672,2,4.752,7,2013,8,37.49999999999999,Profit
US-2013-126452,2013-08-22,2013-08-29,Scot Coram,Los Angeles,California,Phones,Motorola HK250 Universal Bluetooth Headset,91.96,5,-20.691,7,2013,8,-22.5,Loss
US-2013-126452,2013-08-22,2013-08-29,Scot Coram,Los Angeles,California,Accessories,Logitech Gaming G510s - Keyboard,254.97,3,91.7892,7,2013,8,36.0,Profit
US-2013-126452,2013-08-22,2013-08-29,Scot Coram,Los Angeles,California,Phones,Anker Astro Mini 3000mAh Ultra-Compact Portable Charger,31.984,2,-7.996,7,2013,8,-25.0,Loss
US-2013-126452,2013-08-22,2013-08-29,Scot Coram,Los Angeles,California,Tables,Bretford CR8500 Series Meeting Room Furniture,2887.056,9,180.441,7,2013,8,6.25,Profit
US-2013-126452,2013-08-22,2013-08-29,Scot Coram,Los Angeles,California,Paper,Xerox 1997,12.96,2,6.2208,7,2013,8,47.99999999999999,Profit
US-2013-126452,2013-08-22,2013-08-29,Scot Coram,Los Angeles,California,Paper,Xerox 1928,47.52,9,21.384,7,2013,8,44.99999999999999,Profit
CA-2012-162544,2012-12-16,2012-12-19,Sandra Glassco,Seattle,Washington,Paper,Xerox 190,4.98,1,2.3406,3,2012,12,46.99999999999999,Profit
CA-2012-137113,2012-12-01,2012-12-05,Tamara Willingham,Seattle,Washington,Chairs,Global Troy Executive Leather Low-Back Tilter,2003.92,5,125.245,4,2012,12,6.25,Profit
CA-2012-137113,2012-12-01,2012-12-05,Tamara Willingham,Seattle,Washington,Paper,Xerox 219,32.4,5,15.552,4,2012,12,48.0,Profit
CA-2012-137113,2012-12-01,2012-12-05,Tamara Willingham,Seattle,Washington,Tables,Bush Advantage Collection Round Conference Table,1913.4,9,401.814,4,2012,12,21.0,Profit
CA-2012-137113,2012-12-01,2012-12-05,Tamara Willingham,Seattle,Washington,Storage,Tennsco Industrial Shelving,146.73,3,2.9346,4,2012,12,2.0,Profit
CA-2012-137113,2012-12-01,2012-12-05,Tamara Willingham,Seattle,Washington,Paper,"Xerox Color Copier Paper, 11"" x 17"", Ream",114.2,5,52.532,4,2012,12,46.0,Profit
CA-2014-120222,2014-04-26,2014-05-03,Lauren Leatherbury,Los Angeles,California,Paper,"Telephone Message Books with Fax/Mobile Section, 5 1/2"" x 3 3/16""",19.05,3,8.763,7,2014,4,46.0,Profit
CA-2014-120222,2014-04-26,2014-05-03,Lauren Leatherbury,Los Angeles,California,Binders,Surelock Post Binders,73.344,3,27.504,7,2014,4,37.50000000000001,Profit
US-2014-135013,2014-07-25,2014-07-25,Harold Ryan,Huntington Beach,California,Copiers,Hewlett Packard LaserJet 3310 Copier,2399.96,5,839.986,0,2014,7,35.0,Profit
US-2014-149006,2014-12-07,2014-12-09,Brad Norvell,Brentwood,California,Storage,Staples,10.68,1,2.8836,2,2014,12,27.0,Profit
CA-2013-140249,2013-09-28,2013-10-04,Shaun Weien,Seattle,Washington,Phones,Samsung Galaxy S4,1001.584,2,125.198,6,2013,9,12.5,Profit
US-2014-115301,2014-07-30,2014-08-03,Vivek Gonzalez,Seattle,Washington,Bookcases,"Bush Westfield Collection Bookcases, Medium Cherry Finish",115.96,2,25.5112,4,2014,7,22.0,Profit
CA-2014-168942,2014-08-02,2014-08-06,Eric Murdock,San Francisco,California,Storage,"Fellowes Mobile File Cart, Black",186.54,3,50.3658,4,2014,8,27.0,Profit
US-2014-128398,2014-05-03,2014-05-06,Elizabeth Moffitt,Los Angeles,California,Accessories,Logitech MX Performance Wireless Mouse,159.56,4,59.0372,3,2014,5,37.0,Profit
CA-2011-124247,2011-12-16,2011-12-21,Stefanie Holloman,Sacramento,California,Chairs,Office Star - Professional Matrix Back Chair with 2-to-1 Synchro Tilt and Mesh Fabric Seat,1403.92,5,70.196,5,2011,12,5.0,Profit
CA-2013-105473,2013-04-17,2013-04-19,Bryan Mills,Seattle,Washington,Supplies,Stiletto Hand Letter Openers,28.8,3,0.864,2,2013,4,3.0,Profit
CA-2014-121706,2014-02-27,2014-03-03,Becky Martin,Santa Barbara,California,Appliances,Tripp Lite TLP810NET Broadband Surge for Modem/Fax,356.79,7,99.9012,4,2014,2,27.999999999999996,Profit
CA-2013-140046,2013-07-29,2013-08-04,Khloe Miller,Los Angeles,California,Labels,Avery 495,18.9,3,8.694,6,2013,7,46.00000000000001,Profit
CA-2013-140382,2013-06-24,2013-06-26,Ruben Dartt,San Francisco,California,Storage,Mobile Personal File Cube,93.68,4,25.2936,2,2013,6,27.0,Profit
CA-2013-140382,2013-06-24,2013-06-26,Ruben Dartt,San Francisco,California,Labels,Avery 516,21.93,3,10.3071,2,2013,6,47.0,Profit
CA-2013-140382,2013-06-24,2013-06-26,Ruben Dartt,San Francisco,California,Phones,Nortel Meridian M3904 Professional Digital phone,862.344,7,97.0137,2,2013,6,11.249999999999998,Profit
CA-2013-140382,2013-06-24,2013-06-26,Ruben Dartt,San Francisco,California,Paper,Xerox 1884,19.98,1,9.3906,2,2013,6,47.0,Profit
CA-2013-125094,2013-11-06,2013-11-10,Nora Preis,Seattle,Washington,Accessories,Cherry 142-key Programmable Keyboard,479.72,4,52.7692,4,2013,11,10.999999999999998,Profit
CA-2012-139248,2012-07-25,2012-07-30,Russell D'Ascenzo,Los Angeles,California,Phones,Motorola L703CM,623.96,5,38.9975,5,2012,7,6.25,Profit
CA-2012-126466,2012-11-09,2012-11-13,Jesus Ocampo,Roseville,California,Fasteners,"OIC Binder Clips, Mini, 1/4"" Capacity, Black",2.48,2,1.1656,4,2012,11,47.0,Profit
CA-2012-129917,2012-10-02,2012-10-03,Henry MacAllister,Los Angeles,California,Binders,Pressboard Hanging Data Binders for Unburst Sheets,11.808,3,4.1328,1,2012,10,35.0,Profit
CA-2012-129917,2012-10-02,2012-10-03,Henry MacAllister,Los Angeles,California,Binders,GBC Poly Designer Binding Covers,53.568,4,19.4184,1,2012,10,36.25,Profit
CA-2012-129917,2012-10-02,2012-10-03,Henry MacAllister,Los Angeles,California,Phones,HTC One Mini,503.96,5,50.396,1,2012,10,10.0,Profit
CA-2012-115420,2012-04-25,2012-05-02,Linda Southworth,Los Angeles,California,Envelopes,Laser & Ink Jet Business Envelopes,21.34,2,9.8164,7,2012,4,46.0,Profit
CA-2012-167255,2012-09-27,2012-09-29,Rick Huthwaite,San Francisco,California,Storage,"Personal Filing Tote with Lid, Black/Gray",15.51,1,4.3428,2,2012,9,28.000000000000004,Profit
CA-2012-167255,2012-09-27,2012-09-29,Rick Huthwaite,San Francisco,California,Paper,Xerox 1916,146.82,3,73.41,2,2012,9,50.0,Profit
CA-2012-167255,2012-09-27,2012-09-29,Rick Huthwaite,San Francisco,California,Paper,Xerox 226,12.96,2,6.2208,2,2012,9,47.99999999999999,Profit
CA-2014-162096,2014-11-11,2014-11-11,Thomas Brumley,Riverside,California,Art,12 Colored Short Pencils,7.8,3,2.106,0,2014,11,26.999999999999996,Profit
CA-2013-163937,2013-01-10,2013-01-13,Joy Bell-,Longview,Washington,Furnishings,"DAX Value U-Channel Document Frames, Easel Back",24.85,5,7.7035,3,2013,1,31.0,Profit
CA-2014-153822,2014-09-20,2014-09-26,Adrian Barton,Phoenix,Arizona,Storage,Akro Stacking Bins,12.624,2,-2.5248,6,2014,9,-20.0,Loss
CA-2014-153822,2014-09-20,2014-09-26,Adrian Barton,Phoenix,Arizona,Accessories,Sony Micro Vault Click 16 GB USB 2.0 Flash Drive,89.584,2,4.4792,6,2014,9,5.0,Profit
CA-2014-153822,2014-09-20,2014-09-26,Adrian Barton,Phoenix,Arizona,Phones,Polycom VoiceStation 500 Conference phone,471.92,2,29.495,6,2014,9,6.25,Profit
CA-2014-153822,2014-09-20,2014-09-26,Adrian Barton,Phoenix,Arizona,Binders,Plastic Binding Combs,18.18,4,-13.938,6,2014,9,-76.66666666666667,Loss
CA-2012-112144,2012-06-28,2012-07-02,Craig Yedwab,Gilbert,Arizona,Labels,Avery 501,5.904,2,1.9926,4,2012,6,33.75,Profit
CA-2012-112144,2012-06-28,2012-07-02,Craig Yedwab,Gilbert,Arizona,Furnishings,Electrix Halogen Magnifier Lamp,621.76,4,46.632,4,2012,6,7.5,Profit
CA-2014-149076,2014-01-15,2014-01-20,Sean O'Donnell,Los Angeles,California,Paper,Xerox 19,154.9,5,69.705,5,2014,1,44.99999999999999,Profit
CA-2012-166800,2012-11-19,2012-11-26,Aleksandra Gannaway,Las Vegas,Nevada,Appliances,Hoover Commercial Soft Guard Upright Vacuum And Disposable Filtration Bags,31.08,4,8.3916,7,2012,11,27.0,Profit
US-2013-134369,2013-09-17,2013-09-23,Becky Castell,Laguna Niguel,California,Paper,Xerox 1966,12.96,2,6.3504,6,2013,9,48.99999999999999,Profit
CA-2011-133158,2011-08-19,2011-08-21,David Wiener,Los Angeles,California,Furnishings,"Deflect-o EconoMat Studded, No Bevel Mat for Low Pile Carpeting",289.24,7,26.0316,2,2011,8,9.0,Profit
CA-2011-133158,2011-08-19,2011-08-21,David Wiener,Los Angeles,California,Binders,Satellite Sectional Post Binders,69.456,2,22.5732,2,2011,8,32.5,Profit
CA-2014-141201,2014-12-10,2014-12-12,Daniel Byrd,Salinas,California,Bookcases,O'Sullivan 3-Shelf Heavy-Duty Bookcases,148.257,3,15.6978,2,2014,12,10.588235294117647,Profit
CA-2011-124737,2011-08-23,2011-08-27,Arthur Prichep,Denver,Colorado,Paper,Xerox 1976,15.552,3,5.4432,4,2011,8,35.0,Profit
CA-2011-124737,2011-08-23,2011-08-27,Arthur Prichep,Denver,Colorado,Supplies,Acme Titanium Bonded Scissors,6.8,1,0.51,4,2011,8,7.5,Profit
CA-2011-124737,2011-08-23,2011-08-27,Arthur Prichep,Denver,Colorado,Furnishings,Regeneration Desk Collection,4.224,3,1.2672,4,2011,8,30.0,Profit
CA-2011-124737,2011-08-23,2011-08-27,Arthur Prichep,Denver,Colorado,Phones,Cisco SPA525G2 IP Phone - Wireless,143.64,9,10.773,4,2011,8,7.500000000000001,Profit
CA-2011-124737,2011-08-23,2011-08-27,Arthur Prichep,Denver,Colorado,Paper,Xerox 1931,31.104,6,10.8864,4,2011,8,35.0,Profit
CA-2011-124737,2011-08-23,2011-08-27,Arthur Prichep,Denver,Colorado,Paper,Xerox 1988,223.056,9,69.705,4,2011,8,31.25,Profit
CA-2014-119494,2014-11-10,2014-11-14,Jim Epp,San Diego,California,Chairs,"Lifetime Advantage Folding Chairs, 4/Carton",523.392,3,52.3392,4,2014,11,10.0,Profit
CA-2011-150581,2011-04-08,2011-04-12,Nathan Mautz,Concord,California,Tables,Bevis 36 x 72 Conference Tables,99.592,1,2.4898,4,2011,4,2.5,Profit
CA-2011-150581,2011-04-08,2011-04-12,Nathan Mautz,Concord,California,Accessories,Logitech Wireless Headset h800,399.96,4,139.986,4,2011,4,35.0,Profit
CA-2011-141355,2011-09-25,2011-09-30,Barry Franz,Aurora,Colorado,Art,Dixon Ticonderoga Core-Lock Colored Pencils,14.576,2,2.3686,5,2011,9,16.249999999999996,Profit
CA-2013-165330,2013-12-12,2013-12-12,William Brown,Anaheim,California,Binders,Ibico Laser Imprintable Binding System Covers,209.6,5,68.12,0,2013,12,32.5,Profit
CA-2013-165330,2013-12-12,2013-12-12,William Brown,Anaheim,California,Art,Boston 16765 Mini Stand Up Battery Pencil Sharpener,23.32,2,6.0632,0,2013,12,26.0,Profit
CA-2013-165330,2013-12-12,2013-12-12,William Brown,Anaheim,California,Paper,"IBM Multi-Purpose Copy Paper, 8 1/2 x 11"", Case",30.98,1,13.941,0,2013,12,45.0,Profit
CA-2013-165330,2013-12-12,2013-12-12,William Brown,Anaheim,California,Accessories,Microsoft Natural Ergonomic Keyboard 4000,119.96,4,25.1916,0,2013,12,21.000000000000004,Profit
CA-2013-165330,2013-12-12,2013-12-12,William Brown,Anaheim,California,Chairs,"Global Wood Trimmed Manager's Task Chair, Khaki",363.92,5,-31.843,0,2013,12,-8.75,Loss
CA-2013-165330,2013-12-12,2013-12-12,William Brown,Anaheim,California,Binders,Recycled Easel Ring Binders,35.808,3,11.19,0,2013,12,31.25,Profit
CA-2013-165330,2013-12-12,2013-12-12,William Brown,Anaheim,California,Binders,GBC Recycled VeloBinder Covers,122.688,9,39.8736,0,2013,12,32.5,Profit
CA-2013-165330,2013-12-12,2013-12-12,William Brown,Anaheim,California,Tables,Hon Non-Folding Utility Tables,892.136,7,111.517,0,2013,12,12.5,Profit
CA-2013-165330,2013-12-12,2013-12-12,William Brown,Anaheim,California,Storage,Rogers Profile Extra Capacity Storage Tub,50.22,3,2.0088,0,2013,12,4.0,Profit
CA-2013-165330,2013-12-12,2013-12-12,William Brown,Anaheim,California,Appliances,Fellowes 8 Outlet Superior Workstation Surge Protector,83.42,2,24.1918,0,2013,12,28.999999999999996,Profit
CA-2013-165330,2013-12-12,2013-12-12,William Brown,Anaheim,California,Binders,"Black Avery Memo-Size 3-Ring Binder, 5 1/2"" x 8 1/2""",5.872,2,2.1286,0,2013,12,36.25,Profit
CA-2012-132633,2012-02-03,2012-02-05,Ken Heidel,Pleasant Grove,Utah,Binders,Wilson Jones Standard D-Ring Binders,12.144,3,4.0986,2,2012,2,33.75,Profit
CA-2013-157742,2013-12-30,2014-01-01,Ken Lonsdale,Springfield,Oregon,Envelopes,"Peel & Seel Recycled Catalog Envelopes, Brown",27.792,3,10.422,2,2013,12,37.5,Profit
CA-2014-127712,2014-09-01,2014-09-06,Michael Granlund,Salem,Oregon,Supplies,Acme Kleen Earth Office Shears,6.208,2,0.6984,5,2014,9,11.25,Profit
CA-2011-106726,2011-12-06,2011-12-08,Roland Schwarz,Los Angeles,California,Storage,Standard Rollaway File with Lock,1261.33,7,327.9458,2,2011,12,26.0,Profit
CA-2013-147473,2013-05-31,2013-06-04,Nancy Lomonaco,Los Angeles,California,Paper,Xerox 228,38.88,6,18.6624,4,2013,5,48.00000000000001,Profit
CA-2011-141901,2011-08-09,2011-08-14,Gene McClure,Fresno,California,Paper,Great White Multi-Use Recycled Paper (20Lb. and 84 Bright),5.98,1,2.691,5,2011,8,44.99999999999999,Profit
CA-2013-167416,2013-05-13,2013-05-18,Jill Matthias,Seattle,Washington,Envelopes,"Manila Recycled Extra-Heavyweight Clasp Envelopes, 6"" x 9""",54.9,5,26.901,5,2013,5,49.0,Profit
CA-2014-118724,2014-07-22,2014-07-26,Anthony Rawles,Concord,California,Art,Nontoxic Chalk,3.52,2,1.6896,4,2014,7,48.0,Profit
CA-2014-118724,2014-07-22,2014-07-26,Anthony Rawles,Concord,California,Phones,Polycom SoundPoint IP 450 VoIP phone,1626.192,9,121.9644,4,2014,7,7.5,Profit
US-2014-143175,2014-08-04,2014-08-07,George Ashbrook,Los Angeles,California,Storage,Fellowes Bases and Tops For Staxonsteel/High-Stak Systems,99.87,3,23.9688,3,2014,8,24.000000000000004,Profit
CA-2012-105844,2012-10-25,2012-10-27,Jennifer Ferguson,Sparks,Nevada,Art,Newell 319,79.36,4,23.808,2,2012,10,30.0,Profit
CA-2014-118864,2014-06-16,2014-06-20,Kristen Hastings,Los Angeles,California,Phones,Panasonic KX T7736-B Digital phone,119.96,1,7.4975,4,2014,6,6.25,Profit
CA-2011-159625,2011-11-23,2011-11-28,Sally Matthias,Scottsdale,Arizona,Envelopes,Staples,23.472,3,8.802,5,2011,11,37.49999999999999,Profit
CA-2014-147410,2014-09-05,2014-09-09,Eva Jacobs,Santa Ana,California,Storage,"24 Capacity Maxi Data Binder Racks, Pearl",421.1,2,105.275,4,2014,9,25.0,Profit
US-2013-102239,2013-05-06,2013-05-07,Lindsay Williams,Henderson,Nevada,Tables,Global Adaptabilities Conference Tables,1685.88,6,320.3172,1,2013,5,19.0,Profit
US-2013-102239,2013-05-06,2013-05-07,Lindsay Williams,Henderson,Nevada,Binders,Avery Poly Binder Pockets,5.728,2,2.0048,1,2013,5,35.0,Profit
CA-2011-143168,2011-10-18,2011-10-23,Ivan Gibson,Seattle,Washington,Paper,Xerox 1925,61.96,2,27.882,5,2011,10,45.0,Profit
CA-2011-143168,2011-10-18,2011-10-23,Ivan Gibson,Seattle,Washington,Binders,Computer Printout Index Tabs,1.344,1,0.4704,5,2011,10,35.0,Profit
CA-2014-118122,2014-11-18,2014-11-25,Greg Guthrie,Seattle,Washington,Binders,"Cardinal Slant-D Ring Binder, Heavy Gauge Vinyl",13.904,2,4.5188,7,2014,11,32.49999999999999,Profit
CA-2014-166926,2014-12-02,2014-12-09,Sean O'Donnell,Seattle,Washington,Paper,Xerox 1947,41.86,7,18.837,7,2014,12,45.0,Profit
CA-2014-166926,2014-12-02,2014-12-09,Sean O'Donnell,Seattle,Washington,Bookcases,"Hon Metal Bookcases, Putty",141.96,2,41.1684,7,2014,12,28.999999999999996,Profit
CA-2014-142909,2014-12-23,2014-12-26,Alex Grayson,Mesa,Arizona,Tables,"Lesro Round Back Collection Coffee Table, End Table",182.55,2,-135.087,3,2014,12,-73.99999999999999,Loss
CA-2013-131380,2013-03-29,2013-04-01,Chris Cortes,Los Angeles,California,Storage,Rogers Deluxe File Chest,87.92,4,0.8792,3,2013,3,1.0,Profit
CA-2013-131380,2013-03-29,2013-04-01,Chris Cortes,Los Angeles,California,Paper,Xerox 1983,5.98,1,2.9302,3,2013,3,49.0,Profit
CA-2011-117464,2011-07-22,2011-07-24,Naresj Patel,San Francisco,California,Art,Newell 32,11.52,4,3.2256,2,2011,7,28.000000000000004,Profit
CA-2011-117464,2011-07-22,2011-07-24,Naresj Patel,San Francisco,California,Chairs,Global Comet Stacking Armless Chair,717.72,3,71.772,2,2011,7,10.0,Profit
CA-2011-117464,2011-07-22,2011-07-24,Naresj Patel,San Francisco,California,Storage,Eldon Mobile Mega Data Cart  Mega Stackable  Add-On Trays,236.5,10,68.585,2,2011,7,28.999999999999996,Profit
CA-2011-117464,2011-07-22,2011-07-24,Naresj Patel,San Francisco,California,Tables,Safco Drafting Table,170.352,3,19.1646,2,2011,7,11.25,Profit
CA-2014-125381,2014-04-26,2014-04-28,Speros Goranitis,San Francisco,California,Accessories,Sony 64GB Class 10 Micro SDHC R40 Memory Card,107.97,3,22.6737,2,2014,4,21.0,Profit
CA-2014-150609,2014-05-01,2014-05-05,Nick Zandusky,Los Angeles,California,Binders,Fellowes Black Plastic Comb Bindings,23.24,5,7.553,4,2014,5,32.5,Profit
CA-2013-164399,2013-11-13,2013-11-16,Dianna Wilson,San Diego,California,Phones,Panasonic KX TS3282W Corded phone,203.976,3,25.497,3,2013,11,12.5,Profit
CA-2013-164399,2013-11-13,2013-11-16,Dianna Wilson,San Diego,California,Tables,Global Adaptabilities Conference Tables,674.352,3,-8.4294,3,2013,11,-1.25,Loss
CA-2013-147683,2013-11-14,2013-11-18,Philisse Overcash,Seattle,Washington,Furnishings,DAX Solid Wood Frames,19.54,2,7.2298,4,2013,11,37.0,Profit
CA-2011-116785,2011-04-26,2011-04-30,Marc Harrigan,Los Angeles,California,Art,Newell 347,21.4,5,6.206,4,2011,4,29.000000000000004,Profit
CA-2011-116785,2011-04-26,2011-04-30,Marc Harrigan,Los Angeles,California,Labels,Avery 495,12.6,2,5.796,4,2011,4,46.0,Profit
CA-2014-137414,2014-10-03,2014-10-07,Chad McGuire,San Francisco,California,Furnishings,Dax Clear Box Frame,17.46,2,5.9364,4,2014,10,34.0,Profit
CA-2014-137414,2014-10-03,2014-10-07,Chad McGuire,San Francisco,California,Machines,Ricoh - Ink Collector Unit for GX3000 Series Printers,369.16,11,32.3015,4,2014,10,8.749999999999998,Profit
CA-2013-143476,2013-09-12,2013-09-14,Linda Cazamias,Phoenix,Arizona,Art,"Crayola Anti Dust Chalk, 12/Pack",2.912,2,0.91,2,2013,9,31.25,Profit
CA-2013-143476,2013-09-12,2013-09-14,Linda Cazamias,Phoenix,Arizona,Paper,Xerox 1976,20.736,4,7.2576,2,2013,9,35.0,Profit
CA-2013-143476,2013-09-12,2013-09-14,Linda Cazamias,Phoenix,Arizona,Paper,Great White Multi-Use Recycled Paper (20Lb. and 84 Bright),9.568,2,2.99,2,2013,9,31.250000000000007,Profit
US-2013-119046,2013-06-03,2013-06-07,Edward Hooks,Seattle,Washington,Paper,Riverleaf Stik-Withit Designer Note Cubes,30.18,3,13.8828,4,2013,6,46.0,Profit
US-2013-119046,2013-06-03,2013-06-07,Edward Hooks,Seattle,Washington,Binders,"Acco PRESSTEX Data Binder with Storage Hooks, Dark Blue, 14 7/8"" X 11""",51.648,12,18.7224,4,2013,6,36.25,Profit
US-2013-119046,2013-06-03,2013-06-07,Edward Hooks,Seattle,Washington,Binders,Acco Translucent Poly Ring Binders,11.232,3,3.9312,4,2013,6,35.0,Profit
CA-2014-154949,2014-10-16,2014-10-20,Marc Crier,Camarillo,California,Labels,Avery 478,14.73,3,7.2177,4,2014,10,49.0,Profit
CA-2012-150770,2012-05-03,2012-05-06,Lena Cacioppo,San Francisco,California,Art,Newell 317,8.82,3,2.5578,3,2012,5,28.999999999999996,Profit
CA-2012-150770,2012-05-03,2012-05-06,Lena Cacioppo,San Francisco,California,Binders,Ibico Recycled Linen-Style Covers,62.496,2,21.8736,3,2012,5,35.0,Profit
CA-2012-150770,2012-05-03,2012-05-06,Lena Cacioppo,San Francisco,California,Accessories,Logitech Gaming G510s - Keyboard,339.96,4,122.3856,3,2012,5,36.0,Profit
CA-2012-150770,2012-05-03,2012-05-06,Lena Cacioppo,San Francisco,California,Binders,GBC Linen Binding Covers,49.568,2,17.3488,3,2012,5,35.0,Profit
CA-2013-109953,2013-07-15,2013-07-19,Raymond Buch,San Francisco,California,Phones,Panasonic Kx-TS550,110.376,3,12.4173,4,2013,7,11.249999999999998,Profit
CA-2013-109953,2013-07-15,2013-07-19,Raymond Buch,San Francisco,California,Appliances,Holmes 99% HEPA Air Purifier,151.62,7,50.0346,4,2013,7,32.99999999999999,Profit
CA-2013-109953,2013-07-15,2013-07-19,Raymond Buch,San Francisco,California,Furnishings,Deflect-O Glasstique Clear Desk Accessories,30.8,4,10.164,4,2013,7,32.99999999999999,Profit
CA-2011-157546,2011-07-20,2011-07-22,Roger Demir,San Francisco,California,Binders,Clear Mylar Reinforcing Strips,89.712,6,30.2778,2,2011,7,33.75,Profit
CA-2011-157546,2011-07-20,2011-07-22,Roger Demir,San Francisco,California,Paper,"Wirebound Message Books, Two 4 1/4"" x 5"" Forms per Page",22.83,3,10.7301,2,2011,7,47.0,Profit
CA-2011-138737,2011-12-07,2011-12-10,Frank Preis,Los Angeles,California,Art,Newell 32,8.64,3,2.4192,3,2011,12,27.999999999999996,Profit
CA-2013-101651,2013-12-25,2013-12-31,Sean Christensen,San Jose,California,Furnishings,"Eldon 200 Class Desk Accessories, Smoke",43.96,7,18.4632,6,2013,12,42.0,Profit
CA-2013-101651,2013-12-25,2013-12-31,Sean Christensen,San Jose,California,Envelopes,Staples,39.76,7,18.6872,6,2013,12,47.0,Profit
CA-2014-136651,2014-04-24,2014-04-26,Jay Fein,Pasadena,California,Furnishings,"DAX Two-Tone Rosewood/Black Document Frame, Desktop, 5 x 7",66.36,7,26.544,2,2014,4,40.0,Profit
CA-2014-136651,2014-04-24,2014-04-26,Jay Fein,Pasadena,California,Binders,GBC Durable Plastic Covers,92.88,6,30.186,2,2014,4,32.5,Profit
CA-2014-136651,2014-04-24,2014-04-26,Jay Fein,Pasadena,California,Furnishings,Eldon 500 Class Desk Accessories,24.14,2,7.9662,2,2014,4,32.99999999999999,Profit
US-2014-151127,2014-05-23,2014-05-26,Rob Lucas,Los Angeles,California,Art,SANFORD Major Accent Highlighters,49.56,7,18.8328,3,2014,5,37.99999999999999,Profit
CA-2014-145807,2014-02-10,2014-02-14,Sarah Bern,Los Angeles,California,Storage,Sensible Storage WireTech Storage Systems,354.9,5,17.745,4,2014,2,5.0,Profit
CA-2012-158491,2012-06-04,2012-06-09,Becky Pak,Los Angeles,California,Accessories,Logitech Wireless Anywhere Mouse MX for PC and Mac,119.98,2,35.994,5,2012,6,30.0,Profit
CA-2012-158491,2012-06-04,2012-06-09,Becky Pak,Los Angeles,California,Accessories,Logitech Z-906 Speaker sys - home theater - 5.1-CH,989.97,3,395.988,5,2012,6,40.0,Profit
CA-2014-137001,2014-06-11,2014-06-14,George Zrebassa,Thousand Oaks,California,Art,"Sanford EarthWrite Recycled Pencils, Medium Soft, #2",14.7,7,4.116,3,2014,6,27.999999999999996,Profit
CA-2013-123337,2013-09-17,2013-09-23,Keith Dawkins,San Jose,California,Bookcases,"Sauder Forest Hills Library with Doors, Woodland Oak Finish",273.666,2,-12.8784,6,2013,9,-4.705882352941177,Loss
CA-2013-123337,2013-09-17,2013-09-23,Keith Dawkins,San Jose,California,Appliances,"Eureka Sanitaire  Multi-Pro Heavy-Duty Upright, Disposable Bags",17.48,4,4.5448,6,2013,9,26.0,Profit
CA-2012-144519,2012-11-13,2012-11-17,Arthur Wiediger,Helena,Montana,Phones,Panasonic KX TS3282W Corded phone,339.96,5,42.495,4,2012,11,12.5,Profit
CA-2012-144519,2012-11-13,2012-11-17,Arthur Wiediger,Helena,Montana,Furnishings,"Eldon Stackable Tray, Side-Load, Legal, Smoke",63.98,7,21.7532,4,2012,11,34.0,Profit
CA-2013-157217,2013-07-20,2013-07-22,Tracy Collins,San Francisco,California,Phones,Griffin GC36547 PowerJolt SE Lightning Charger,35.984,2,4.498,2,2013,7,12.5,Profit
CA-2013-157217,2013-07-20,2013-07-22,Tracy Collins,San Francisco,California,Accessories,Logitech G35 7.1-Channel Surround Sound Headset,389.97,3,132.5898,2,2013,7,34.0,Profit
CA-2013-108224,2013-05-15,2013-05-15,Tiffany House,Yuma,Arizona,Accessories,Imation 16GB Mini TravelDrive USB 2.0 Flash Drive,185.528,7,48.7011,0,2013,5,26.25,Profit
CA-2014-159282,2014-10-17,2014-10-22,Gary Hansen,Yuma,Arizona,Machines,Swingline SM12-08 MicroCut Jam Free Shredder,599.985,5,-479.988,5,2014,10,-80.0,Loss
CA-2014-151183,2014-10-15,2014-10-20,Berenike Kampe,San Francisco,California,Accessories,"Verbatim 25 GB 6x Blu-ray Single Layer Recordable Disc, 10/Pack",46.36,4,15.2988,5,2014,10,33.0,Profit
CA-2013-153661,2013-01-30,2013-01-31,Steven Cartwright,San Francisco,California,Storage,"File Shuttle II and Handi-File, Black",305.01,9,76.2525,1,2013,1,25.0,Profit
CA-2013-153661,2013-01-30,2013-01-31,Steven Cartwright,San Francisco,California,Binders,GBC Wire Binding Strips,50.784,2,17.7744,1,2013,1,35.0,Profit
CA-2013-153661,2013-01-30,2013-01-31,Steven Cartwright,San Francisco,California,Labels,Avery 512,26.01,9,12.2247,1,2013,1,47.0,Profit
CA-2013-113656,2013-01-23,2013-01-29,Christy Brittain,Los Angeles,California,Furnishings,"DAX Cubicle Frames, 8-1/2 x 11",59.99,7,21.5964,6,2013,1,36.0,Profit
CA-2012-148964,2012-05-26,2012-05-31,Ruben Dartt,Bellevue,Washington,Furnishings,"DAX Metal Frame, Desktop, Stepped-Edge",20.24,1,7.8936,5,2012,5,39.0,Profit
CA-2013-144092,2013-11-06,2013-11-08,Logan Haushalter,San Jose,California,Accessories,KeyTronic E03601U1 - Keyboard - Beige,72.0,4,12.96,2,2013,11,18.000000000000004,Profit
CA-2013-144092,2013-11-06,2013-11-08,Logan Haushalter,San Jose,California,Chairs,Harbour Creations 67200 Series Stacking Chairs,113.888,2,9.9652,2,2013,11,8.75,Profit
CA-2013-144092,2013-11-06,2013-11-08,Logan Haushalter,San Jose,California,Envelopes,"Strathmore #10 Envelopes, Ultimate White",158.13,3,77.4837,2,2013,11,49.0,Profit
CA-2014-158120,2014-11-18,2014-11-22,Katharine Harms,Hillsboro,Oregon,Paper,"Wirebound Message Forms, Four 2 3/4 x 5 Forms per Page, Pink Paper",19.608,3,6.6177,4,2014,11,33.75,Profit
CA-2014-158120,2014-11-18,2014-11-22,Katharine Harms,Hillsboro,Oregon,Binders,Avery Reinforcements for Hole-Punch Pages,4.158,7,-3.465,4,2014,11,-83.33333333333333,Loss
US-2014-128447,2014-11-11,2014-11-18,Michael Chen,Pasco,Washington,Appliances,"Eureka The Boss Lite 10-Amp Upright Vacuum, Blue",400.8,5,112.224,7,2014,11,28.000000000000004,Profit
US-2014-128447,2014-11-11,2014-11-18,Michael Chen,Pasco,Washington,Binders,GBC VeloBinder Manual Binding System,28.792,1,10.0772,7,2014,11,35.0,Profit
US-2011-131275,2011-03-18,2011-03-24,Sample Company A,Burbank,California,Furnishings,Eldon Cleatmat Chair Mats for Medium Pile Carpets,111.0,2,14.43,6,2011,3,13.0,Profit
US-2011-131275,2011-03-18,2011-03-24,Sample Company A,Burbank,California,Machines,Swingline SM12-08 MicroCut Jam Free Shredder,1279.968,4,415.9896,6,2011,3,32.49999999999999,Profit
US-2011-131275,2011-03-18,2011-03-24,Sample Company A,Burbank,California,Storage,Tennsco 6- and 18-Compartment Lockers,1856.19,7,334.1142,6,2011,3,18.0,Profit
CA-2014-165155,2014-09-22,2014-09-24,Brendan Murry,Los Angeles,California,Storage,"Tenex Personal Filing Tote With Secure Closure Lid, Black/Frost",15.51,1,3.8775,2,2014,9,25.0,Profit
CA-2014-141138,2014-11-11,2014-11-17,Gary Hwang,Modesto,California,Accessories,Memorex Mini Travel Drive 16 GB USB 2.0 Flash Drive,111.79,7,43.5981,6,2014,11,39.0,Profit
CA-2014-154102,2014-02-07,2014-02-14,Skye Norling,San Francisco,California,Paper,Xerox 1947,29.9,5,13.455,7,2014,2,45.0,Profit
CA-2013-114748,2013-10-10,2013-10-15,Maria Zettner,Phoenix,Arizona,Art,Newell 310,1.408,1,0.1584,5,2013,10,11.250000000000002,Profit
CA-2013-114748,2013-10-10,2013-10-15,Maria Zettner,Phoenix,Arizona,Furnishings,"Tenex 46"" x 60"" Computer Anti-Static Chairmat, Rectangular Shaped",169.568,2,0.0,5,2013,10,0.0,No Profit No Loss
CA-2013-163594,2013-04-13,2013-04-15,Jason Fortune-,Los Angeles,California,Paper,Xerox 206,19.44,3,9.3312,2,2013,4,48.00000000000001,Profit
CA-2013-163594,2013-04-13,2013-04-15,Jason Fortune-,Los Angeles,California,Chairs,"Global Geo Office Task Chair, Gray",194.352,3,-36.441,2,2013,4,-18.75,Loss
CA-2013-163594,2013-04-13,2013-04-15,Jason Fortune-,Los Angeles,California,Binders,Aluminum Screw Posts,36.624,3,13.734,2,2013,4,37.5,Profit
US-2014-123862,2014-01-08,2014-01-10,Jamie Frazer,Long Beach,California,Storage,Eldon Fold 'N Roll Cart System,153.78,11,44.5962,2,2014,1,29.000000000000004,Profit
US-2014-123862,2014-01-08,2014-01-10,Jamie Frazer,Long Beach,California,Storage,Tennsco Commercial Shelving,61.02,3,0.6102,2,2014,1,0.9999999999999999,Profit
US-2014-123862,2014-01-08,2014-01-10,Jamie Frazer,Long Beach,California,Supplies,Acme Galleria Hot Forged Steel Scissors with Colored Handles,110.11,7,31.9319,2,2014,1,28.999999999999996,Profit
US-2014-123862,2014-01-08,2014-01-10,Jamie Frazer,Long Beach,California,Fasteners,Staples,7.89,1,3.5505,2,2014,1,45.0,Profit
CA-2014-100580,2014-08-14,2014-08-21,Michael Kennedy,San Diego,California,Binders,"GBC Prepunched Paper, 19-Hole, for Binding Systems, 24-lb",36.024,3,11.7078,7,2014,8,32.5,Profit
CA-2011-132787,2011-09-19,2011-09-23,Mike Caudle,Seattle,Washington,Storage,"Decoflex Hanging Personal Folder File, Blue",92.52,6,24.9804,4,2011,9,27.0,Profit
CA-2014-147844,2014-05-03,2014-05-07,Dorothy Dickinson,Los Angeles,California,Paper,"Adams ""While You Were Out"" Message Pads",15.7,5,7.065,4,2014,5,45.00000000000001,Profit
CA-2014-147844,2014-05-03,2014-05-07,Dorothy Dickinson,Los Angeles,California,Art,Newell 34,59.52,3,15.4752,4,2014,5,25.999999999999996,Profit
CA-2014-147844,2014-05-03,2014-05-07,Dorothy Dickinson,Los Angeles,California,Paper,"Adams Phone Message Book, 200 Message Capacity, 8 1/16” x 11”",34.4,5,15.824,4,2014,5,46.0,Profit
CA-2013-110009,2013-09-09,2013-09-14,Toby Ritter,Seattle,Washington,Furnishings,"Howard Miller 11-1/2"" Diameter Grantwood Wall Clock",43.13,1,14.6642,5,2013,9,34.0,Profit
CA-2013-110009,2013-09-09,2013-09-14,Toby Ritter,Seattle,Washington,Paper,"Ampad Gold Fibre Wirebound Steno Books, 6"" x 9"", Gregg Ruled",30.87,7,14.2002,5,2013,9,46.0,Profit
CA-2012-100146,2012-05-14,2012-05-19,Claudia Bergmann,Camarillo,California,Bookcases,"Bush Andora Bookcase, Maple/Graphite Gray Finish",509.9575,5,41.9965,5,2012,5,8.235294117647058,Profit
CA-2012-100146,2012-05-14,2012-05-19,Claudia Bergmann,Camarillo,California,Furnishings,Dana Halogen Swing-Arm Architect Lamp,122.91,3,34.4148,5,2012,5,28.000000000000004,Profit
CA-2012-100146,2012-05-14,2012-05-19,Claudia Bergmann,Camarillo,California,Chairs,Novimex Fabric Task Chair,97.568,2,-6.098,5,2012,5,-6.25,Loss
CA-2012-100146,2012-05-14,2012-05-19,Claudia Bergmann,Camarillo,California,Chairs,"Global Leather and Oak Executive Chair, Black",722.352,3,81.2646,5,2012,5,11.25,Profit
CA-2013-129728,2013-05-31,2013-06-07,Jason Gross,Los Angeles,California,Furnishings,36X48 HARDFLOOR CHAIRMAT,167.84,8,11.7488,7,2013,5,6.999999999999999,Profit
CA-2014-121125,2014-05-31,2014-06-04,Michael Granlund,Tigard,Oregon,Phones,LG G3,156.792,1,17.6391,4,2014,5,11.249999999999998,Profit
CA-2014-121125,2014-05-31,2014-06-04,Michael Granlund,Tigard,Oregon,Accessories,SanDisk Ultra 32 GB MicroSDHC Class 10 Memory Card,35.36,2,-3.094,4,2014,5,-8.75,Loss
CA-2014-121125,2014-05-31,2014-06-04,Michael Granlund,Tigard,Oregon,Furnishings,Tensor Brushed Steel Torchiere Floor Lamp,13.592,1,-0.3398,4,2014,5,-2.5,Loss
CA-2011-161249,2011-08-09,2011-08-13,Roger Demir,Phoenix,Arizona,Fasteners,"Super Bands, 12/Pack",4.464,3,-0.9486,4,2011,8,-21.249999999999996,Loss
CA-2011-161249,2011-08-09,2011-08-13,Roger Demir,Phoenix,Arizona,Binders,Avery Hole Reinforcements,9.345,5,-6.5415,4,2011,8,-70.0,Loss
CA-2012-148180,2012-07-26,2012-07-31,Bart Pistole,Oxnard,California,Binders,"Acco Pressboard Covers with Storage Hooks, 9 1/2"" x 11"", Executive Red",9.144,3,3.0861,5,2012,7,33.75,Profit
CA-2012-148180,2012-07-26,2012-07-31,Bart Pistole,Oxnard,California,Binders,Tuff Stuff Recycled Round Ring Binders,23.136,6,8.3868,5,2012,7,36.25,Profit
CA-2012-148180,2012-07-26,2012-07-31,Bart Pistole,Oxnard,California,Art,Newell 334,99.2,5,25.792,5,2012,7,26.0,Profit
CA-2011-165568,2011-02-16,2011-02-20,Barry FranzÃ¶sisch,Seattle,Washington,Binders,Pressboard Data Binders by Wilson Jones,21.36,5,7.209,4,2011,2,33.75,Profit
CA-2012-145457,2012-03-24,2012-03-27,Cathy Prescott,Covington,Washington,Furnishings,"Eldon Expressions Punched Metal & Wood Desk Accessories, Black & Cherry",46.9,5,13.132,3,2012,3,28.000000000000004,Profit
US-2014-163657,2014-09-03,2014-09-07,Janet Lee,Los Angeles,California,Binders,Acco Translucent Poly Ring Binders,18.72,5,6.552,4,2014,9,35.0,Profit
US-2014-163657,2014-09-03,2014-09-07,Janet Lee,Los Angeles,California,Tables,Hon 2111 Invitation Series Straight Table,236.528,2,-2.9566,4,2014,9,-1.25,Loss
CA-2012-120446,2012-11-16,2012-11-18,John Grady,San Diego,California,Labels,Avery 51,18.9,3,8.694,2,2012,11,46.00000000000001,Profit
US-2012-136987,2012-04-11,2012-04-14,Andy Reiter,Los Angeles,California,Copiers,Canon PC-428 Personal Copier,639.968,4,215.9892,3,2012,4,33.75,Profit
US-2012-136987,2012-04-11,2012-04-14,Andy Reiter,Los Angeles,California,Paper,Staples,52.76,2,24.2696,3,2012,4,46.0,Profit
CA-2012-138485,2012-02-27,2012-03-01,Nora Paige,Seattle,Washington,Accessories,Microsoft Natural Keyboard Elite,538.92,9,80.838,3,2012,2,15.0,Profit
CA-2013-103709,2013-09-09,2013-09-16,Liz Preis,Visalia,California,Art,"Eberhard Faber 3 1/2"" Golf Pencils",14.88,2,3.72,7,2013,9,25.0,Profit
CA-2013-103709,2013-09-09,2013-09-16,Liz Preis,Visalia,California,Paper,Xerox 1900,34.24,8,15.408,7,2013,9,44.99999999999999,Profit
CA-2013-103709,2013-09-09,2013-09-16,Liz Preis,Visalia,California,Storage,"Mini 13-1/2 Capacity Data Binder Rack, Pearl",261.74,2,65.435,7,2013,9,25.0,Profit
CA-2013-138282,2013-05-20,2013-05-24,Anna HÃ¤berlin,Los Angeles,California,Appliances,Staples,87.84,8,23.7168,4,2013,5,26.999999999999996,Profit
CA-2014-148985,2014-11-12,2014-11-16,Thomas Brumley,Los Angeles,California,Furnishings,Dax Clear Box Frame,34.92,4,11.8728,4,2014,11,34.0,Profit
CA-2013-139997,2013-07-02,2013-07-04,Eugene Moren,Lehi,Utah,Copiers,Hewlett Packard 310 Color Digital Copier,1499.95,5,449.985,2,2013,7,30.0,Profit
CA-2013-124583,2013-09-02,2013-09-04,Laurel Beltran,Huntington Beach,California,Envelopes,Globe Weis Peel & Seel First Class Envelopes,12.78,1,5.751,2,2013,9,45.00000000000001,Profit
CA-2014-157196,2014-11-06,2014-11-10,Anna Andreadi,San Diego,California,Paper,Xerox 1996,12.96,2,6.2208,4,2014,11,47.99999999999999,Profit
CA-2012-108672,2012-09-10,2012-09-16,Frank Atkinson,Los Angeles,California,Furnishings,"Seth Thomas 13 1/2"" Wall Clock",106.68,6,33.0708,6,2012,9,30.999999999999993,Profit
CA-2014-121048,2014-07-15,2014-07-19,Toby Carlisle,Westminster,California,Binders,Acco Suede Grain Vinyl Round Ring Binder,4.448,2,1.4456,4,2014,7,32.49999999999999,Profit
CA-2014-121048,2014-07-15,2014-07-19,Toby Carlisle,Westminster,California,Furnishings,"Deflect-o RollaMat Studded, Beveled Mat for Medium Pile Carpeting",276.69,3,49.8042,4,2014,7,18.0,Profit
CA-2014-121048,2014-07-15,2014-07-19,Toby Carlisle,Westminster,California,Fasteners,"OIC Binder Clips, Mini, 1/4"" Capacity, Black",4.96,4,2.3312,4,2014,7,47.0,Profit
CA-2014-121048,2014-07-15,2014-07-19,Toby Carlisle,Westminster,California,Art,"BOSTON Model 1800 Electric Pencil Sharpeners, Putty/Woodgrain",71.92,4,20.8568,4,2014,7,28.999999999999996,Profit
CA-2014-121048,2014-07-15,2014-07-19,Toby Carlisle,Westminster,California,Furnishings,"Eldon 200 Class Desk Accessories, Burgundy",18.84,3,7.9128,4,2014,7,42.0,Profit
CA-2014-121048,2014-07-15,2014-07-19,Toby Carlisle,Westminster,California,Accessories,Sony Micro Vault Click 8 GB USB 2.0 Flash Drive,140.97,3,19.7358,4,2014,7,14.000000000000002,Profit
CA-2014-121048,2014-07-15,2014-07-19,Toby Carlisle,Westminster,California,Phones,GE 30524EE4,470.376,3,52.9173,4,2014,7,11.25,Profit
US-2014-120117,2014-03-31,2014-03-31,Tom Boeckenhauer,Los Angeles,California,Art,Manco Dry-Lighter Erasable Highlighter,6.08,2,2.0672,0,2014,3,34.0,Profit
US-2014-120117,2014-03-31,2014-03-31,Tom Boeckenhauer,Los Angeles,California,Phones,AT&T CL83451 4-Handset Telephone,164.792,1,18.5391,0,2014,3,11.25,Profit
CA-2011-115889,2011-11-02,2011-11-06,Shahid Hopkins,San Francisco,California,Phones,AT&T CL82213,46.384,2,5.2182,4,2011,11,11.25,Profit
CA-2011-115889,2011-11-02,2011-11-06,Shahid Hopkins,San Francisco,California,Storage,Adjustable Depth Letter/Legal Cart,362.92,2,105.2468,4,2011,11,28.999999999999996,Profit
CA-2011-125731,2011-09-10,2011-09-16,Clay Ludtke,Gresham,Oregon,Envelopes,Peel & Seel Envelopes,21.728,7,7.6048,6,2011,9,35.0,Profit
CA-2011-125731,2011-09-10,2011-09-16,Clay Ludtke,Gresham,Oregon,Chairs,GuestStacker Chair with Chrome Finish Legs,1487.04,5,148.704,6,2011,9,10.0,Profit
US-2014-106145,2014-09-27,2014-09-27,Ruben Ausman,San Francisco,California,Envelopes,Staples,71.88,6,33.0648,0,2014,9,46.0,Profit
US-2014-106145,2014-09-27,2014-09-27,Ruben Ausman,San Francisco,California,Furnishings,Stackable Trays,9.24,3,2.9568,0,2014,9,31.999999999999996,Profit
US-2014-106145,2014-09-27,2014-09-27,Ruben Ausman,San Francisco,California,Paper,Xerox 1895,35.88,6,16.146,0,2014,9,45.0,Profit
US-2014-106145,2014-09-27,2014-09-27,Ruben Ausman,San Francisco,California,Binders,"Wilson Jones Hanging View Binder, White, 1""",17.04,3,5.538,0,2014,9,32.5,Profit
US-2014-106145,2014-09-27,2014-09-27,Ruben Ausman,San Francisco,California,Binders,Fellowes PB300 Plastic Comb Binding Machine,931.176,3,314.2719,0,2014,9,33.75,Profit
CA-2013-107146,2013-06-18,2013-06-20,Lena Creighton,Longmont,Colorado,Furnishings,"Rubbermaid ClusterMat Chairmats, Mat Size- 66"" x 60"", Lip 20"" x 11"" -90 Degree Angle",266.352,3,-13.3176,2,2013,6,-5.000000000000001,Loss
CA-2013-107146,2013-06-18,2013-06-20,Lena Creighton,Longmont,Colorado,Chairs,"Global Manager's Adjustable Task Chair, Storm",483.136,4,54.3528,2,2013,6,11.25,Profit
US-2014-160143,2014-04-01,2014-04-08,Henry Goldwyn,Los Angeles,California,Supplies,Acme Tagit Stainless Steel Antibacterial Scissors,29.7,3,8.019,7,2014,4,27.0,Profit
CA-2013-106460,2013-02-19,2013-02-22,Greg Tran,San Francisco,California,Paper,Xerox 1880,70.88,2,33.3136,3,2013,2,47.0,Profit
US-2014-112347,2014-12-03,2014-12-07,Bill Stewart,Denver,Colorado,Storage,Letter Size Cart,114.288,1,12.8574,4,2014,12,11.25,Profit
US-2014-112347,2014-12-03,2014-12-07,Bill Stewart,Denver,Colorado,Binders,Aluminum Screw Posts,36.624,8,-24.416,4,2014,12,-66.66666666666666,Loss
US-2014-112347,2014-12-03,2014-12-07,Bill Stewart,Denver,Colorado,Bookcases,Hon 4-Shelf Metal Bookcases,242.352,8,-363.528,4,2014,12,-150.0,Loss
US-2014-112347,2014-12-03,2014-12-07,Bill Stewart,Denver,Colorado,Phones,Seidio BD2-HK3IPH5-BK DILEX Case and Holster Combo for Apple iPhone 5/5s - Black,49.616,2,4.9616,4,2014,12,10.0,Profit
US-2014-112347,2014-12-03,2014-12-07,Bill Stewart,Denver,Colorado,Furnishings,"Tenex 46"" x 60"" Computer Anti-Static Chairmat, Rectangular Shaped",508.704,6,0.0,4,2014,12,0.0,No Profit No Loss
US-2014-112347,2014-12-03,2014-12-07,Bill Stewart,Denver,Colorado,Phones,Macally Suction Cup Mount,57.36,6,-14.34,4,2014,12,-25.0,Loss
US-2014-112347,2014-12-03,2014-12-07,Bill Stewart,Denver,Colorado,Chairs,Hon GuestStacker Chair,906.68,5,68.001,4,2014,12,7.500000000000001,Profit
CA-2014-157672,2014-10-06,2014-10-08,Ross Baird,Denver,Colorado,Accessories,Logitech MX Performance Wireless Mouse,63.824,2,13.5626,2,2014,10,21.25,Profit
US-2013-166660,2013-01-30,2013-02-01,Tim Brockman,Seattle,Washington,Chairs,Global Deluxe High-Back Office Chair in Storm,435.168,4,-59.8356,2,2013,1,-13.749999999999998,Loss
US-2013-166660,2013-01-30,2013-02-01,Tim Brockman,Seattle,Washington,Bookcases,O'Sullivan 2-Shelf Heavy-Duty Bookcases,48.58,1,7.7728,2,2013,1,16.0,Profit
CA-2011-133830,2011-12-05,2011-12-10,Rob Lucas,Los Angeles,California,Art,Prang Colored Pencils,26.46,9,11.907,5,2011,12,45.0,Profit
CA-2011-133830,2011-12-05,2011-12-10,Rob Lucas,Los Angeles,California,Paper,Xerox 1933,49.12,4,23.0864,5,2011,12,47.0,Profit
CA-2011-133830,2011-12-05,2011-12-10,Rob Lucas,Los Angeles,California,Fasteners,Advantus Plastic Paper Clips,15.0,3,7.2,5,2011,12,48.00000000000001,Profit
CA-2012-129532,2012-12-08,2012-12-12,Yana Sorensen,Los Angeles,California,Storage,"Stur-D-Stor Shelving, Vertical 5-Shelf: 72""H x 36""W x 18 1/2""D",221.96,2,4.4392,4,2012,12,1.9999999999999998,Profit
CA-2012-129532,2012-12-08,2012-12-12,Yana Sorensen,Los Angeles,California,Accessories,WD My Passport Ultra 500GB Portable External Hard Drive,236.0,4,40.12,4,2012,12,17.0,Profit
CA-2011-134726,2011-11-02,2011-11-07,Steven Ward,Seattle,Washington,Accessories,"Maxell 74 Minute CD-R Spindle, 50/Pack",41.94,2,15.0984,5,2011,11,36.00000000000001,Profit
CA-2011-134726,2011-11-02,2011-11-07,Steven Ward,Seattle,Washington,Phones,Samsung Rugby III,52.792,1,4.6193,5,2011,11,8.75,Profit
CA-2014-122945,2014-11-17,2014-11-23,Mick Brown,Roseville,California,Furnishings,DAX Cubicle Frames - 8x10,17.31,3,5.193,6,2014,11,30.0,Profit
CA-2012-164567,2012-06-15,2012-06-19,Grace Kelly,Los Angeles,California,Phones,Jabra SPEAK 410,225.576,3,22.5576,4,2012,6,10.0,Profit
CA-2011-131947,2011-09-17,2011-09-22,Joseph Airdo,Springfield,Oregon,Art,Newell 313,5.248,2,0.4592,5,2011,9,8.75,Profit
CA-2011-131947,2011-09-17,2011-09-22,Joseph Airdo,Springfield,Oregon,Art,Boston 16701 Slimline Battery Pencil Sharpener,38.256,3,4.782,5,2011,9,12.5,Profit
CA-2011-131947,2011-09-17,2011-09-22,Joseph Airdo,Springfield,Oregon,Paper,Riverleaf Stik-Withit Designer Note Cubes,40.24,5,13.078,5,2011,9,32.49999999999999,Profit
CA-2011-131947,2011-09-17,2011-09-22,Joseph Airdo,Springfield,Oregon,Machines,Plantronics Single Ear Headset,29.925,5,-21.945,5,2011,9,-73.33333333333333,Loss
CA-2011-131947,2011-09-17,2011-09-22,Joseph Airdo,Springfield,Oregon,Paper,Xerox 1960,148.704,6,46.47,5,2011,9,31.25,Profit
CA-2011-131947,2011-09-17,2011-09-22,Joseph Airdo,Springfield,Oregon,Accessories,"Verbatim 25 GB 6x Blu-ray Single Layer Recordable Disc, 3/Pack",55.92,10,16.776,5,2011,9,30.0,Profit
CA-2014-163209,2014-05-04,2014-05-08,Mike Kennedy,San Francisco,California,Paper,Xerox 2,25.92,4,12.4416,4,2014,5,47.99999999999999,Profit
CA-2014-163209,2014-05-04,2014-05-08,Mike Kennedy,San Francisco,California,Art,Newell 350,22.96,7,6.6584,4,2014,5,28.999999999999996,Profit
CA-2011-133354,2011-02-23,2011-02-25,Sue Ann Reed,Moreno Valley,California,Paper,Xerox 220,19.44,3,9.3312,2,2011,2,48.00000000000001,Profit
CA-2014-151225,2014-10-28,2014-10-30,Jim Mitchum,Los Angeles,California,Tables,Chromcraft Rectangular Conference Tables,189.576,1,9.4788,2,2014,10,5.0,Profit
CA-2014-151225,2014-10-28,2014-10-30,Jim Mitchum,Los Angeles,California,Phones,Griffin GC17055 Auxiliary Audio Cable,71.96,5,7.196,2,2014,10,10.0,Profit
US-2011-144078,2011-11-25,2011-11-29,Richard Bierner,Los Angeles,California,Phones,Logitech Mobile Speakerphone P710e - speaker phone,539.92,5,47.243,4,2011,11,8.75,Profit
US-2011-144078,2011-11-25,2011-11-29,Richard Bierner,Los Angeles,California,Chairs,Hon GuestStacker Chair,725.344,4,54.4008,4,2011,11,7.499999999999998,Profit
US-2011-144078,2011-11-25,2011-11-29,Richard Bierner,Los Angeles,California,Art,Staples,7.44,3,2.604,4,2011,11,35.0,Profit
US-2012-159499,2012-11-21,2012-11-23,Eudokia Martin,Phoenix,Arizona,Appliances,Fellowes Command Center 5-outlet power strip,325.632,6,28.4928,2,2012,11,8.75,Profit
US-2012-159499,2012-11-21,2012-11-23,Eudokia Martin,Phoenix,Arizona,Accessories,Belkin Standard 104 key USB Keyboard,23.344,2,-1.459,2,2012,11,-6.25,Loss
US-2012-159499,2012-11-21,2012-11-23,Eudokia Martin,Phoenix,Arizona,Labels,Avery 506,16.52,5,5.369,2,2012,11,32.5,Profit
US-2013-157490,2013-10-07,2013-10-08,Laurel Beltran,Pueblo,Colorado,Machines,Zebra GK420t Direct Thermal/Thermal Transfer Printer,703.71,6,-938.28,1,2013,10,-133.33333333333331,Loss
US-2013-157490,2013-10-07,2013-10-08,Laurel Beltran,Pueblo,Colorado,Binders,Recycled Easel Ring Binders,17.904,4,-14.92,1,2013,10,-83.33333333333334,Loss
US-2013-157490,2013-10-07,2013-10-08,Laurel Beltran,Pueblo,Colorado,Binders,"Avery Framed View Binder, EZD Ring (Locking), Navy, 1 1/2""",11.976,4,-9.1816,1,2013,10,-76.66666666666666,Loss
US-2013-157490,2013-10-07,2013-10-08,Laurel Beltran,Pueblo,Colorado,Accessories,"Memorex 25GB 6X Branded Blu-Ray Recordable Disc, 15/Pack",67.96,5,0.8495,1,2013,10,1.2500000000000002,Profit
CA-2012-161452,2012-04-05,2012-04-11,Carol Adams,Los Angeles,California,Chairs,GuestStacker Chair with Chrome Finish Legs,892.224,3,89.2224,6,2012,4,10.0,Profit
CA-2013-138968,2013-03-16,2013-03-17,Fred Chung,San Francisco,California,Binders,Avery Round Ring Poly Binders,4.544,2,1.6472,1,2013,3,36.25000000000001,Profit
CA-2013-138968,2013-03-16,2013-03-17,Fred Chung,San Francisco,California,Chairs,Global Comet Stacking Arm Chair,1352.032,4,84.502,1,2013,3,6.25,Profit
CA-2012-107685,2012-11-30,2012-12-02,John Murray,Las Vegas,Nevada,Furnishings,"DAX Contemporary Wood Frame with Silver Metal Mat, Desktop, 11 x 14 Size",80.96,4,29.1456,2,2012,11,36.00000000000001,Profit
CA-2012-107685,2012-11-30,2012-12-02,John Murray,Las Vegas,Nevada,Paper,Xerox 1997,25.92,4,12.4416,2,2012,11,47.99999999999999,Profit
US-2011-120740,2011-04-15,2011-04-15,Paul Stevenson,Los Angeles,California,Appliances,Belkin F9G930V10-GRY 9 Outlet Surge,106.96,2,31.0184,0,2011,4,29.000000000000004,Profit
US-2011-120740,2011-04-15,2011-04-15,Paul Stevenson,Los Angeles,California,Furnishings,"Howard Miller 13"" Diameter Goldtone Round Wall Clock",187.76,4,76.9816,0,2011,4,41.0,Profit
US-2014-141509,2014-09-30,2014-10-02,Sonia Cooley,Los Angeles,California,Art,Newell 334,99.2,5,25.792,2,2014,9,26.0,Profit
CA-2014-133487,2014-05-07,2014-05-10,Trudy Schmidt,Rancho Cucamonga,California,Appliances,Eureka The Boss Cordless Rechargeable Stick Vac,152.94,3,41.2938,3,2014,5,26.999999999999996,Profit
CA-2011-102330,2011-12-29,2012-01-03,Arianne Irving,Brentwood,California,Labels,Alphabetical Labels for Top Tab Filing,88.8,6,44.4,5,2011,12,50.0,Profit
CA-2011-102330,2011-12-29,2012-01-03,Arianne Irving,Brentwood,California,Phones,HTC One,319.968,4,35.9964,5,2011,12,11.25,Profit
CA-2013-118899,2013-03-23,2013-03-23,Marc Crier,Seattle,Washington,Chairs,"Global Stack Chair with Arms, Black",167.888,7,14.6902,0,2013,3,8.75,Profit
CA-2014-100237,2014-10-16,2014-10-20,Stuart Van,Orem,Utah,Art,Avery Hi-Liter Smear-Safe Highlighters,11.68,2,4.2048,4,2014,10,36.0,Profit
US-2012-142811,2012-04-02,2012-04-07,John Lucas,Mesa,Arizona,Phones,Samsung HM1900 Bluetooth Headset,87.8,5,32.925,5,2012,4,37.5,Profit
CA-2011-150203,2011-12-05,2011-12-07,Joni Blumstein,Los Angeles,California,Appliances,Fellowes 8 Outlet Superior Workstation Surge Protector,250.26,6,72.5754,2,2011,12,29.000000000000004,Profit
CA-2012-149636,2012-01-06,2012-01-12,Stefania Perrino,Colorado Springs,Colorado,Paper,"It's Hot Message Books with Stickers, 2 3/4"" x 5""",29.6,5,9.25,6,2012,1,31.25,Profit
CA-2012-149636,2012-01-06,2012-01-12,Stefania Perrino,Colorado Springs,Colorado,Binders,Recycled Pressboard Report Cover with Reinforced Top Hinge,1.938,2,-1.3566,6,2012,1,-70.0,Loss
US-2014-146213,2014-09-10,2014-09-15,Matt Connell,Los Angeles,California,Accessories,Microsoft Wireless Mobile Mouse 4000,159.96,4,51.1872,5,2014,9,31.999999999999996,Profit
US-2014-138086,2014-04-17,2014-04-21,Jesus Ocampo,San Francisco,California,Appliances,Hoover Commercial SteamVac,40.74,3,12.222,4,2014,4,30.0,Profit
CA-2014-104850,2014-06-14,2014-06-20,Tamara Willingham,Seattle,Washington,Chairs,"Global Wood Trimmed Manager's Task Chair, Khaki",291.136,4,-25.4744,6,2014,6,-8.75,Loss
CA-2014-134418,2014-09-16,2014-09-21,Gene McClure,Seattle,Washington,Art,BIC Brite Liner Highlighters,12.42,3,5.2164,5,2014,9,42.00000000000001,Profit
US-2013-106313,2013-08-23,2013-08-27,Deirdre Greer,Seattle,Washington,Paper,Xerox 202,19.44,3,9.3312,4,2013,8,48.00000000000001,Profit
CA-2011-154781,2011-11-21,2011-11-26,Steve Carroll,San Francisco,California,Paper,Tops Wirebound Message Log Books,6.58,2,3.0268,5,2011,11,46.0,Profit
CA-2011-154781,2011-11-21,2011-11-26,Steve Carroll,San Francisco,California,Accessories,Kensington Expert Mouse Optical USB Trackball for PC or Mac,94.99,1,28.497,5,2011,11,30.0,Profit
CA-2012-147816,2012-09-24,2012-09-26,Carlos Meador,Tucson,Arizona,Phones,Samsung HM1900 Bluetooth Headset,35.12,2,13.17,2,2012,9,37.5,Profit
CA-2014-105326,2014-08-21,2014-08-28,Kean Thornton,Los Angeles,California,Paper,Xerox 203,25.92,4,12.4416,7,2014,8,47.99999999999999,Profit
CA-2014-156391,2014-09-27,2014-09-29,Sara Luxemburg,Salem,Oregon,Art,Prang Drawing Pencil Set,2.224,1,0.556,2,2014,9,25.0,Profit
CA-2012-169299,2012-08-24,2012-08-26,Denny Ordway,Portland,Oregon,Art,"Premium Writing Pencils, Soft, #2 by Central Association for the Blind",7.152,3,0.7152,2,2012,8,10.0,Profit
CA-2013-155978,2013-08-02,2013-08-02,Thomas Seio,Riverside,California,Phones,Apple iPhone 5,1039.728,2,90.9762,0,2013,8,8.75,Profit
CA-2013-155978,2013-08-02,2013-08-02,Thomas Seio,Riverside,California,Appliances,Belkin F5C206VTEL 6 Outlet Surge,45.96,2,13.788,0,2013,8,30.0,Profit
CA-2013-152800,2013-04-14,2013-04-16,Susan Pistek,San Francisco,California,Envelopes,Poly String Tie Envelopes,6.12,3,2.8764,2,2013,4,47.0,Profit
CA-2011-166961,2011-12-27,2011-12-31,Cynthia Delaney,Moreno Valley,California,Appliances,Staples,10.98,1,2.9646,4,2011,12,26.999999999999996,Profit
CA-2011-166961,2011-12-27,2011-12-31,Cynthia Delaney,Moreno Valley,California,Fasteners,Staples,7.86,3,3.6156,4,2011,12,46.0,Profit
CA-2011-166961,2011-12-27,2011-12-31,Cynthia Delaney,Moreno Valley,California,Storage,Advantus Rolling Storage Box,51.45,3,13.8915,4,2011,12,27.0,Profit
CA-2011-166961,2011-12-27,2011-12-31,Cynthia Delaney,Moreno Valley,California,Binders,GBC VeloBind Cover Sets,37.056,3,13.896,4,2011,12,37.50000000000001,Profit
CA-2012-127481,2012-12-12,2012-12-15,Jonathan Doherty,Las Vegas,Nevada,Paper,Xerox 1930,32.4,5,15.876,3,2012,12,49.0,Profit
CA-2012-127481,2012-12-12,2012-12-15,Jonathan Doherty,Las Vegas,Nevada,Paper,Xerox 1916,97.88,2,48.94,3,2012,12,50.0,Profit
CA-2011-143637,2011-03-24,2011-03-29,Maurice Satty,Fresno,California,Furnishings,"DAX Contemporary Wood Frame with Silver Metal Mat, Desktop, 11 x 14 Size",40.48,2,14.5728,5,2011,3,36.00000000000001,Profit
US-2014-109316,2014-06-09,2014-06-11,Maureen Gastineau,Los Angeles,California,Bookcases,"Riverside Palais Royal Lawyers Bookcase, Royale Cherry Finish",1497.666,2,140.9568,2,2014,6,9.411764705882353,Profit
US-2014-109316,2014-06-09,2014-06-11,Maureen Gastineau,Los Angeles,California,Phones,Shocksock Galaxy S4 Armband,17.52,2,-3.504,2,2014,6,-20.0,Loss
CA-2013-138478,2013-10-22,2013-10-27,Dennis Pardue,North Las Vegas,Nevada,Art,Panasonic KP-150 Electric Pencil Sharpener,113.22,3,29.4372,5,2013,10,26.0,Profit
CA-2013-138478,2013-10-22,2013-10-27,Dennis Pardue,North Las Vegas,Nevada,Paper,Xerox 193,35.88,6,17.5812,5,2013,10,48.99999999999999,Profit
CA-2013-138478,2013-10-22,2013-10-27,Dennis Pardue,North Las Vegas,Nevada,Binders,Ibico EPK-21 Electric Binding System,4535.976,3,1644.2913,5,2013,10,36.25000000000001,Profit
CA-2014-150469,2014-01-27,2014-01-31,Caroline Jumper,San Francisco,California,Fasteners,Binder Clips by OIC,11.84,8,5.6832,4,2014,1,48.00000000000001,Profit
CA-2011-125150,2011-05-16,2011-05-23,Pauline Webber,Los Angeles,California,Chairs,"Iceberg Nesting Folding Chair, 19w x 6d x 43h",232.88,5,17.466,7,2011,5,7.500000000000001,Profit
CA-2012-137302,2012-04-26,2012-05-01,Bart Watters,San Diego,California,Chairs,SAFCO Optional Arm Kit for Workspace Cribbage Stacking Chair,63.936,3,6.3936,5,2012,4,10.0,Profit
CA-2012-137302,2012-04-26,2012-05-01,Bart Watters,San Diego,California,Art,Newell 345,59.52,3,15.4752,5,2012,4,25.999999999999996,Profit
CA-2012-137302,2012-04-26,2012-05-01,Bart Watters,San Diego,California,Phones,RCA ViSYS 25825 Wireless digital phone,311.976,3,38.997,5,2012,4,12.5,Profit
CA-2012-137302,2012-04-26,2012-05-01,Bart Watters,San Diego,California,Binders,GBC Premium Transparent Covers with Diagonal Lined Pattern,50.352,3,17.6232,5,2012,4,35.0,Profit
CA-2012-106257,2012-04-13,2012-04-17,Eugene Barchas,Los Angeles,California,Tables,"Iceberg OfficeWorks 42"" Round Tables",241.568,2,-15.098,4,2012,4,-6.25,Loss
CA-2012-106257,2012-04-13,2012-04-17,Eugene Barchas,Los Angeles,California,Phones,Polycom CX600 IP Phone VoIP phone,479.92,2,41.993,4,2012,4,8.75,Profit
CA-2012-149083,2012-09-25,2012-09-30,Sally Hughsby,Seattle,Washington,Chairs,Global Super Steno Chair,307.136,4,-11.5176,5,2012,9,-3.75,Loss
CA-2012-149083,2012-09-25,2012-09-30,Sally Hughsby,Seattle,Washington,Labels,"Permanent Self-Adhesive File Folder Labels for Typewriters, 1 1/8 x 3 1/2, White",12.6,2,5.796,5,2012,9,46.0,Profit
CA-2012-149083,2012-09-25,2012-09-30,Sally Hughsby,Seattle,Washington,Accessories,Logitech G602 Wireless Gaming Mouse,159.98,2,57.5928,5,2012,9,36.0,Profit
CA-2012-144890,2012-12-25,2012-12-29,Sean Miller,Los Angeles,California,Paper,Xerox 1949,9.96,2,4.8804,4,2012,12,48.99999999999999,Profit
CA-2012-142993,2012-10-12,2012-10-17,Kelly Andreada,Seattle,Washington,Accessories,Kingston Digital DataTraveler 16GB USB 2.0,17.9,2,3.401,5,2012,10,19.0,Profit
CA-2012-142993,2012-10-12,2012-10-17,Kelly Andreada,Seattle,Washington,Storage,"Contico 72""H Heavy-Duty Storage System",81.96,2,0.0,5,2012,10,0.0,No Profit No Loss
CA-2012-143364,2012-07-14,2012-07-19,Toby Gnade,Mesa,Arizona,Storage,SAFCO Boltless Steel Shelving,272.736,3,-64.7748,5,2012,7,-23.75,Loss
CA-2012-143364,2012-07-14,2012-07-19,Toby Gnade,Mesa,Arizona,Paper,Xerox 1899,18.496,4,6.7048,5,2012,7,36.25,Profit
CA-2012-143364,2012-07-14,2012-07-19,Toby Gnade,Mesa,Arizona,Chairs,SAFCO Arco Folding Chair,441.92,2,49.716,5,2012,7,11.25,Profit
CA-2012-143364,2012-07-14,2012-07-19,Toby Gnade,Mesa,Arizona,Bookcases,"Hon Metal Bookcases, Black",127.764,6,-191.646,5,2012,7,-150.0,Loss
CA-2011-100972,2011-11-19,2011-11-24,Dennis Bolton,Salt Lake City,Utah,Paper,Xerox 1888,166.44,3,79.8912,5,2011,11,48.0,Profit
CA-2013-136994,2013-05-28,2013-06-03,Lynn Smith,Los Angeles,California,Paper,"Wirebound Message Books, Four 2 3/4 x 5 White Forms per Page",13.38,2,6.1548,6,2013,5,46.0,Profit
CA-2013-101672,2013-10-04,2013-10-08,Daniel Byrd,Lake Forest,California,Labels,Smead Alpha-Z Color-Coded Second Alphabetical Labels and Starter Set,6.16,2,2.9568,4,2013,10,48.0,Profit
CA-2013-101672,2013-10-04,2013-10-08,Daniel Byrd,Lake Forest,California,Chairs,Global Deluxe High-Back Manager's Chair,915.136,4,102.9528,4,2013,10,11.25,Profit
CA-2013-101672,2013-10-04,2013-10-08,Daniel Byrd,Lake Forest,California,Paper,Xerox 1900,8.56,2,3.852,4,2013,10,44.99999999999999,Profit
CA-2013-101672,2013-10-04,2013-10-08,Daniel Byrd,Lake Forest,California,Paper,Xerox 1891,97.82,2,45.9754,4,2013,10,47.0,Profit
CA-2014-168403,2014-09-10,2014-09-16,Damala Kotsonis,Portland,Oregon,Paper,Xerox 1930,31.104,6,11.2752,6,2014,9,36.25,Profit
CA-2014-168403,2014-09-10,2014-09-16,Damala Kotsonis,Portland,Oregon,Appliances,Belkin 7-Outlet SurgeMaster Home Series,11.176,1,0.8382,6,2014,9,7.5,Profit
CA-2014-118017,2014-12-04,2014-12-07,Lena Cacioppo,Thornton,Colorado,Art,Newell 344,13.344,6,1.0008,3,2014,12,7.5,Profit
CA-2014-118017,2014-12-04,2014-12-07,Lena Cacioppo,Thornton,Colorado,Accessories,Memorex Micro Travel Drive 16 GB,76.752,6,10.5534,3,2014,12,13.750000000000002,Profit
CA-2014-118017,2014-12-04,2014-12-07,Lena Cacioppo,Thornton,Colorado,Accessories,Memorex Micro Travel Drive 16 GB,102.336,8,14.0712,3,2014,12,13.749999999999998,Profit
CA-2014-118017,2014-12-04,2014-12-07,Lena Cacioppo,Thornton,Colorado,Paper,"Wirebound Four 2-3/4 x 5 Forms per Page, 400 Sets per Book",10.32,2,3.741,3,2014,12,36.25,Profit
CA-2014-118017,2014-12-04,2014-12-07,Lena Cacioppo,Thornton,Colorado,Supplies,"Elite 5"" Scissors",47.32,7,5.915,3,2014,12,12.5,Profit
CA-2014-118017,2014-12-04,2014-12-07,Lena Cacioppo,Thornton,Colorado,Furnishings,Staples,23.376,3,7.0128,3,2014,12,30.0,Profit
CA-2014-118017,2014-12-04,2014-12-07,Lena Cacioppo,Thornton,Colorado,Furnishings,"Eldon Image Series Desk Accessories, Burgundy",16.72,5,3.344,3,2014,12,20.0,Profit
CA-2014-118017,2014-12-04,2014-12-07,Lena Cacioppo,Thornton,Colorado,Furnishings,DAX Two-Tone Silver Metal Document Frame,16.192,1,4.6552,3,2014,12,28.749999999999996,Profit
CA-2013-113117,2013-08-17,2013-08-23,Jeremy Pistek,Davis,California,Paper,Xerox 1931,32.4,5,15.552,6,2013,8,48.0,Profit
CA-2013-112585,2013-07-31,2013-08-03,Rob Williams,San Francisco,California,Appliances,Hoover Shoulder Vac Commercial Portable Vacuum,715.64,2,178.91,3,2013,7,25.0,Profit
CA-2013-149762,2013-12-04,2013-12-08,Roger Demir,Morgan Hill,California,Tables,Hon 4060 Series Tables,268.704,3,6.7176,4,2013,12,2.5,Profit
CA-2013-149762,2013-12-04,2013-12-08,Roger Demir,Morgan Hill,California,Art,Rogers Handheld Barrel Pencil Sharpener,21.92,8,5.9184,4,2013,12,26.999999999999996,Profit
CA-2013-149762,2013-12-04,2013-12-08,Roger Demir,Morgan Hill,California,Storage,Acco Perma 4000 Stacking Storage Drawers,48.72,3,7.308,4,2013,12,15.0,Profit
CA-2013-149762,2013-12-04,2013-12-08,Roger Demir,Morgan Hill,California,Bookcases,O'Sullivan Living Dimensions 2-Shelf Bookcases,205.666,2,-12.098,4,2013,12,-5.882352941176471,Loss
CA-2012-152513,2012-07-04,2012-07-08,Julie Prescott,San Diego,California,Binders,Avery Premier Heavy-Duty Binder with Round Locking Rings,22.848,2,7.4256,4,2012,7,32.5,Profit
US-2013-168095,2013-07-16,2013-07-21,Mark Cousins,Portland,Oregon,Chairs,Bevis Steel Folding Chairs,230.28,3,23.028,5,2013,7,10.0,Profit
US-2013-168095,2013-07-16,2013-07-21,Mark Cousins,Portland,Oregon,Paper,Xerox 1909,105.52,5,34.294,5,2013,7,32.49999999999999,Profit
CA-2014-166093,2014-08-18,2014-08-25,Rick Wilson,Brentwood,California,Envelopes,Staples,23.36,2,11.68,7,2014,8,50.0,Profit
CA-2014-166093,2014-08-18,2014-08-25,Rick Wilson,Brentwood,California,Phones,OtterBox Defender Series Case - Samsung Galaxy S4,71.976,3,8.997,7,2014,8,12.5,Profit
CA-2014-166093,2014-08-18,2014-08-25,Rick Wilson,Brentwood,California,Paper,Xerox 1962,8.56,2,3.852,7,2014,8,44.99999999999999,Profit
CA-2014-166093,2014-08-18,2014-08-25,Rick Wilson,Brentwood,California,Binders,"Wilson Jones Clip & Carry Folder Binder Tool for Ring Binders, Clear",13.92,3,4.872,7,2014,8,35.0,Profit
CA-2014-166093,2014-08-18,2014-08-25,Rick Wilson,Brentwood,California,Appliances,Sanyo 2.5 Cubic Foot Mid-Size Office Refrigerators,2518.29,9,654.7554,7,2014,8,26.0,Profit
CA-2014-166093,2014-08-18,2014-08-25,Rick Wilson,Brentwood,California,Storage,Standard Rollaway File with Lock,540.57,3,140.5482,7,2014,8,26.0,Profit
CA-2014-166093,2014-08-18,2014-08-25,Rick Wilson,Brentwood,California,Binders,GBC Recycled Grain Textured Covers,221.056,8,77.3696,7,2014,8,35.0,Profit
CA-2013-146325,2013-12-15,2013-12-18,David Smith,San Diego,California,Chairs,"Global Task Chair, Black",81.424,2,-9.1602,3,2013,12,-11.249999999999998,Loss
CA-2013-146325,2013-12-15,2013-12-18,David Smith,San Diego,California,Storage,"Tenex Personal Project File with Scoop Front Design, Black",134.8,10,35.048,3,2013,12,26.0,Profit
CA-2014-131807,2014-10-06,2014-10-11,Greg Guthrie,Chico,California,Chairs,Global Deluxe High-Back Office Chair in Storm,435.168,4,-59.8356,5,2014,10,-13.749999999999998,Loss
CA-2014-131807,2014-10-06,2014-10-11,Greg Guthrie,Chico,California,Fasteners,Staples,14.9,5,6.854,5,2014,10,46.0,Profit
CA-2014-131807,2014-10-06,2014-10-11,Greg Guthrie,Chico,California,Appliances,"Hoover Replacement Belts For Soft Guard & Commercial Ltweight Upright Vacs, 2/Pk",15.8,4,4.108,5,2014,10,25.999999999999996,Profit
CA-2014-131807,2014-10-06,2014-10-11,Greg Guthrie,Chico,California,Furnishings,DAX Clear Channel Poster Frame,72.9,5,26.973,5,2014,10,36.99999999999999,Profit
CA-2014-131807,2014-10-06,2014-10-11,Greg Guthrie,Chico,California,Tables,KI Adjustable-Height Table,206.352,3,5.1588,5,2014,10,2.5,Profit
CA-2014-131807,2014-10-06,2014-10-11,Greg Guthrie,Chico,California,Phones,"Square Credit Card Reader, 4 1/2"" x 4 1/2"" x 1"", White",7.992,1,2.6973,5,2014,10,33.75,Profit
CA-2012-138219,2012-03-23,2012-03-30,Bart Pistole,Los Angeles,California,Paper,"REDIFORM Incoming/Outgoing Call Register, 11"" X 8 1/2"", 100 Messages",33.36,4,16.68,7,2012,3,50.0,Profit
CA-2013-157707,2013-10-11,2013-10-13,Corey Catlett,Denver,Colorado,Bookcases,"Bush Westfield Collection Bookcases, Dark Cherry Finish, Fully Assembled",90.882,3,-190.8522,2,2013,10,-210.0,Loss
CA-2013-157707,2013-10-11,2013-10-13,Corey Catlett,Denver,Colorado,Phones,iOttie HLCRIO102 Car Mount,15.992,1,-2.9985,2,2013,10,-18.749999999999996,Loss
CA-2013-157707,2013-10-11,2013-10-13,Corey Catlett,Denver,Colorado,Chairs,"Global Manager's Adjustable Task Chair, Storm",120.784,1,13.5882,2,2013,10,11.25,Profit
CA-2012-113040,2012-08-27,2012-08-31,Chad Cunningham,Los Angeles,California,Binders,Avery Heavy-Duty EZD View Binder with Locking Rings,5.104,1,1.6588,4,2012,8,32.5,Profit
CA-2013-151498,2013-04-22,2013-04-25,Duane Noonan,Seattle,Washington,Binders,Round Ring Binders,8.32,5,2.808,3,2013,4,33.75,Profit
US-2012-165743,2012-11-20,2012-11-23,Michelle Moray,Aurora,Colorado,Binders,Wilson Jones Custom Binder Spines & Labels,4.896,3,-3.4272,3,2012,11,-70.0,Loss
US-2012-165743,2012-11-20,2012-11-23,Michelle Moray,Aurora,Colorado,Bookcases,Sauder Barrister Bookcases,145.764,6,-247.7988,3,2012,11,-170.0,Loss
US-2012-165743,2012-11-20,2012-11-23,Michelle Moray,Aurora,Colorado,Binders,Wilson Jones 14 Line Acrylic Coated Pressboard Data Binders,9.612,6,-7.3692,3,2012,11,-76.66666666666667,Loss
US-2014-105998,2014-11-04,2014-11-06,Clay Rozendal,San Diego,California,Accessories,Microsoft Sculpt Comfort Mouse,199.75,5,87.89,2,2014,11,44.0,Profit
US-2014-105998,2014-11-04,2014-11-06,Clay Rozendal,San Diego,California,Tables,Chromcraft Round Conference Tables,1673.184,12,20.9148,2,2014,11,1.25,Profit
US-2011-148194,2011-05-04,2011-05-07,Bill Shonely,Seattle,Washington,Furnishings,"Eldon Regeneration Recycled Desk Accessories, Smoke",12.18,7,3.8976,3,2011,5,32.0,Profit
US-2011-148194,2011-05-04,2011-05-07,Bill Shonely,Seattle,Washington,Appliances,Holmes Odor Grabber,57.68,4,19.0344,3,2011,5,33.0,Profit
CA-2012-110870,2012-12-12,2012-12-15,Karen Daniels,Los Angeles,California,Accessories,Logitech Wireless Marathon Mouse M705,299.94,6,128.9742,3,2012,12,43.0,Profit
CA-2012-110870,2012-12-12,2012-12-15,Karen Daniels,Los Angeles,California,Supplies,Staples,25.76,7,0.5152,3,2012,12,1.9999999999999998,Profit
CA-2013-139808,2013-10-08,2013-10-12,Mick Crebagga,Marysville,Washington,Fasteners,"Alliance Super-Size Bands, Assorted Sizes",93.36,12,0.9336,4,2013,10,1.0,Profit
US-2012-136427,2012-06-20,2012-06-23,Justin MacKendrick,Aurora,Colorado,Phones,Griffin GC36547 PowerJolt SE Lightning Charger,125.944,7,15.743,3,2012,6,12.5,Profit
CA-2014-114804,2014-10-18,2014-10-20,Barry FranzÃ¶sisch,Modesto,California,Phones,Panasonic KX-TG6844B Expandable Digital Cordless Telephone,52.792,1,4.6193,2,2014,10,8.75,Profit
CA-2014-109393,2014-07-01,2014-07-03,John Castell,Los Angeles,California,Bookcases,"Sauder Facets Collection Library, Sky Alder Finish",435.999,3,5.1294,2,2014,7,1.1764705882352942,Profit
CA-2014-121489,2014-08-22,2014-08-26,Candace McMahon,Seattle,Washington,Chairs,"Padded Folding Chairs, Black, 4/Carton",388.704,6,38.8704,4,2014,8,10.0,Profit
CA-2014-121489,2014-08-22,2014-08-26,Candace McMahon,Seattle,Washington,Storage,Fellowes Stor/Drawer Steel Plus Storage Drawers,572.58,6,34.3548,4,2014,8,5.999999999999999,Profit
CA-2014-121489,2014-08-22,2014-08-26,Candace McMahon,Seattle,Washington,Accessories,Kensington K72356US Mouse-in-a-Box USB Desktop Mouse,33.18,2,11.613,4,2014,8,35.0,Profit
CA-2014-165008,2014-09-16,2014-09-18,Doug O'Connell,Salt Lake City,Utah,Binders,"Avery Trapezoid Ring Binder, 3"" Capacity, Black, 1040 sheets",295.056,9,106.9578,2,2014,9,36.25000000000001,Profit
CA-2012-121188,2012-08-28,2012-09-04,Cassandra Brandow,Los Angeles,California,Storage,"Hot File 7-Pocket, Floor Stand",892.35,5,267.705,7,2012,8,30.0,Profit
CA-2012-121188,2012-08-28,2012-09-04,Cassandra Brandow,Los Angeles,California,Bookcases,O'Sullivan 2-Door Barrister Bookcase in Odessa Pine,307.666,2,28.9568,7,2012,8,9.411764705882353,Profit
CA-2012-121188,2012-08-28,2012-09-04,Cassandra Brandow,Los Angeles,California,Storage,Carina Double Wide Media Storage Towers in Natural & Black,728.82,9,29.1528,7,2012,8,3.9999999999999996,Profit
CA-2012-121188,2012-08-28,2012-09-04,Cassandra Brandow,Los Angeles,California,Binders,GBC Wire Binding Combs,41.36,5,13.959,7,2012,8,33.75,Profit
CA-2012-121188,2012-08-28,2012-09-04,Cassandra Brandow,Los Angeles,California,Phones,invisibleSHIELD by ZAGG Smudge-Free Screen Protector,43.176,3,15.1116,7,2012,8,35.0,Profit
CA-2012-121188,2012-08-28,2012-09-04,Cassandra Brandow,Los Angeles,California,Furnishings,Eldon Wave Desk Accessories,4.16,2,1.7472,7,2012,8,42.0,Profit
US-2012-160563,2012-10-20,2012-10-24,Noel Staavos,San Francisco,California,Accessories,Logitech G602 Wireless Gaming Mouse,239.97,3,86.3892,4,2012,10,36.0,Profit
US-2012-160563,2012-10-20,2012-10-24,Noel Staavos,San Francisco,California,Furnishings,Acrylic Self-Standing Desk Frames,16.02,6,6.0876,4,2012,10,38.0,Profit
CA-2012-150714,2012-10-26,2012-11-01,Kristen Hastings,Springfield,Oregon,Labels,Avery 477,146.544,6,47.6268,6,2012,10,32.5,Profit
CA-2012-150714,2012-10-26,2012-11-01,Kristen Hastings,Springfield,Oregon,Paper,Xerox 1914,131.904,3,47.8152,6,2012,10,36.25,Profit
CA-2012-150714,2012-10-26,2012-11-01,Kristen Hastings,Springfield,Oregon,Appliances,Tripp Lite TLP810NET Broadband Surge for Modem/Fax,203.88,5,20.388,6,2012,10,10.0,Profit
CA-2012-150714,2012-10-26,2012-11-01,Kristen Hastings,Springfield,Oregon,Binders,Avery Self-Adhesive Photo Pockets for Polaroid Photos,14.301,7,-10.4874,6,2012,10,-73.33333333333333,Loss
CA-2012-150714,2012-10-26,2012-11-01,Kristen Hastings,Springfield,Oregon,Storage,Fellowes Officeware Wire Shelving,718.64,10,-161.694,6,2012,10,-22.499999999999996,Loss
CA-2013-106621,2013-09-30,2013-10-02,Dario Medina,Yuma,Arizona,Art,Newell 351,10.496,4,1.1808,2,2013,9,11.25,Profit
CA-2012-107020,2012-07-10,2012-07-14,Mike Vittorini,San Bernardino,California,Binders,Large Capacity Hanging Post Binders,39.92,2,12.974,4,2012,7,32.5,Profit
CA-2011-101392,2011-12-07,2011-12-13,Ann Steele,Seattle,Washington,Storage,Advantus Rolling Drawer Organizers,269.36,7,70.0336,6,2011,12,26.0,Profit
CA-2012-127502,2012-12-10,2012-12-14,Meg Tillman,San Francisco,California,Labels,Avery File Folder Labels,5.76,2,2.8224,4,2012,12,49.00000000000001,Profit
CA-2014-133046,2014-07-28,2014-08-02,Dennis Kane,Seattle,Washington,Furnishings,Staples,23.88,3,10.5072,5,2014,7,44.0,Profit
CA-2014-133046,2014-07-28,2014-08-02,Dennis Kane,Seattle,Washington,Paper,"Message Book, Phone, Wirebound Standard Line Memo, 2 3/4"" X 5""",26.2,4,12.052,5,2014,7,46.0,Profit
CA-2014-133046,2014-07-28,2014-08-02,Dennis Kane,Seattle,Washington,Paper,Xerox 227,12.96,2,6.2208,5,2014,7,47.99999999999999,Profit
CA-2014-133046,2014-07-28,2014-08-02,Dennis Kane,Seattle,Washington,Accessories,Sony Micro Vault Click 8 GB USB 2.0 Flash Drive,234.95,5,32.893,5,2014,7,14.000000000000002,Profit
CA-2014-122798,2014-12-29,2015-01-02,Susan Vittorini,Albuquerque,New Mexico,Storage,Eldon Mobile Mega Data Cart  Mega Stackable  Add-On Trays,118.25,5,34.2925,4,2014,12,28.999999999999996,Profit
CA-2014-122798,2014-12-29,2015-01-02,Susan Vittorini,Albuquerque,New Mexico,Paper,Xerox 1953,4.28,1,1.926,4,2014,12,44.99999999999999,Profit
CA-2013-169663,2013-03-11,2013-03-14,Rick Huthwaite,Los Angeles,California,Accessories,Kingston Digital DataTraveler 16GB USB 2.0,26.85,3,5.1015,3,2013,3,18.999999999999996,Profit
CA-2013-169663,2013-03-11,2013-03-14,Rick Huthwaite,Los Angeles,California,Machines,Okidata MB760 Printer,3357.6,3,377.73,3,2013,3,11.25,Profit
CA-2012-149846,2012-05-22,2012-05-26,Sarah Brown,Los Angeles,California,Labels,Avery 476,8.26,2,3.7996,4,2012,5,46.0,Profit
CA-2012-149846,2012-05-22,2012-05-26,Sarah Brown,Los Angeles,California,Machines,Zebra GX420t Direct Thermal/Thermal Transfer Printer,2973.32,7,334.4985,4,2012,5,11.249999999999998,Profit
CA-2012-149846,2012-05-22,2012-05-26,Sarah Brown,Los Angeles,California,Storage,Pizazz Global Quick File,104.79,7,29.3412,4,2012,5,27.999999999999996,Profit
CA-2012-149846,2012-05-22,2012-05-26,Sarah Brown,Los Angeles,California,Phones,Aastra 57i VoIP phone,775.728,6,58.1796,4,2012,5,7.500000000000001,Profit
CA-2014-101014,2014-08-30,2014-09-05,Rick Wilson,Los Angeles,California,Furnishings,Electrix Fluorescent Magnifier Lamps & Weighted Base,148.02,3,41.4456,6,2014,8,27.999999999999996,Profit
US-2014-113201,2014-07-01,2014-07-06,Thomas Thornton,Los Angeles,California,Paper,Xerox 1919,204.95,5,100.4255,5,2014,7,49.00000000000001,Profit
CA-2013-116722,2013-11-12,2013-11-17,Liz Pelletier,San Francisco,California,Furnishings,Magnifier Swing Arm Lamp,41.96,2,10.9096,5,2013,11,25.999999999999996,Profit
CA-2013-116722,2013-11-12,2013-11-17,Liz Pelletier,San Francisco,California,Chairs,Hon Every-Day Series Multi-Task Chairs,451.152,3,0.0,5,2013,11,0.0,No Profit No Loss
CA-2013-116722,2013-11-12,2013-11-17,Liz Pelletier,San Francisco,California,Binders,Avery Poly Binder Pockets,31.504,11,11.0264,5,2013,11,35.0,Profit
US-2014-150070,2014-09-08,2014-09-13,Joseph Airdo,Modesto,California,Chairs,Global Low Back Tilter Chair,161.568,2,-28.2744,5,2014,9,-17.5,Loss
CA-2011-127866,2011-07-20,2011-07-23,Jonathan Doherty,Riverside,California,Accessories,"Maxell 74 Minute CD-R Spindle, 50/Pack",41.94,2,15.0984,3,2011,7,36.00000000000001,Profit
CA-2011-127866,2011-07-20,2011-07-23,Jonathan Doherty,Riverside,California,Paper,Xerox 1965,11.96,2,5.8604,3,2011,7,49.0,Profit
CA-2011-127866,2011-07-20,2011-07-23,Jonathan Doherty,Riverside,California,Art,Newell 348,13.12,4,3.8048,3,2011,7,29.000000000000004,Profit
CA-2011-127866,2011-07-20,2011-07-23,Jonathan Doherty,Riverside,California,Storage,"Hot File 7-Pocket, Floor Stand",535.41,3,160.623,3,2011,7,30.0,Profit
CA-2012-121776,2012-02-16,2012-02-21,Rob Dowd,Los Angeles,California,Paper,Xerox 1881,36.84,3,17.3148,5,2012,2,47.0,Profit
CA-2012-121776,2012-02-16,2012-02-21,Rob Dowd,Los Angeles,California,Labels,Avery 485,87.71,7,41.2237,5,2012,2,47.0,Profit
CA-2013-100993,2013-02-05,2013-02-10,Annie Zypern,San Diego,California,Labels,Avery 508,14.73,3,7.2177,5,2013,2,49.0,Profit
CA-2013-100993,2013-02-05,2013-02-10,Annie Zypern,San Diego,California,Storage,"Fellowes Mobile File Cart, Black",186.54,3,50.3658,5,2013,2,27.0,Profit
CA-2013-100993,2013-02-05,2013-02-10,Annie Zypern,San Diego,California,Tables,Chromcraft Round Conference Tables,557.728,4,6.9716,5,2013,2,1.25,Profit
CA-2013-100993,2013-02-05,2013-02-10,Annie Zypern,San Diego,California,Phones,Anker Astro 15000mAh USB Portable Charger,159.968,4,-31.9936,5,2013,2,-20.0,Loss
US-2013-131058,2013-12-28,2014-01-01,Eugene Moren,Santa Ana,California,Labels,Avery File Folder Labels,20.16,7,9.8784,4,2013,12,48.99999999999999,Profit
CA-2014-140151,2014-03-24,2014-03-26,Raymond Buch,Seattle,Washington,Storage,Acco Perma 4000 Stacking Storage Drawers,32.48,2,4.872,2,2014,3,15.000000000000002,Profit
CA-2014-140151,2014-03-24,2014-03-26,Raymond Buch,Seattle,Washington,Paper,Xerox 1898,20.04,3,9.6192,2,2014,3,48.0,Profit
CA-2014-140151,2014-03-24,2014-03-26,Raymond Buch,Seattle,Washington,Copiers,Canon imageCLASS 2200 Advanced Copier,13999.96,4,6719.9808,2,2014,3,48.00000000000001,Profit
CA-2013-103464,2013-11-19,2013-11-23,Patrick Gardner,San Diego,California,Accessories,WD My Passport Ultra 2TB Portable External Hard Drive,595.0,5,95.2,4,2013,11,16.0,Profit
CA-2012-168207,2012-11-02,2012-11-06,Liz Thompson,San Diego,California,Furnishings,Contemporary Wood/Metal Frame,96.96,6,33.936,4,2012,11,35.0,Profit
CA-2012-168207,2012-11-02,2012-11-06,Liz Thompson,San Diego,California,Binders,GBC Premium Transparent Covers with Diagonal Lined Pattern,117.488,7,41.1208,4,2012,11,35.0,Profit
CA-2012-168207,2012-11-02,2012-11-06,Liz Thompson,San Diego,California,Binders,Cardinal Holdit Business Card Pockets,11.952,3,4.1832,4,2012,11,35.0,Profit
CA-2012-168207,2012-11-02,2012-11-06,Liz Thompson,San Diego,California,Bookcases,O'Sullivan Living Dimensions 3-Shelf Bookcases,512.499,3,-30.147,4,2012,11,-5.88235294117647,Loss
CA-2013-144148,2013-08-01,2013-08-06,Anna HÃ¤berlin,San Francisco,California,Tables,Laminate Occasional Tables,863.128,7,-32.3673,5,2013,8,-3.75,Loss
CA-2014-107174,2014-11-07,2014-11-14,Adam Bellavance,Seattle,Washington,Tables,Hon 5100 Series Wood Tables,2036.86,7,366.6348,7,2014,11,18.0,Profit
CA-2014-107174,2014-11-07,2014-11-14,Adam Bellavance,Seattle,Washington,Chairs,Hon 2090 “Pillow Soft” Series Mid Back Swivel/Tilt Chairs,449.568,2,-73.0548,7,2014,11,-16.25,Loss
CA-2014-107174,2014-11-07,2014-11-14,Adam Bellavance,Seattle,Washington,Accessories,SanDisk Cruzer 64 GB USB Flash Drive,108.96,3,32.688,7,2014,11,30.000000000000004,Profit
CA-2011-114125,2011-07-09,2011-07-13,Gary Hansen,Los Angeles,California,Labels,Avery 49,2.88,1,1.4112,4,2011,7,49.00000000000001,Profit
CA-2011-114125,2011-07-09,2011-07-13,Gary Hansen,Los Angeles,California,Binders,Wilson Jones Leather-Like Binders with DublLock Round Rings,41.904,6,14.1426,4,2011,7,33.75,Profit
CA-2011-114125,2011-07-09,2011-07-13,Gary Hansen,Los Angeles,California,Storage,"Perma STOR-ALL Hanging File Box, 13 1/8""W x 12 1/4""D x 10 1/2""H",23.92,4,4.0664,4,2011,7,17.0,Profit
CA-2014-149699,2014-12-23,2014-12-25,Chad McGuire,Los Angeles,California,Accessories,Kensington Expert Mouse Optical USB Trackball for PC or Mac,474.95,5,142.485,2,2014,12,30.000000000000004,Profit
CA-2013-166429,2013-09-03,2013-09-09,Toby Gnade,Des Moines,Washington,Copiers,Hewlett Packard 610 Color Digital Copier / Printer,999.98,2,449.991,6,2013,9,44.99999999999999,Profit
CA-2012-112767,2012-08-02,2012-08-06,Darren Koutras,Springfield,Oregon,Tables,Balt Split Level Computer Training Table,277.5,4,-188.7,4,2012,8,-68.0,Loss
CA-2012-136700,2012-12-06,2012-12-11,David Bremer,Santa Barbara,California,Paper,Spiral Phone Message Books with Labels by Adams,8.96,2,4.3904,5,2012,12,48.99999999999999,Profit
CA-2013-104633,2013-06-13,2013-06-17,Erin Ashbrook,Pasadena,California,Paper,"IBM Multi-Purpose Copy Paper, 8 1/2 x 11"", Case",185.88,6,83.646,4,2013,6,45.0,Profit
CA-2013-104633,2013-06-13,2013-06-17,Erin Ashbrook,Pasadena,California,Paper,Xerox 228,12.96,2,6.2208,4,2013,6,47.99999999999999,Profit
CA-2011-158225,2011-09-22,2011-09-28,Sanjit Engle,San Jose,California,Storage,"File Shuttle II and Handi-File, Black",169.45,5,42.3625,6,2011,9,25.0,Profit
CA-2011-158225,2011-09-22,2011-09-28,Sanjit Engle,San Jose,California,Storage,Tennsco Commercial Shelving,40.68,2,0.4068,6,2011,9,1.0,Profit
CA-2011-109897,2011-08-12,2011-08-16,Ben Wallace,San Francisco,California,Phones,BlackBerry Q10,806.336,8,50.396,4,2011,8,6.25,Profit
CA-2011-109897,2011-08-12,2011-08-16,Ben Wallace,San Francisco,California,Furnishings,"Seth Thomas 14"" Day/Date Wall Clock",85.44,3,31.6128,4,2011,8,37.0,Profit
CA-2014-152310,2014-08-13,2014-08-20,Dana Kaydos,Seattle,Washington,Copiers,Hewlett Packard 310 Color Digital Copier,299.99,1,89.997,7,2014,8,30.0,Profit
CA-2014-152310,2014-08-13,2014-08-20,Dana Kaydos,Seattle,Washington,Paper,Xerox 1937,192.16,4,92.2368,7,2014,8,48.00000000000001,Profit
CA-2014-152310,2014-08-13,2014-08-20,Dana Kaydos,Seattle,Washington,Phones,Grandstream GXP1160 VoIP phone,242.624,8,27.2952,7,2014,8,11.25,Profit
CA-2014-152310,2014-08-13,2014-08-20,Dana Kaydos,Seattle,Washington,Storage,Personal File Boxes with Fold-Down Carry Handle,46.74,3,11.685,7,2014,8,25.0,Profit
CA-2014-152310,2014-08-13,2014-08-20,Dana Kaydos,Seattle,Washington,Accessories,"Perixx PERIBOARD-512B, Ergonomic Split Keyboard",174.95,5,12.2465,7,2014,8,7.000000000000001,Profit
CA-2014-152310,2014-08-13,2014-08-20,Dana Kaydos,Seattle,Washington,Binders,Avery Legal 4-Ring Binder,100.704,6,37.764,7,2014,8,37.50000000000001,Profit
CA-2013-139549,2013-10-21,2013-10-26,Muhammed Yedwab,El Cajon,California,Chairs,Hon Every-Day Chair Series Swivel Task Chairs,387.136,4,4.8392,5,2013,10,1.25,Profit
US-2014-168802,2014-11-04,2014-11-08,Jack O'Briant,Seattle,Washington,Binders,Binder Posts,18.368,4,5.9696,4,2014,11,32.5,Profit
US-2011-103338,2011-03-11,2011-03-15,Richard Bierner,Roseville,California,Art,Economy #2 Pencils,7.98,3,2.0748,4,2011,3,26.0,Profit
US-2014-167318,2014-07-27,2014-08-02,George Zrebassa,Los Angeles,California,Accessories,Logitech Z-906 Speaker sys - home theater - 5.1-CH,1649.95,5,659.98,6,2014,7,40.0,Profit
US-2014-167318,2014-07-27,2014-08-02,George Zrebassa,Los Angeles,California,Chairs,"Global Airflow Leather Mesh Back Chair, Black",362.352,3,45.294,6,2014,7,12.5,Profit
US-2011-120313,2011-10-31,2011-11-02,Nancy Lomonaco,San Francisco,California,Phones,Motorola L804,73.584,2,8.2782,2,2011,10,11.249999999999998,Profit
CA-2014-135419,2014-11-04,2014-11-10,Bruce Geld,Bakersfield,California,Tables,"SAFCO PlanMaster Boards, 60w x 37-1/2d, White Melamine",486.368,4,36.4776,6,2014,11,7.500000000000001,Profit
CA-2013-149335,2013-07-26,2013-07-26,Becky Castell,San Francisco,California,Art,Newell 325,37.17,9,11.151,0,2013,7,30.0,Profit
CA-2014-135076,2014-04-14,2014-04-18,Yana Sorensen,Hesperia,California,Chairs,"Global Wood Trimmed Manager's Task Chair, Khaki",436.704,6,-38.2116,4,2014,4,-8.75,Loss
CA-2014-141481,2014-06-12,2014-06-15,Zuschuss Donatelli,Los Angeles,California,Appliances,Kensington 6 Outlet Guardian Standard Surge Protector,61.44,3,16.5888,3,2014,6,27.0,Profit
CA-2011-110555,2011-04-11,2011-04-18,Michelle Moray,Great Falls,Montana,Storage,Eldon Simplefile Box Office,87.08,7,24.3824,7,2011,4,28.000000000000004,Profit
CA-2011-110555,2011-04-11,2011-04-18,Michelle Moray,Great Falls,Montana,Phones,AT&T SB67148 SynJ,105.584,2,9.2386,7,2011,4,8.75,Profit
CA-2011-110555,2011-04-11,2011-04-18,Michelle Moray,Great Falls,Montana,Accessories,Memorex Mini Travel Drive 64 GB USB 2.0 Flash Drive,217.44,6,91.3248,7,2011,4,42.0,Profit
CA-2014-157273,2014-01-31,2014-02-03,Sam Zeldin,Seattle,Washington,Phones,Mitel 5320 IP Phone VoIP phone,604.768,4,60.4768,3,2014,1,10.0,Profit
CA-2011-109918,2011-09-07,2011-09-12,Lisa Ryan,Santa Clara,California,Supplies,"Acme Design Line 8"" Stainless Steel Bent Scissors w/Champagne Handles, 3-1/8"" Cut",27.36,4,7.3872,5,2011,9,27.0,Profit
CA-2011-109918,2011-09-07,2011-09-12,Lisa Ryan,Santa Clara,California,Paper,"Message Book, Wirebound, Four 5 1/2"" X 4"" Forms/Pg., 200 Dupl. Sets/Book",20.56,2,9.6632,5,2011,9,47.0,Profit
CA-2011-109918,2011-09-07,2011-09-12,Lisa Ryan,Santa Clara,California,Binders,Avery Legal 4-Ring Binder,83.92,5,31.47,5,2011,9,37.5,Profit
CA-2013-118745,2013-06-12,2013-06-17,Seth Vernon,Los Angeles,California,Tables,Bretford Rectangular Conference Table Tops,902.712,3,33.8517,5,2013,6,3.75,Profit
CA-2013-163972,2013-10-18,2013-10-22,Michael Granlund,Fresno,California,Bookcases,"Safco Value Mate Steel Bookcase, Baked Enamel Finish on Steel, Black",120.666,2,21.294,4,2013,10,17.647058823529413,Profit
CA-2013-113726,2013-11-25,2013-12-02,Steve Carroll,Seattle,Washington,Furnishings,Howard Miller Distant Time Traveler Alarm Clock,82.26,3,33.7266,7,2013,11,40.99999999999999,Profit
CA-2013-152940,2013-11-11,2013-11-14,Rose O'Brian,San Francisco,California,Storage,Acco Perma 2700 Stacking Storage Drawers,29.74,1,4.461,3,2013,11,15.000000000000002,Profit
CA-2012-158701,2012-01-05,2012-01-10,James Lanier,San Francisco,California,Appliances,Acco 6 Outlet Guardian Premium Surge Suppressor,87.36,6,23.5872,5,2012,1,27.0,Profit
CA-2012-158701,2012-01-05,2012-01-10,James Lanier,San Francisco,California,Binders,Fellowes Binding Cases,56.16,6,17.55,5,2012,1,31.250000000000007,Profit
CA-2013-134544,2013-03-18,2013-03-20,Anna Chung,San Francisco,California,Phones,i.Sound Portable Power - 8000 mAh,84.784,2,-20.1362,2,2013,3,-23.749999999999996,Loss
CA-2014-137582,2014-09-05,2014-09-09,Cynthia Voltz,Oakland,California,Binders,Pressboard Hanging Data Binders for Unburst Sheets,11.808,3,4.1328,4,2014,9,35.0,Profit
CA-2014-153227,2014-12-05,2014-12-07,Chris Selesnick,Los Angeles,California,Paper,"Adams Telephone Message Book W/Dividers/Space For Phone Numbers, 5 1/4""X8 1/2"", 300/Messages",11.76,2,5.7624,2,2014,12,49.00000000000001,Profit
CA-2012-133837,2012-04-13,2012-04-18,Thea Hendricks,Glendale,Arizona,Storage,"Neat Ideas Personal Hanging Folder Files, Black",10.744,1,0.8058,5,2012,4,7.5,Profit
CA-2013-154067,2013-02-01,2013-02-07,Suzanne McNair,Los Angeles,California,Paper,Xerox 1883,105.52,4,48.5392,6,2013,2,46.0,Profit
CA-2012-134082,2012-12-11,2012-12-17,Jim Kriz,San Bernardino,California,Binders,GBC Recycled Grain Textured Covers,110.528,4,38.6848,6,2012,12,35.0,Profit
CA-2014-118199,2014-05-10,2014-05-12,Laurel Beltran,Seattle,Washington,Binders,"GBC Velobind Prepunched Cover Sets, Regency Series",147.92,5,46.225,2,2014,5,31.250000000000007,Profit
CA-2014-118199,2014-05-10,2014-05-12,Laurel Beltran,Seattle,Washington,Storage,Home/Office Personal File Carts,104.28,3,26.07,2,2014,5,25.0,Profit
CA-2014-118199,2014-05-10,2014-05-12,Laurel Beltran,Seattle,Washington,Tables,"Riverside Furniture Oval Coffee Table, Oval End Table, End Table with Drawer",286.85,1,63.107,2,2014,5,21.999999999999996,Profit
CA-2014-118199,2014-05-10,2014-05-12,Laurel Beltran,Seattle,Washington,Storage,Rogers Profile Extra Capacity Storage Tub,66.96,4,2.6784,2,2014,5,4.0,Profit
CA-2014-118199,2014-05-10,2014-05-12,Laurel Beltran,Seattle,Washington,Accessories,Razer Kraken 7.1 Surround Sound Over Ear USB Gaming Headset,199.98,2,87.9912,2,2014,5,44.00000000000001,Profit
CA-2012-128356,2012-10-02,2012-10-07,Resi PÃ¶lking,Thornton,Colorado,Supplies,"Acme Design Line 8"" Stainless Steel Bent Scissors w/Champagne Handles, 3-1/8"" Cut",10.944,2,0.9576,5,2012,10,8.75,Profit
US-2014-132220,2014-11-13,2014-11-17,Don Jones,Tempe,Arizona,Accessories,SanDisk Ultra 16 GB MicroSDHC Class 10 Memory Card,62.352,6,-10.9116,4,2014,11,-17.5,Loss
CA-2012-151470,2012-09-20,2012-09-26,Anne McFarland,Las Vegas,Nevada,Binders,Wilson Jones Impact Binders,45.584,11,16.5242,6,2012,9,36.25,Profit
CA-2011-108861,2011-05-28,2011-06-01,Magdelene Morse,Seattle,Washington,Binders,"Green Canvas Binder for 8-1/2"" x 14"" Sheets",136.96,4,51.36,4,2011,5,37.5,Profit
CA-2014-145779,2014-05-07,2014-05-11,Doug Bickford,Tucson,Arizona,Paper,Xerox 1883,84.416,4,27.4352,4,2014,5,32.5,Profit
CA-2011-131387,2011-04-28,2011-04-30,Arianne Irving,San Francisco,California,Phones,Samsung Galaxy Mega 6.3,1679.96,5,125.997,2,2011,4,7.5,Profit
CA-2013-154081,2013-05-23,2013-05-30,Jim Epp,Los Angeles,California,Phones,Nortel Business Series Terminal T7208 Digital phone,222.384,2,22.2384,7,2013,5,10.0,Profit
CA-2011-100881,2011-03-28,2011-04-01,Daniel Raglin,Albuquerque,New Mexico,Phones,AT&T TR1909W,302.376,3,22.6782,4,2011,3,7.500000000000001,Profit
CA-2012-144043,2012-05-10,2012-05-15,Alan Barnes,Louisville,Colorado,Accessories,Belkin Standard 104 key USB Keyboard,46.688,4,-2.918,5,2012,5,-6.25,Loss
CA-2013-168557,2013-09-20,2013-09-24,Frank Hawley,San Francisco,California,Binders,Avery Heavy-Duty EZD  Binder With Locking Rings,8.928,2,3.1248,4,2013,9,35.0,Profit
CA-2014-134880,2014-10-28,2014-11-02,Tamara Willingham,Mesa,Arizona,Paper,Xerox 1882,44.784,1,16.2342,5,2014,10,36.25000000000001,Profit
CA-2014-158736,2014-12-19,2014-12-25,Tonja Turnell,San Francisco,California,Art,Newell 335,5.76,2,1.6704,6,2014,12,29.000000000000004,Profit
US-2013-119270,2013-03-13,2013-03-17,Scot Wooten,Los Angeles,California,Paper,Hammermill Color Copier Paper (28Lb. and 96 Bright),19.98,2,8.991,4,2013,3,44.99999999999999,Profit
CA-2014-142391,2014-09-25,2014-09-25,Philip Brown,Seattle,Washington,Furnishings,12-1/2 Diameter Round Wall Clock,199.8,10,71.928,0,2014,9,36.0,Profit
CA-2014-124716,2014-03-28,2014-04-01,Brendan Dodson,Fresno,California,Paper,Xerox 1982,45.68,2,21.0128,4,2014,3,46.0,Profit
CA-2014-124716,2014-03-28,2014-04-01,Brendan Dodson,Fresno,California,Paper,Xerox 1913,110.96,2,53.2608,4,2014,3,48.00000000000001,Profit
CA-2014-124716,2014-03-28,2014-04-01,Brendan Dodson,Fresno,California,Paper,Unpadded Memo Slips,11.94,3,5.97,4,2014,3,50.0,Profit
CA-2014-106824,2014-07-08,2014-07-12,Annie Thurman,Los Angeles,California,Fasteners,"Brites Rubber Bands, 1 1/2 oz. Box",5.94,3,0.1188,4,2014,7,2.0,Profit
CA-2013-143154,2013-12-03,2013-12-09,Alan Schoenberger,Longmont,Colorado,Accessories,WD My Passport Ultra 1TB Portable External Hard Drive,165.6,3,-6.21,6,2013,12,-3.75,Loss
CA-2012-102316,2012-02-29,2012-03-03,Dave Hallsten,Los Angeles,California,Phones,Square Credit Card Reader,15.984,2,1.1988,3,2012,2,7.500000000000001,Profit
CA-2012-102316,2012-02-29,2012-03-03,Dave Hallsten,Los Angeles,California,Chairs,Global Deluxe Steno Chair,184.752,3,-20.7846,3,2012,2,-11.25,Loss
CA-2011-164903,2011-02-21,2011-02-25,Steven Roelle,Los Angeles,California,Paper,Xerox 204,12.96,2,6.2208,4,2011,2,47.99999999999999,Profit
CA-2014-133074,2014-09-22,2014-09-26,Doug Bickford,San Francisco,California,Paper,"Adams Telephone Message Book w/Frequently-Called Numbers Space, 400 Messages per Book",55.86,7,27.93,4,2014,9,50.0,Profit
CA-2014-137624,2014-11-11,2014-11-18,Maria Etezadi,Los Angeles,California,Chairs,"Global Leather & Oak Executive Chair, Burgundy",241.424,2,-36.2136,7,2014,11,-15.0,Loss
US-2011-163146,2011-05-16,2011-05-20,Cindy Chapman,San Francisco,California,Accessories,Imation Clip USB flash drive - 8 GB,56.4,3,3.384,4,2011,5,6.0,Profit
CA-2014-147354,2014-03-10,2014-03-14,Karl Braun,Los Angeles,California,Copiers,Hewlett Packard 310 Color Digital Copier,479.984,2,59.998,4,2014,3,12.5,Profit
CA-2014-147354,2014-03-10,2014-03-14,Karl Braun,Los Angeles,California,Binders,DXL Angle-View Binders with Locking Rings by Samsill,30.84,5,9.6375,4,2014,3,31.25,Profit
CA-2012-149566,2012-12-05,2012-12-10,George Bell,Los Angeles,California,Accessories,Memorex Micro Travel Drive 8 GB,39.0,3,17.55,5,2012,12,45.0,Profit
CA-2012-149566,2012-12-05,2012-12-10,George Bell,Los Angeles,California,Labels,Avery 488,12.6,4,6.048,5,2012,12,48.00000000000001,Profit
CA-2012-126186,2012-09-11,2012-09-12,George Bell,Aurora,Colorado,Furnishings,Deflect-O Glasstique Clear Desk Accessories,24.64,4,4.004,1,2012,9,16.249999999999996,Profit
CA-2011-159849,2011-09-19,2011-09-19,Jim Kriz,San Francisco,California,Fasteners,Revere Boxed Rubber Bands by Revere,5.67,3,0.1134,0,2011,9,2.0,Profit
CA-2011-104808,2011-02-05,2011-02-09,Mark Haberlin,Escondido,California,Binders,"GBC Standard Recycled Report Covers, Clear Plastic Sheets",17.248,2,6.0368,4,2011,2,35.0,Profit
CA-2014-162012,2014-07-12,2014-07-19,Karen Bern,Los Angeles,California,Accessories,Logitech P710e Mobile Speakerphone,1287.45,5,244.6155,7,2014,7,19.0,Profit
CA-2014-162012,2014-07-12,2014-07-19,Karen Bern,Los Angeles,California,Appliances,Fellowes 8 Outlet Superior Workstation Surge Protector w/o Phone/Fax/Modem Protection,168.1,5,43.706,7,2014,7,26.0,Profit
CA-2014-101700,2014-04-24,2014-04-27,Sean O'Donnell,Greeley,Colorado,Envelopes,Staples,18.688,2,7.008,3,2014,4,37.5,Profit
CA-2014-101700,2014-04-24,2014-04-27,Sean O'Donnell,Greeley,Colorado,Furnishings,"Eldon ImÃ ge Series Desk Accessories, Clear",11.664,3,3.3534,3,2014,4,28.750000000000004,Profit
US-2013-117387,2013-10-28,2013-11-01,Pete Armstrong,San Francisco,California,Binders,Avery Legal 4-Ring Binder,67.136,4,25.176,4,2013,10,37.5,Profit
CA-2011-141110,2011-11-26,2011-12-01,Luke Schmidt,Fresno,California,Binders,Wilson Jones Easy Flow II Sheet Lifters,4.32,3,1.512,5,2011,11,35.0,Profit
CA-2011-141110,2011-11-26,2011-12-01,Luke Schmidt,Fresno,California,Paper,Xerox 1970,14.94,3,7.0218,5,2011,11,47.0,Profit
CA-2011-141110,2011-11-26,2011-12-01,Luke Schmidt,Fresno,California,Appliances,Fellowes Mighty 8 Compact Surge Protector,40.54,2,11.3512,5,2011,11,28.000000000000004,Profit
CA-2011-141110,2011-11-26,2011-12-01,Luke Schmidt,Fresno,California,Binders,SpineVue Locking Slant-D Ring Binders by Cardinal,7.312,1,2.5592,5,2011,11,35.0,Profit
US-2011-133949,2011-12-31,2011-12-31,James Lanier,Reno,Nevada,Phones,Panasonic KX TS3282W Corded phone,475.944,7,59.493,0,2011,12,12.5,Profit
CA-2014-123624,2014-11-14,2014-11-18,Sanjit Engle,Oxnard,California,Accessories,Kensington K72356US Mouse-in-a-Box USB Desktop Mouse,82.95,5,29.0325,4,2014,11,35.0,Profit
CA-2013-146437,2013-01-28,2013-02-01,Henry Goldwyn,Los Angeles,California,Art,Newell 345,39.68,2,10.3168,4,2013,1,26.0,Profit
CA-2013-138233,2013-11-10,2013-11-15,Philip Fox,Oakland,California,Accessories,Logitech Wireless Gaming Headset G930,479.97,3,177.5889,5,2013,11,37.0,Profit
CA-2013-165918,2013-09-11,2013-09-15,Bryan Davis,Edmonds,Washington,Labels,Avery 487,7.38,2,3.4686,4,2013,9,47.0,Profit
CA-2013-165918,2013-09-11,2013-09-15,Bryan Davis,Edmonds,Washington,Binders,Storex Dura Pro Binders,14.256,3,4.455,4,2013,9,31.25,Profit
CA-2013-165918,2013-09-11,2013-09-15,Bryan Davis,Edmonds,Washington,Paper,Xerox 1945,81.98,2,40.1702,4,2013,9,49.0,Profit
CA-2013-165918,2013-09-11,2013-09-15,Bryan Davis,Edmonds,Washington,Binders,JM Magazine Binder,39.624,3,13.8684,4,2013,9,35.0,Profit
CA-2014-117513,2014-03-04,2014-03-09,Bill Tyler,Los Angeles,California,Tables,"Lesro Sheffield Collection Coffee Table, End Table, Center Table, Corner Table",399.672,7,-14.9877,5,2014,3,-3.75,Loss
US-2013-114230,2013-11-28,2013-12-02,Chris McAfee,Phoenix,Arizona,Storage,Eldon Simplefile Box Office,39.808,4,3.9808,4,2013,11,10.0,Profit
CA-2012-156118,2012-12-08,2012-12-12,Henry Goldwyn,Colorado Springs,Colorado,Paper,Southworth Parchment Paper & Envelopes,15.696,3,5.1012,4,2012,12,32.5,Profit
CA-2014-151281,2014-04-28,2014-05-03,Henry MacAllister,Seattle,Washington,Furnishings,Luxo Economy Swing Arm Lamp,139.58,7,39.0824,5,2014,4,27.999999999999996,Profit
CA-2014-147767,2014-12-03,2014-12-03,Susan Vittorini,Peoria,Arizona,Binders,Vinyl Sectional Post Binders,67.86,6,-45.24,0,2014,12,-66.66666666666667,Loss
CA-2013-113341,2013-11-26,2013-11-30,Mark Hamilton,Los Angeles,California,Chairs,"Padded Folding Chairs, Black, 4/Carton",194.352,3,19.4352,4,2013,11,10.0,Profit
CA-2011-142769,2011-09-13,2011-09-13,Resi PÃ¶lking,Seattle,Washington,Fasteners,OIC Thumb-Tacks,5.7,5,2.679,0,2011,9,47.0,Profit
CA-2011-142769,2011-09-13,2011-09-13,Resi PÃ¶lking,Seattle,Washington,Furnishings,C-Line Cubicle Keepers Polyproplyene Holder With Velcro Backings,14.19,3,5.5341,0,2011,9,38.99999999999999,Profit
CA-2011-142769,2011-09-13,2011-09-13,Resi PÃ¶lking,Seattle,Washington,Supplies,Acme Value Line Scissors,7.3,2,2.19,0,2011,9,30.0,Profit
CA-2011-142769,2011-09-13,2011-09-13,Resi PÃ¶lking,Seattle,Washington,Accessories,Logitech Wireless Performance Mouse MX for PC and Mac,199.98,2,75.9924,0,2011,9,38.00000000000001,Profit
CA-2011-142769,2011-09-13,2011-09-13,Resi PÃ¶lking,Seattle,Washington,Accessories,Memorex Mini Travel Drive 64 GB USB 2.0 Flash Drive,144.96,4,60.8832,0,2011,9,42.0,Profit
CA-2011-142769,2011-09-13,2011-09-13,Resi PÃ¶lking,Seattle,Washington,Accessories,WD My Passport Ultra 500GB Portable External Hard Drive,118.0,2,20.06,0,2011,9,17.0,Profit
CA-2011-142769,2011-09-13,2011-09-13,Resi PÃ¶lking,Seattle,Washington,Paper,Xerox 1942,48.94,1,24.47,0,2011,9,50.0,Profit
CA-2011-142769,2011-09-13,2011-09-13,Resi PÃ¶lking,Seattle,Washington,Appliances,"Holmes Replacement Filter for HEPA Air Cleaner, Medium Room",22.66,2,9.7438,0,2011,9,43.0,Profit
CA-2014-126634,2014-03-31,2014-04-02,Alan Barnes,Lakewood,California,Furnishings,Flat Face Poster Frame,94.2,5,39.564,2,2014,3,42.0,Profit
CA-2013-118500,2013-11-18,2013-11-19,Heather Jas,San Francisco,California,Supplies,Acme Tagit Stainless Steel Antibacterial Scissors,49.5,5,13.365,1,2013,11,27.0,Profit
CA-2013-149916,2013-12-23,2013-12-25,Emily Ducich,Seattle,Washington,Binders,Wilson Jones International Size A4 Ring Binders,55.36,4,19.376,2,2013,12,35.0,Profit
CA-2013-149916,2013-12-23,2013-12-25,Emily Ducich,Seattle,Washington,Machines,Texas Instrument TI-15 Fraction Calculator,11.56,1,3.757,2,2013,12,32.5,Profit
CA-2012-158918,2012-12-20,2012-12-25,Arianne Irving,Los Angeles,California,Paper,Staples,17.12,4,7.704,5,2012,12,44.99999999999999,Profit
CA-2014-101665,2014-11-26,2014-12-02,Tracy Zic,San Francisco,California,Art,DIXON Oriole Pencils,5.16,2,1.3416,6,2014,11,25.999999999999996,Profit
CA-2013-155446,2013-12-17,2013-12-24,Tanja Norvell,San Diego,California,Accessories,Imation USB 2.0 Swivel Flash Drive USB flash drive - 4 GB - Pink,21.21,7,4.4541,7,2013,12,21.000000000000004,Profit
CA-2013-144015,2013-06-27,2013-06-27,Adam Hart,Los Angeles,California,Supplies,Premier Electric Letter Opener,231.72,2,11.586,0,2013,6,5.0,Profit
CA-2013-144015,2013-06-27,2013-06-27,Adam Hart,Los Angeles,California,Fasteners,OIC Binder Clips,17.9,5,8.95,0,2013,6,50.0,Profit
CA-2013-144015,2013-06-27,2013-06-27,Adam Hart,Los Angeles,California,Paper,"Ampad Phone Message Book, Recycled, 400 Message Capacity, 5 ¾” x 11”",12.48,2,5.616,0,2013,6,44.99999999999999,Profit
CA-2013-118311,2013-10-25,2013-10-29,Emily Ducich,San Francisco,California,Accessories,NETGEAR N750 Dual Band Wi-Fi Gigabit Router,450.0,5,162.0,4,2013,10,36.0,Profit
CA-2014-127096,2014-09-16,2014-09-18,Christopher Schild,San Francisco,California,Tables,Bretford Rectangular Conference Table Tops,300.904,1,11.2839,2,2014,9,3.75,Profit
US-2011-132745,2011-10-01,2011-10-05,Neil FranzÃ¶sisch,Reno,Nevada,Fasteners,Sterling Rubber Bands by Alliance,4.71,1,0.0,4,2011,10,0.0,No Profit No Loss
CA-2011-119144,2011-11-16,2011-11-18,Justin Deggeller,Los Angeles,California,Phones,OtterBox Commuter Series Case - Samsung Galaxy S4,79.968,4,-17.9928,2,2011,11,-22.499999999999996,Loss
CA-2011-119144,2011-11-16,2011-11-18,Justin Deggeller,Los Angeles,California,Bookcases,"Bush Andora Bookcase, Maple/Graphite Gray Finish",305.9745,3,25.1979,2,2011,11,8.23529411764706,Profit
CA-2011-119144,2011-11-16,2011-11-18,Justin Deggeller,Los Angeles,California,Storage,Space Solutions HD Industrial Steel Shelving.,344.91,3,10.3473,2,2011,11,3.0,Profit
CA-2011-105648,2011-03-03,2011-03-07,Eva Jacobs,San Diego,California,Tables,"Bevis Oval Conference Table, Walnut",626.352,3,-23.4882,4,2011,3,-3.75,Loss
US-2012-145422,2012-12-03,2012-12-07,Pierre Wener,San Francisco,California,Bookcases,"Sauder Forest Hills Library, Woodland Oak Finish",359.499,3,-29.6058,4,2012,12,-8.235294117647058,Loss
CA-2014-136623,2014-07-12,2014-07-17,Tom Stivers,San Diego,California,Phones,Belkin iPhone and iPad Lightning Cable,71.952,6,5.3964,5,2014,7,7.5,Profit
CA-2014-136623,2014-07-12,2014-07-17,Tom Stivers,San Diego,California,Binders,"Acco Four Pocket Poly Ring Binder with Label Holder, Smoke, 1""",29.8,5,9.3125,5,2014,7,31.25,Profit
CA-2014-148145,2014-03-19,2014-03-24,Scott Williamson,Seattle,Washington,Art,Deluxe Chalkboard Eraser Cleaner,46.2,4,21.252,5,2014,3,46.0,Profit
CA-2014-116988,2014-06-28,2014-06-30,Pauline Webber,Seattle,Washington,Paper,Xerox 1997,19.44,3,9.3312,2,2014,6,48.00000000000001,Profit
CA-2014-116988,2014-06-28,2014-06-30,Pauline Webber,Seattle,Washington,Furnishings,Executive Impressions Supervisor Wall Clock,126.3,3,40.416,2,2014,6,32.0,Profit
CA-2014-116988,2014-06-28,2014-06-30,Pauline Webber,Seattle,Washington,Accessories,Logitech P710e Mobile Speakerphone,1287.45,5,244.6155,2,2014,6,19.0,Profit
US-2012-144771,2012-10-02,2012-10-04,Chloris Kastensmidt,Hillsboro,Oregon,Furnishings,9-3/4 Diameter Round Wall Clock,11.032,1,3.0338,2,2012,10,27.499999999999996,Profit
US-2012-144771,2012-10-02,2012-10-04,Chloris Kastensmidt,Hillsboro,Oregon,Accessories,SanDisk Ultra 32 GB MicroSDHC Class 10 Memory Card,53.04,3,-4.641,2,2012,10,-8.75,Loss
CA-2014-128076,2014-02-03,2014-02-08,Bill Overfelt,San Diego,California,Furnishings,Eldon Antistatic Chair Mats for Low to Medium Pile Carpets,210.58,2,12.6348,5,2014,2,6.0,Profit
CA-2014-128076,2014-02-03,2014-02-08,Bill Overfelt,San Diego,California,Binders,GBC Durable Plastic Covers,30.96,2,10.062,5,2014,2,32.49999999999999,Profit
CA-2014-128076,2014-02-03,2014-02-08,Bill Overfelt,San Diego,California,Machines,"HP Officejet Pro 8600 e-All-In-One Printer, Copier, Scanner, Fax",239.984,2,38.9974,5,2014,2,16.249999999999996,Profit
CA-2013-112578,2013-12-30,2014-01-03,Frank Olsen,Sacramento,California,Storage,Project Tote Personal File,14.03,1,4.0687,4,2013,12,28.999999999999996,Profit
CA-2013-112578,2013-12-30,2014-01-03,Frank Olsen,Sacramento,California,Supplies,Fiskars Spring-Action Scissors,27.96,2,7.2696,4,2013,12,25.999999999999996,Profit
CA-2013-151148,2013-09-13,2013-09-14,Philisse Overcash,Louisville,Colorado,Phones,Lunatik TT5L-002 Taktik Strike Impact Protection System for iPhone 5,146.952,3,9.1845,1,2013,9,6.25,Profit
CA-2013-151148,2013-09-13,2013-09-14,Philisse Overcash,Louisville,Colorado,Chairs,"Global Stack Chair without Arms, Black",83.136,4,5.196,1,2013,9,6.25,Profit
CA-2012-165813,2012-03-20,2012-03-22,Bryan Mills,Salem,Oregon,Storage,Portable Personal File Box,29.304,3,2.5641,2,2012,3,8.75,Profit
CA-2013-116911,2013-09-16,2013-09-21,Justin Deggeller,Twin Falls,Idaho,Binders,Avery Heavy-Duty EZD View Binder with Locking Rings,20.416,4,6.6352,5,2013,9,32.5,Profit
CA-2013-116911,2013-09-16,2013-09-21,Justin Deggeller,Twin Falls,Idaho,Tables,Bretford Rectangular Conference Table Tops,1128.39,3,259.5297,5,2013,9,23.0,Profit
CA-2014-145765,2014-05-29,2014-06-03,Candace McMahon,Phoenix,Arizona,Phones,Panasonic KX TS208W Corded phone,195.96,5,19.596,5,2014,5,10.0,Profit
CA-2014-145765,2014-05-29,2014-06-03,Candace McMahon,Phoenix,Arizona,Paper,Xerox 230,15.552,3,5.4432,5,2014,5,35.0,Profit
CA-2014-145765,2014-05-29,2014-06-03,Candace McMahon,Phoenix,Arizona,Accessories,Logitech Gaming G510s - Keyboard,271.968,4,54.3936,5,2014,5,20.0,Profit
CA-2011-162992,2011-12-19,2011-12-21,Bart Pistole,Los Angeles,California,Labels,Avery 516,14.62,2,6.8714,2,2011,12,47.0,Profit
CA-2011-162992,2011-12-19,2011-12-21,Bart Pistole,Los Angeles,California,Fasteners,Advantus T-Pin Paper Clips,22.55,5,8.7945,2,2011,12,38.99999999999999,Profit
CA-2011-162992,2011-12-19,2011-12-21,Bart Pistole,Los Angeles,California,Phones,Wi-Ex zBoost YX540 Cellular Phone Signal Booster,583.8,5,72.975,2,2011,12,12.5,Profit
CA-2011-162992,2011-12-19,2011-12-21,Bart Pistole,Los Angeles,California,Phones,Clarity 53712,211.168,4,15.8376,2,2011,12,7.5,Profit
CA-2013-106397,2013-07-08,2013-07-14,Max Jones,Orem,Utah,Paper,Xerox 226,12.96,2,6.2208,6,2013,7,47.99999999999999,Profit
CA-2013-106397,2013-07-08,2013-07-14,Max Jones,Orem,Utah,Art,Boston KS Multi-Size Manual Pencil Sharpener,45.98,2,12.8744,6,2013,7,28.000000000000004,Profit
US-2014-100398,2014-08-20,2014-08-24,Denny Ordway,Salt Lake City,Utah,Binders,"Wilson Jones Elliptical Ring 3 1/2"" Capacity Binders, 800 sheets",102.72,3,37.236,4,2014,8,36.25,Profit
CA-2014-120614,2014-05-31,2014-06-05,Suzanne McNair,Los Angeles,California,Paper,"Rediform S.O.S. 1-Up Phone Message Bk, 4-1/4x3-1/16 Bk, 1 Form/Pg, 40 Messages/Bk, 3/Pk",37.52,4,18.0096,5,2014,5,47.99999999999999,Profit
CA-2012-127754,2012-07-26,2012-07-31,Cyma Kinney,Glendale,Arizona,Chairs,Office Star - Contemporary Task Swivel Chair,266.352,3,13.3176,5,2012,7,5.000000000000001,Profit
CA-2013-167983,2013-08-22,2013-08-25,Rachel Payne,Seattle,Washington,Binders,Avery Durable Slant Ring Binders With Label Holder,33.44,10,11.704,3,2013,8,35.0,Profit
CA-2011-153808,2011-04-06,2011-04-10,Frank Hawley,Los Angeles,California,Art,Boston Home & Office Model 2000 Electric Pencil Sharpeners,70.95,3,18.447,4,2011,4,25.999999999999996,Profit
CA-2011-153808,2011-04-06,2011-04-10,Frank Hawley,Los Angeles,California,Binders,"Avery Trapezoid Ring Binder, 3"" Capacity, Black, 1040 sheets",65.568,2,23.7684,4,2011,4,36.25,Profit
CA-2011-153808,2011-04-06,2011-04-10,Frank Hawley,Los Angeles,California,Accessories,Razer Kraken 7.1 Surround Sound Over Ear USB Gaming Headset,299.97,3,131.9868,4,2011,4,43.99999999999999,Profit
US-2013-112396,2013-02-09,2013-02-13,Justin Ritter,San Francisco,California,Accessories,Logitech 910-002974 M325 Wireless Mouse for Web Scrolling,89.97,3,39.5868,4,2013,2,43.99999999999999,Profit
US-2013-112396,2013-02-09,2013-02-13,Justin Ritter,San Francisco,California,Accessories,Maxell 4.7GB DVD+RW 3/Pack,31.86,2,11.151,4,2013,2,35.0,Profit
CA-2014-163671,2014-12-25,2014-12-31,Dave Poirier,Meridian,Idaho,Binders,GBC Instant Index System for Binding Systems,21.312,3,7.992,6,2014,12,37.5,Profit
CA-2014-135909,2014-10-14,2014-10-21,Jane Waco,Sacramento,California,Accessories,Logitech Media Keyboard K200,209.94,6,39.8886,7,2014,10,18.999999999999996,Profit
CA-2014-135909,2014-10-14,2014-10-21,Jane Waco,Sacramento,California,Phones,Anker Astro Mini 3000mAh Ultra-Compact Portable Charger,31.984,2,-7.996,7,2014,10,-25.0,Loss
CA-2014-135909,2014-10-14,2014-10-21,Jane Waco,Sacramento,California,Binders,Fellowes PB500 Electric Punch Plastic Comb Binding Machine with Manual Bind,5083.96,5,1906.485,7,2014,10,37.5,Profit
CA-2013-158260,2013-11-05,2013-11-09,Cindy Chapman,San Diego,California,Machines,Okidata B400 Printer,686.4,2,77.22,4,2013,11,11.25,Profit
CA-2014-101805,2014-12-02,2014-12-07,Sally Hughsby,Seattle,Washington,Binders,Ibico Presentation Index for Binding Systems,15.92,5,5.373,5,2014,12,33.75,Profit
CA-2014-101805,2014-12-02,2014-12-07,Sally Hughsby,Seattle,Washington,Furnishings,Eldon Wave Desk Accessories,70.68,12,31.0992,5,2014,12,43.99999999999999,Profit
CA-2014-101805,2014-12-02,2014-12-07,Sally Hughsby,Seattle,Washington,Storage,"Tennsco Stur-D-Stor Boltless Shelving, 5 Shelves, 24"" Deep, Sand",541.24,4,5.4124,5,2014,12,1.0,Profit
US-2012-107944,2012-03-23,2012-03-25,Alice McCarthy,Los Angeles,California,Paper,"TOPS Carbonless Receipt Book, Four 2-3/4 x 7-1/4 Money Receipts per Page",192.72,11,92.5056,2,2012,3,48.0,Profit
US-2012-107944,2012-03-23,2012-03-25,Alice McCarthy,Los Angeles,California,Accessories,Logitech G600 MMO Gaming Mouse,239.97,3,86.3892,2,2012,3,36.0,Profit
CA-2011-169642,2011-07-27,2011-07-30,Barry Blumstein,Los Angeles,California,Storage,"SAFCO Commercial Wire Shelving, Black",276.28,2,0.0,3,2011,7,0.0,No Profit No Loss
CA-2014-103968,2014-12-02,2014-12-08,Max Ludwig,Stockton,California,Furnishings,"Tenex ""The Solids"" Textured Chair Mats",629.64,9,107.0388,6,2014,12,17.0,Profit
CA-2012-111038,2012-12-01,2012-12-06,Lindsay Castell,San Diego,California,Chairs,GuestStacker Chair with Chrome Finish Legs,2676.672,9,267.6672,5,2012,12,10.0,Profit
CA-2013-167241,2013-08-16,2013-08-23,Bill Donatelli,Los Angeles,California,Furnishings,Luxo Professional Magnifying Clamp-On Fluorescent Lamps,312.03,3,43.6842,7,2013,8,14.000000000000002,Profit
CA-2013-167241,2013-08-16,2013-08-23,Bill Donatelli,Los Angeles,California,Storage,"Perma STOR-ALL Hanging File Box, 13 1/8""W x 12 1/4""D x 10 1/2""H",17.94,3,3.0498,7,2013,8,17.0,Profit
CA-2013-167241,2013-08-16,2013-08-23,Bill Donatelli,Los Angeles,California,Phones,AT&T 841000 Phone,165.6,3,10.35,7,2013,8,6.25,Profit
CA-2013-167241,2013-08-16,2013-08-23,Bill Donatelli,Los Angeles,California,Paper,"Rediform S.O.S. 1-Up Phone Message Bk, 4-1/4x3-1/16 Bk, 1 Form/Pg, 40 Messages/Bk, 3/Pk",37.52,4,18.0096,7,2013,8,47.99999999999999,Profit
CA-2013-139934,2013-12-19,2013-12-21,Andy Yotov,San Francisco,California,Phones,I Need's 3d Hello Kitty Hybrid Silicone Case Cover for HTC One X 4g with 3d Hello Kitty Stylus Pen Green/pink,66.976,7,6.6976,2,2013,12,10.0,Profit
CA-2012-109603,2012-01-26,2012-02-01,Elizabeth Moffitt,Moreno Valley,California,Paper,Xerox 1991,182.72,8,84.0512,6,2012,1,46.0,Profit
CA-2012-143616,2012-09-27,2012-09-29,Saphhira Shifley,Seattle,Washington,Art,Newell 334,99.2,5,25.792,2,2012,9,26.0,Profit
CA-2012-134117,2012-12-17,2012-12-19,Paul Gonzalez,Los Angeles,California,Art,Sanford 52201 APSCO Electric Pencil Sharpener,204.85,5,53.261,2,2012,12,26.0,Profit
CA-2012-134117,2012-12-17,2012-12-19,Paul Gonzalez,Los Angeles,California,Phones,Panasonic KX TS3282W Corded phone,135.984,2,16.998,2,2012,12,12.5,Profit
CA-2012-134117,2012-12-17,2012-12-19,Paul Gonzalez,Los Angeles,California,Art,"Sanford Colorific Eraseable Coloring Pencils, 12 Count",16.4,5,7.052,2,2012,12,43.0,Profit
CA-2012-134117,2012-12-17,2012-12-19,Paul Gonzalez,Los Angeles,California,Binders,Avery Arch Ring Binders,92.96,2,31.374,2,2012,12,33.75,Profit
CA-2013-159023,2013-11-04,2013-11-06,Natalie Webber,Portland,Oregon,Binders,Avery Reinforcements for Hole-Punch Pages,4.158,7,-3.465,2,2013,11,-83.33333333333333,Loss
CA-2013-159023,2013-11-04,2013-11-06,Natalie Webber,Portland,Oregon,Machines,Okidata B401 Printer,179.991,3,-251.9874,2,2013,11,-140.0,Loss
CA-2011-154592,2011-12-07,2011-12-08,Erica Hernandez,San Francisco,California,Paper,Green Bar Computer Printout Paper,164.88,3,80.7912,1,2011,12,49.00000000000001,Profit
CA-2011-128622,2011-11-15,2011-11-17,Scott Cohen,San Francisco,California,Supplies,Acme Value Line Scissors,10.95,3,3.285,2,2011,11,30.000000000000004,Profit
CA-2011-132913,2011-12-24,2011-12-26,Adam Shillingsburg,San Diego,California,Appliances,Belkin 7-Outlet SurgeMaster Home Series,13.97,1,3.6322,2,2011,12,26.0,Profit
CA-2011-126480,2011-09-20,2011-09-24,Henry Goldwyn,San Diego,California,Paper,Xerox 1900,8.56,2,3.852,4,2011,9,44.99999999999999,Profit
CA-2014-159226,2014-04-26,2014-04-28,Rob Lucas,Los Angeles,California,Bookcases,"Bush Westfield Collection Bookcases, Medium Cherry Finish",344.981,7,28.4102,2,2014,4,8.235294117647058,Profit
US-2014-139577,2014-10-02,2014-10-07,Tanja Norvell,San Francisco,California,Accessories,Sony 32GB Class 10 Micro SDHC R40 Memory Card,104.75,5,21.9975,5,2014,10,21.0,Profit
CA-2011-133389,2011-06-22,2011-06-22,Toby Braunhardt,Phoenix,Arizona,Binders,SpineVue Locking Slant-D Ring Binders by Cardinal,8.226,3,-6.0324,0,2011,6,-73.33333333333333,Loss
CA-2012-102855,2012-04-05,2012-04-06,Jennifer Ferguson,Spokane,Washington,Accessories,SanDisk Ultra 64 GB MicroSDHC Class 10 Memory Card,239.94,6,26.3934,1,2012,4,11.0,Profit
CA-2012-102855,2012-04-05,2012-04-06,Jennifer Ferguson,Spokane,Washington,Art,Dixon Ticonderoga Pencils,23.84,8,6.4368,1,2012,4,27.0,Profit
CA-2014-143084,2014-03-19,2014-03-23,Barry Pond,Los Angeles,California,Art,Prang Drawing Pencil Set,13.9,5,3.753,4,2014,3,27.0,Profit
CA-2014-143084,2014-03-19,2014-03-23,Barry Pond,Los Angeles,California,Envelopes,Peel & Seel Envelopes,19.4,5,9.312,4,2014,3,48.0,Profit
CA-2013-131639,2013-12-18,2013-12-24,Noel Staavos,Carlsbad,New Mexico,Binders,Ibico Plastic and Wire Spiral Binding Combs,13.488,2,4.3836,6,2013,12,32.50000000000001,Profit
CA-2013-131639,2013-12-18,2013-12-24,Noel Staavos,Carlsbad,New Mexico,Binders,"GBC Laser Imprintable Binding System Covers, Desert Sand",11.416,1,3.8529,6,2013,12,33.75,Profit
CA-2013-161361,2013-03-27,2013-03-29,Mark Van Huff,Pocatello,Idaho,Paper,"Adams Telephone Message Book W/Dividers/Space For Phone Numbers, 5 1/4""X8 1/2"", 300/Messages",17.64,3,8.6436,2,2013,3,48.99999999999999,Profit
CA-2013-161361,2013-03-27,2013-03-29,Mark Van Huff,Pocatello,Idaho,Binders,"Wilson Jones Hanging View Binder, White, 1""",17.04,3,5.538,2,2013,3,32.5,Profit
US-2013-141880,2013-08-23,2013-08-24,Tony Chapman,Fort Collins,Colorado,Furnishings,Dana Halogen Swing-Arm Architect Lamp,98.328,3,9.8328,1,2013,8,10.0,Profit
CA-2014-128041,2014-09-02,2014-09-02,Rick Wilson,Seattle,Washington,Appliances,Honeywell Quietcare HEPA Air Cleaner,314.6,4,103.818,0,2014,9,32.99999999999999,Profit
CA-2014-128041,2014-09-02,2014-09-02,Rick Wilson,Seattle,Washington,Tables,KI Conference Tables,283.56,4,45.3696,0,2014,9,16.0,Profit
CA-2011-138177,2011-09-19,2011-09-24,Neil Ducich,Chandler,Arizona,Tables,Hon 2111 Invitation Series Straight Table,73.915,1,-45.8273,5,2011,9,-62.0,Loss
CA-2012-168760,2012-09-22,2012-09-26,Muhammed MacIntyre,Los Angeles,California,Appliances,Kensington 6 Outlet Guardian Standard Surge Protector,61.44,3,16.5888,4,2012,9,27.0,Profit
CA-2013-168830,2013-11-08,2013-11-14,Marina Lichtenstein,San Francisco,California,Accessories,NETGEAR AC1750 Dual Band Gigabit Smart WiFi Router,479.97,3,163.1898,6,2013,11,34.0,Profit
CA-2014-137463,2014-12-17,2014-12-21,Kalyca Meade,Sunnyvale,California,Binders,Accohide Poly Flexible Ring Binders,5.984,2,2.244,4,2014,12,37.50000000000001,Profit
CA-2014-137463,2014-12-17,2014-12-21,Kalyca Meade,Sunnyvale,California,Accessories,Imation Secure Drive + Hardware Encrypted USB flash drive - 16 GB,189.95,5,45.588,4,2014,12,24.000000000000004,Profit
CA-2014-137463,2014-12-17,2014-12-21,Kalyca Meade,Sunnyvale,California,Accessories,Microsoft Natural Ergonomic Keyboard 4000,149.95,5,31.4895,4,2014,12,21.000000000000004,Profit
CA-2014-137463,2014-12-17,2014-12-21,Kalyca Meade,Sunnyvale,California,Art,Bulldog Table or Wall-Mount Pencil Sharpener,29.95,5,8.6855,4,2014,12,28.999999999999996,Profit
CA-2014-137463,2014-12-17,2014-12-21,Kalyca Meade,Sunnyvale,California,Labels,Avery 475,44.4,3,22.2,4,2014,12,50.0,Profit
CA-2012-165554,2012-05-18,2012-05-22,Anthony Jacobs,Los Angeles,California,Paper,"Wirebound Message Book, 4 per Page",10.86,2,5.3214,4,2012,5,49.0,Profit
CA-2011-141838,2011-03-26,2011-03-31,Damala Kotsonis,San Francisco,California,Art,Newell 308,3.36,2,0.84,5,2011,3,25.0,Profit
CA-2011-141838,2011-03-26,2011-03-31,Damala Kotsonis,San Francisco,California,Binders,Wilson Jones Leather-Like Binders with DublLock Round Rings,27.936,4,9.4284,5,2011,3,33.75,Profit
CA-2011-141838,2011-03-26,2011-03-31,Damala Kotsonis,San Francisco,California,Phones,Griffin GC17055 Auxiliary Audio Cable,28.784,2,2.8784,5,2011,3,10.0,Profit
CA-2014-117009,2014-09-23,2014-09-29,Berenike Kampe,Santa Ana,California,Supplies,Fiskars Softgrip Scissors,21.96,2,6.1488,6,2014,9,27.999999999999996,Profit
CA-2012-128993,2012-09-12,2012-09-17,Craig Carreira,Seattle,Washington,Accessories,Memorex Froggy Flash Drive 4 GB,21.98,2,8.5722,5,2012,9,39.0,Profit
CA-2012-149097,2012-10-20,2012-10-24,Stewart Visinsky,Los Angeles,California,Furnishings,Nu-Dell Oak Frame,74.76,7,23.9232,4,2012,10,32.0,Profit
CA-2012-149097,2012-10-20,2012-10-24,Stewart Visinsky,Los Angeles,California,Tables,"SAFCO PlanMaster Boards, 60w x 37-1/2d, White Melamine",364.776,3,27.3582,4,2012,10,7.5,Profit
CA-2013-132304,2013-06-15,2013-06-19,Anthony Rawles,Seattle,Washington,Tables,Hon Non-Folding Utility Tables,1115.17,7,334.551,4,2013,6,30.0,Profit
CA-2012-136420,2012-11-20,2012-11-21,Chris Selesnick,San Diego,California,Binders,"Performers Binder/Pad Holder, Black",89.696,4,33.636,1,2012,11,37.50000000000001,Profit
CA-2012-136420,2012-11-20,2012-11-21,Chris Selesnick,San Diego,California,Labels,Avery 485,50.12,4,23.5564,1,2012,11,47.0,Profit
CA-2013-106278,2013-09-03,2013-09-06,Becky Martin,Des Moines,Washington,Chairs,"Global Leather Task Chair, Black",215.976,3,-2.6997,3,2013,9,-1.25,Loss
CA-2013-106278,2013-09-03,2013-09-06,Becky Martin,Des Moines,Washington,Envelopes,"Inter-Office Recycled Envelopes, Brown Kraft, Button-String,10"" x 13"" , 100/Box",65.94,3,30.9918,3,2013,9,47.0,Profit
CA-2014-166898,2014-09-12,2014-09-14,Ken Heidel,Santa Ana,California,Phones,OtterBox Defender Series Case - Samsung Galaxy S4,143.952,6,17.994,2,2014,9,12.5,Profit
CA-2014-166898,2014-09-12,2014-09-14,Ken Heidel,Santa Ana,California,Paper,Xerox 192,19.44,3,9.3312,2,2014,9,48.00000000000001,Profit
CA-2013-126102,2013-09-11,2013-09-13,Dianna Vittorini,Los Angeles,California,Binders,Ibico EB-19 Dual Function Manual Binding System,276.784,2,89.9548,2,2013,9,32.5,Profit
CA-2013-135461,2013-02-07,2013-02-10,Erica Bern,Los Angeles,California,Phones,Motorola L703CM,623.96,5,38.9975,3,2013,2,6.25,Profit
US-2013-155971,2013-06-07,2013-06-13,Ross Baird,Los Angeles,California,Labels,Avery 488,22.05,7,10.584,6,2013,6,48.0,Profit
US-2013-155971,2013-06-07,2013-06-13,Ross Baird,Los Angeles,California,Paper,Xerox Blank Computer Paper,99.9,5,46.953,6,2013,6,47.0,Profit
CA-2014-122007,2014-03-19,2014-03-21,Jason Klamczynski,Los Angeles,California,Appliances,Fellowes Basic Home/Office Series Surge Protectors,90.86,7,26.3494,2,2014,3,28.999999999999996,Profit
CA-2014-162250,2014-11-25,2014-11-25,Patrick Ryan,San Francisco,California,Paper,"Southworth 100% RÃ©sumÃ© Paper, 24lb.",7.78,1,3.501,0,2014,11,44.99999999999999,Profit
CA-2012-157028,2012-11-28,2012-12-03,Michelle Arnett,Las Cruces,New Mexico,Art,BIC Brite Liner Highlighters,8.28,2,3.4776,5,2012,11,42.0,Profit
US-2014-147655,2014-09-05,2014-09-06,Aaron Smayling,Redmond,Oregon,Binders,"Avery Trapezoid Extra Heavy Duty 4"" Binders",88.074,7,-58.716,1,2014,9,-66.66666666666667,Loss
CA-2012-157805,2012-08-31,2012-09-04,Rick Huthwaite,San Diego,California,Phones,Toshiba IPT2010-SD IP Telephone,555.96,5,41.697,4,2012,8,7.5,Profit
CA-2014-123029,2014-10-01,2014-10-03,Bradley Talbott,Los Angeles,California,Accessories,Razer Kraken PRO Over Ear PC and Music Headset,159.98,2,47.994,2,2014,10,30.000000000000004,Profit
US-2014-166688,2014-05-21,2014-05-27,Rick Duston,Las Vegas,Nevada,Binders,Wilson Jones Impact Binders,8.288,2,3.0044,6,2014,5,36.25,Profit
US-2014-166688,2014-05-21,2014-05-27,Rick Duston,Las Vegas,Nevada,Phones,Motorola L703CM,1123.128,9,70.1955,6,2014,5,6.25,Profit
US-2014-166688,2014-05-21,2014-05-27,Rick Duston,Las Vegas,Nevada,Appliances,Fellowes Basic Home/Office Series Surge Protectors,64.9,5,18.821,6,2014,5,28.999999999999996,Profit
US-2012-106873,2012-09-24,2012-09-29,Kunst Miller,Avondale,Arizona,Art,Dixon Ticonderoga Core-Lock Colored Pencils,14.576,2,2.3686,5,2012,9,16.249999999999996,Profit
US-2012-106873,2012-09-24,2012-09-29,Kunst Miller,Avondale,Arizona,Accessories,HP Standard 104 key PS/2 Keyboard,23.2,2,1.45,5,2012,9,6.25,Profit
US-2012-106873,2012-09-24,2012-09-29,Kunst Miller,Avondale,Arizona,Art,Newell 317,16.464,7,1.8522,5,2012,9,11.250000000000002,Profit
CA-2011-102645,2011-01-24,2011-01-29,Ionia McGrath,Las Vegas,Nevada,Paper,Xerox 195,40.08,6,19.2384,5,2011,1,48.0,Profit
CA-2013-100300,2013-06-25,2013-06-27,Max Jones,San Diego,California,Machines,Okidata MB760 Printer,4476.8,4,503.64,2,2013,6,11.249999999999998,Profit
CA-2013-100300,2013-06-25,2013-06-27,Max Jones,San Diego,California,Paper,Xerox 189,104.85,1,50.328,2,2013,6,48.00000000000001,Profit
CA-2013-100300,2013-06-25,2013-06-27,Max Jones,San Diego,California,Appliances,APC 7 Outlet Network SurgeArrest Surge Protector,241.44,3,72.432,2,2013,6,30.0,Profit
US-2013-155768,2013-12-02,2013-12-02,Laurel Beltran,Oxnard,California,Furnishings,Tenex Chairmats For Use With Carpeted Floors,31.96,2,1.598,0,2013,12,5.0,Profit
US-2013-155768,2013-12-02,2013-12-02,Laurel Beltran,Oxnard,California,Paper,Xerox 1886,47.9,1,22.992,0,2013,12,48.00000000000001,Profit
US-2013-155768,2013-12-02,2013-12-02,Laurel Beltran,Oxnard,California,Storage,"Sauder Facets Collection Locker/File Cabinet, Sky Alder Finish",1112.94,3,222.588,0,2013,12,20.0,Profit
US-2013-155768,2013-12-02,2013-12-02,Laurel Beltran,Oxnard,California,Envelopes,"#10- 4 1/8"" x 9 1/2"" Security-Tint Envelopes",22.92,3,11.2308,0,2013,12,49.0,Profit
CA-2014-119424,2014-06-13,2014-06-15,Sarah Brown,Kent,Washington,Phones,OtterBox Defender Series Case - Samsung Galaxy S4,71.976,3,8.997,2,2014,6,12.5,Profit
CA-2014-119424,2014-06-13,2014-06-15,Sarah Brown,Kent,Washington,Paper,Xerox 203,19.44,3,9.3312,2,2014,6,48.00000000000001,Profit
CA-2014-156776,2014-08-08,2014-08-12,Jeremy Lonsdale,Westminster,California,Phones,Polycom VoiceStation 500 Conference phone,707.88,3,44.2425,4,2014,8,6.25,Profit
CA-2014-156776,2014-08-08,2014-08-12,Jeremy Lonsdale,Westminster,California,Binders,Cardinal Holdit Business Card Pockets,11.952,3,4.1832,4,2014,8,35.0,Profit
CA-2014-156776,2014-08-08,2014-08-12,Jeremy Lonsdale,Westminster,California,Binders,"Mead 1st Gear 2"" Zipper Binder, Asst. Colors",31.128,3,11.673,4,2014,8,37.5,Profit
CA-2014-156776,2014-08-08,2014-08-12,Jeremy Lonsdale,Westminster,California,Accessories,Sony Micro Vault Click 4 GB USB 2.0 Flash Drive,55.76,4,7.8064,4,2014,8,14.000000000000002,Profit
CA-2014-156776,2014-08-08,2014-08-12,Jeremy Lonsdale,Westminster,California,Paper,Xerox 1881,24.56,2,11.5432,4,2014,8,47.0,Profit
CA-2014-156776,2014-08-08,2014-08-12,Jeremy Lonsdale,Westminster,California,Furnishings,"Howard Miller 13-3/4"" Diameter Brushed Chrome Round Wall Clock",51.75,1,15.525,4,2014,8,30.0,Profit
CA-2014-156776,2014-08-08,2014-08-12,Jeremy Lonsdale,Westminster,California,Chairs,Global Enterprise Series Seating Low-Back Swivel/Tilt Chairs,207.184,1,25.898,4,2014,8,12.5,Profit
CA-2014-156776,2014-08-08,2014-08-12,Jeremy Lonsdale,Westminster,California,Appliances,3.6 Cubic Foot Counter Height Office Refrigerator,1473.1,5,412.468,4,2014,8,28.000000000000004,Profit
CA-2011-146843,2011-11-30,2011-12-06,Philip Brown,Avondale,Arizona,Supplies,Acme Office Executive Series Stainless Steel Trimmers,47.992,7,3.5994,6,2011,11,7.500000000000001,Profit
CA-2011-146843,2011-11-30,2011-12-06,Philip Brown,Avondale,Arizona,Accessories,"Memorex 25GB 6X Branded Blu-Ray Recordable Disc, 30/Pack",102.24,4,-16.614,6,2011,11,-16.25,Loss
CA-2011-103310,2011-05-10,2011-05-15,Greg Matthias,San Jose,California,Paper,Southworth 25% Cotton Premium Laser Paper and Envelopes,39.96,2,19.1808,5,2011,5,48.00000000000001,Profit
CA-2011-103310,2011-05-10,2011-05-15,Greg Matthias,San Jose,California,Phones,Wilson Electronics DB Pro Signal Booster,1432.0,5,125.3,5,2011,5,8.75,Profit
CA-2011-103310,2011-05-10,2011-05-15,Greg Matthias,San Jose,California,Supplies,Acme Design Stainless Steel Bent Scissors,41.04,6,11.0808,5,2011,5,27.0,Profit
CA-2011-103310,2011-05-10,2011-05-15,Greg Matthias,San Jose,California,Chairs,Hon Pagoda Stacking Chairs,256.784,1,32.098,5,2011,5,12.5,Profit
CA-2013-104689,2013-12-02,2013-12-06,Fred Hopkins,Los Angeles,California,Art,"Sanford Colorific Colored Pencils, 12/Box",23.04,8,6.912,4,2013,12,30.0,Profit
CA-2014-141747,2014-08-04,2014-08-09,Scot Coram,Seattle,Washington,Storage,"Letter/Legal File Tote with Clear Snap-On Lid, Black Granite",16.06,1,4.1756,5,2014,8,26.0,Profit
CA-2012-167479,2012-03-14,2012-03-19,Arianne Irving,Roseville,California,Paper,Xerox 223,19.44,3,9.3312,5,2012,3,48.00000000000001,Profit
CA-2011-144071,2011-12-08,2011-12-15,Denny Joy,San Francisco,California,Furnishings,Luxo Economy Swing Arm Lamp,39.88,2,11.1664,7,2011,12,27.999999999999996,Profit
CA-2011-144071,2011-12-08,2011-12-15,Denny Joy,San Francisco,California,Furnishings,DAX Natural Wood-Tone Poster Frame,79.44,3,28.5984,7,2011,12,36.00000000000001,Profit
CA-2013-152646,2013-11-22,2013-11-27,Tiffany House,Los Angeles,California,Paper,Xerox 222,32.4,5,15.552,5,2013,11,48.0,Profit
CA-2014-140515,2014-03-20,2014-03-25,George Zrebassa,Los Angeles,California,Appliances,Belkin 5 Outlet SurgeMaster Power Centers,381.36,7,106.7808,5,2014,3,27.999999999999996,Profit
CA-2011-153619,2011-11-03,2011-11-03,Tracy Collins,Los Angeles,California,Art,Prang Dustless Chalk Sticks,6.72,4,3.36,0,2011,11,50.0,Profit
CA-2014-133718,2014-07-24,2014-07-27,Tracy Blumstein,Los Angeles,California,Binders,"Cardinal HOLDit! Binder Insert Strips,Extra Strips",15.192,3,5.5071,3,2014,7,36.25000000000001,Profit
CA-2014-133718,2014-07-24,2014-07-27,Tracy Blumstein,Los Angeles,California,Paper,Weyerhaeuser First Choice Laser/Copy Paper (20Lb. and 88 Bright),58.32,9,27.9936,3,2014,7,48.0,Profit
CA-2011-148383,2011-12-27,2011-12-31,Resi PÃ¶lking,Phoenix,Arizona,Binders,GBC DocuBind 300 Electric Binding Machine,946.764,6,-694.2936,4,2011,12,-73.33333333333333,Loss
CA-2013-126732,2013-09-03,2013-09-07,Lena Radford,Los Angeles,California,Furnishings,Ultra Door Pull Handle,94.68,9,31.2444,4,2013,9,32.99999999999999,Profit
CA-2013-126732,2013-09-03,2013-09-07,Lena Radford,Los Angeles,California,Storage,Akro Stacking Bins,23.67,3,0.9468,4,2013,9,3.9999999999999996,Profit
CA-2013-126732,2013-09-03,2013-09-07,Lena Radford,Los Angeles,California,Phones,Cisco Unified IP Phone 7945G VoIP phone,1091.168,4,68.198,4,2013,9,6.25,Profit
CA-2013-126732,2013-09-03,2013-09-07,Lena Radford,Los Angeles,California,Art,Blackstonian Pencils,18.69,7,5.2332,4,2013,9,27.999999999999996,Profit
CA-2013-126732,2013-09-03,2013-09-07,Lena Radford,Los Angeles,California,Tables,Chromcraft Rectangular Conference Tables,568.728,3,28.4364,4,2013,9,5.0,Profit
CA-2013-126732,2013-09-03,2013-09-07,Lena Radford,Los Angeles,California,Binders,SpineVue Locking Slant-D Ring Binders by Cardinal,7.312,1,2.5592,4,2013,9,35.0,Profit
CA-2011-113271,2011-07-09,2011-07-14,Darrin Sayre,San Francisco,California,Binders,Avery Hidden Tab Dividers for Binding Systems,14.304,6,4.6488,5,2011,7,32.49999999999999,Profit
CA-2011-113271,2011-07-09,2011-07-14,Darrin Sayre,San Francisco,California,Bookcases,"Bush Heritage Pine Collection 5-Shelf Bookcase, Albany Pine Finish, *Special Order",119.833,1,7.049,5,2011,7,5.882352941176471,Profit
CA-2011-113271,2011-07-09,2011-07-14,Darrin Sayre,San Francisco,California,Art,Prang Drawing Pencil Set,5.56,2,2.224,5,2011,7,40.00000000000001,Profit
CA-2011-113271,2011-07-09,2011-07-14,Darrin Sayre,San Francisco,California,Paper,Xerox 1967,32.4,5,15.552,5,2011,7,48.0,Profit
CA-2014-130106,2014-05-23,2014-05-27,Vicky Freymann,San Francisco,California,Art,Newell 350,9.84,3,2.8536,4,2014,5,29.000000000000004,Profit
CA-2014-130106,2014-05-23,2014-05-27,Vicky Freymann,San Francisco,California,Art,Newell 333,2.78,1,0.7228,4,2014,5,26.0,Profit
CA-2014-155712,2014-03-03,2014-03-09,Ken Dana,Los Angeles,California,Binders,Catalog Binders with Expanding Posts,107.648,2,33.64,6,2014,3,31.25,Profit
CA-2014-111388,2014-09-03,2014-09-03,Stephanie Ulpright,Seattle,Washington,Chairs,"Global Leather Task Chair, Black",215.976,3,-2.6997,0,2014,9,-1.25,Loss
CA-2011-125759,2011-02-09,2011-02-10,Nathan Mautz,North Las Vegas,Nevada,Furnishings,"Master Caster Door Stop, Large Brown",14.56,2,5.5328,1,2011,2,38.0,Profit
US-2011-134054,2011-10-10,2011-10-10,Fred Chung,Albuquerque,New Mexico,Art,"Dixon Ticonderoga Core-Lock Colored Pencils, 48-Color Set",255.85,7,112.574,0,2011,10,44.0,Profit
CA-2013-166772,2013-09-21,2013-09-25,Heather Jas,Seattle,Washington,Bookcases,O'Sullivan 5-Shelf Heavy-Duty Bookcases,163.88,2,40.97,4,2013,9,25.0,Profit
CA-2014-102218,2014-09-03,2014-09-05,Luke Weiss,Fort Collins,Colorado,Labels,Avery 519,11.696,2,3.9474,2,2014,9,33.75,Profit
CA-2011-111857,2011-04-23,2011-04-26,Nathan Mautz,San Francisco,California,Paper,Xerox 1891,48.91,1,22.9877,3,2011,4,47.0,Profit
CA-2012-137603,2012-09-19,2012-09-24,Marc Harrigan,Santa Fe,New Mexico,Art,Newell 323,8.4,5,2.184,5,2012,9,26.0,Profit
CA-2011-128237,2011-03-25,2011-03-30,Christina Anderson,San Francisco,California,Art,Newell 35,6.56,2,1.9024,5,2011,3,29.000000000000004,Profit
CA-2011-128237,2011-03-25,2011-03-30,Christina Anderson,San Francisco,California,Art,"Eberhard Faber 3 1/2"" Golf Pencils",14.88,2,3.72,5,2011,3,25.0,Profit
CA-2011-128237,2011-03-25,2011-03-30,Christina Anderson,San Francisco,California,Accessories,Imation Swivel Flash Drive USB flash drive - 8 GB,45.48,4,15.918,5,2011,3,35.0,Profit
CA-2011-128237,2011-03-25,2011-03-30,Christina Anderson,San Francisco,California,Art,"BIC Brite Liner Grip Highlighters, Assorted, 5/Pack",25.44,6,9.9216,5,2011,3,38.99999999999999,Profit
CA-2014-121853,2014-09-24,2014-09-30,Duane Benoit,Los Angeles,California,Paper,Xerox 1909,211.04,8,97.0784,6,2014,9,46.0,Profit
CA-2014-121853,2014-09-24,2014-09-30,Duane Benoit,Los Angeles,California,Chairs,GuestStacker Chair with Chrome Finish Legs,594.816,2,59.4816,6,2014,9,10.0,Profit
CA-2014-121853,2014-09-24,2014-09-30,Duane Benoit,Los Angeles,California,Binders,Ibico Plastic Spiral Binding Combs,72.96,3,23.712,6,2014,9,32.5,Profit
US-2014-130687,2014-09-08,2014-09-11,Phillip Flathmann,Edmonds,Washington,Furnishings,DAX Two-Tone Silver Metal Document Frame,80.96,4,34.8128,3,2014,9,43.00000000000001,Profit
US-2014-130687,2014-09-08,2014-09-11,Phillip Flathmann,Edmonds,Washington,Phones,Konftel 250 Conference phone - Charcoal black,455.712,2,34.1784,3,2014,9,7.500000000000001,Profit
US-2014-130687,2014-09-08,2014-09-11,Phillip Flathmann,Edmonds,Washington,Art,Boston 1799 Powerhouse Electric Pencil Sharpener,25.98,1,7.2744,3,2014,9,27.999999999999996,Profit
CA-2012-164497,2012-11-28,2012-11-30,Ashley Jarboe,San Francisco,California,Appliances,"Holmes Visible Mist Ultrasonic Humidifier with 2.3-Gallon Output per Day, Replacement Filter",45.28,4,15.3952,2,2012,11,34.0,Profit
CA-2013-108056,2013-09-30,2013-10-04,Erin Smith,Springfield,Oregon,Phones,Wilson Electronics DB Pro Signal Booster,859.2,3,75.18,4,2013,9,8.75,Profit
CA-2014-130715,2014-09-17,2014-09-21,Craig Yedwab,San Francisco,California,Fasteners,"OIC Colored Binder Clips, Assorted Sizes",17.9,5,8.771,4,2014,9,49.00000000000001,Profit
CA-2011-155264,2011-10-19,2011-10-22,Rachel Payne,San Francisco,California,Binders,Accohide Poly Flexible Ring Binders,2.992,1,1.122,3,2011,10,37.50000000000001,Profit
CA-2011-155264,2011-10-19,2011-10-22,Rachel Payne,San Francisco,California,Binders,Avery Durable Slant Ring Binders With Label Holder,20.064,6,7.0224,3,2011,10,35.0,Profit
CA-2011-155264,2011-10-19,2011-10-22,Rachel Payne,San Francisco,California,Paper,Xerox 1917,146.73,3,68.9631,3,2011,10,47.0,Profit
CA-2011-155264,2011-10-19,2011-10-22,Rachel Payne,San Francisco,California,Labels,Avery 480,18.75,5,9.0,3,2011,10,48.0,Profit
CA-2011-155264,2011-10-19,2011-10-22,Rachel Payne,San Francisco,California,Phones,Panasonic KX TS208W Corded phone,117.576,3,11.7576,3,2011,10,10.0,Profit
CA-2013-119123,2013-03-14,2013-03-19,Dennis Bolton,Riverside,California,Binders,Cardinal EasyOpen D-Ring Binders,51.184,7,19.194,5,2013,3,37.5,Profit
CA-2013-114860,2013-12-23,2013-12-29,Duane Noonan,Moreno Valley,California,Furnishings,Deflect-o DuraMat Antistatic Studded Beveled Mat for Medium Pile Carpeting,842.72,8,202.2528,6,2013,12,24.0,Profit
CA-2013-114860,2013-12-23,2013-12-29,Duane Noonan,Moreno Valley,California,Furnishings,Magnifier Swing Arm Lamp,41.96,2,10.9096,6,2013,12,25.999999999999996,Profit
CA-2013-159009,2013-09-24,2013-09-28,Dave Poirier,Seattle,Washington,Binders,"ACCOHIDE 3-Ring Binder, Blue, 1""",13.216,4,4.4604,4,2013,9,33.75,Profit
CA-2013-159009,2013-09-24,2013-09-28,Dave Poirier,Seattle,Washington,Chairs,Global Deluxe Steno Chair,184.752,3,-20.7846,4,2013,9,-11.25,Loss
CA-2014-111591,2014-03-22,2014-03-26,Paul Stevenson,Seattle,Washington,Binders,"C-Line Peel & Stick Add-On Filing Pockets, 8-3/4 x 5-1/8, 10/Pack",30.576,6,10.3194,4,2014,3,33.75,Profit
CA-2014-111591,2014-03-22,2014-03-26,Paul Stevenson,Seattle,Washington,Fasteners,"Super Bands, 12/Pack",13.02,7,0.3906,4,2014,3,3.0000000000000004,Profit
CA-2014-111591,2014-03-22,2014-03-26,Paul Stevenson,Seattle,Washington,Furnishings,"Eldon Expressions Wood Desk Accessories, Oak",22.14,3,6.4206,4,2014,3,28.999999999999996,Profit
CA-2014-111591,2014-03-22,2014-03-26,Paul Stevenson,Seattle,Washington,Storage,Fellowes Officeware Wire Shelving,359.32,4,7.1864,4,2014,3,2.0,Profit
CA-2014-102820,2014-05-08,2014-05-12,Carlos Soltero,Pasadena,California,Phones,Blue Parrot B250XT Professional Grade Wireless Bluetooth Headset with,419.944,7,52.493,4,2014,5,12.5,Profit
CA-2013-149671,2013-06-06,2013-06-10,Ken Brennan,Seattle,Washington,Supplies,Acme Box Cutter Scissors,61.38,6,15.9588,4,2013,6,26.0,Profit
CA-2012-126347,2012-12-14,2012-12-19,Ashley Jarboe,Los Angeles,California,Accessories,Micro Innovations USB RF Wireless Keyboard with Mouse,50.0,2,10.5,5,2012,12,21.0,Profit
CA-2014-163097,2014-08-28,2014-09-01,Sarah Foster,Mesa,Arizona,Furnishings,Flat Face Poster Frame,120.576,8,33.1584,4,2014,8,27.500000000000004,Profit
CA-2012-130848,2012-10-25,2012-10-25,Deirdre Greer,Denver,Colorado,Chairs,Global Highback Leather Tilter in Burgundy,582.336,8,-29.1168,0,2012,10,-5.0,Loss
CA-2011-159814,2011-06-24,2011-06-28,Liz Pelletier,Tucson,Arizona,Furnishings,Acrylic Self-Standing Desk Frames,4.272,2,0.9612,4,2011,6,22.5,Profit
CA-2013-108959,2013-03-11,2013-03-15,Maya Herman,Glendale,Arizona,Storage,"Mini 13-1/2 Capacity Data Binder Rack, Pearl",104.696,1,6.5435,4,2013,3,6.25,Profit
CA-2012-164777,2012-01-27,2012-01-29,Sean Christensen,Los Angeles,California,Chairs,HON 5400 Series Task Chairs for Big and Tall,2803.92,5,0.0,2,2012,1,0.0,No Profit No Loss
CA-2012-127824,2012-10-18,2012-10-22,John Castell,Seattle,Washington,Phones,Motorola L703CM,249.584,2,15.599,4,2012,10,6.25,Profit
CA-2012-127824,2012-10-18,2012-10-22,John Castell,Seattle,Washington,Paper,Xerox 1903,17.94,3,8.7906,4,2012,10,48.99999999999999,Profit
CA-2012-127824,2012-10-18,2012-10-22,John Castell,Seattle,Washington,Furnishings,Eldon 100 Class Desk Accessories,10.11,3,3.2352,4,2012,10,32.0,Profit
CA-2011-145254,2011-07-23,2011-07-27,Nick Crebassa,San Francisco,California,Phones,VTech DS6151,604.752,6,60.4752,4,2011,7,10.0,Profit
CA-2011-145254,2011-07-23,2011-07-27,Nick Crebassa,San Francisco,California,Supplies,Acme Softgrip Scissors,40.7,5,11.803,4,2011,7,28.999999999999996,Profit
CA-2011-145254,2011-07-23,2011-07-27,Nick Crebassa,San Francisco,California,Phones,AT&T CL2909,302.376,3,37.797,4,2011,7,12.5,Profit
CA-2011-145254,2011-07-23,2011-07-27,Nick Crebassa,San Francisco,California,Accessories,Imation 8gb Micro Traveldrive Usb 2.0 Flash Drive,45.0,3,4.95,4,2011,7,11.0,Profit
CA-2013-160479,2013-09-16,2013-09-21,Angele Hood,Seattle,Washington,Art,SANFORD Major Accent Highlighters,35.4,5,13.452,5,2013,9,38.0,Profit
CA-2012-119627,2012-08-17,2012-08-23,Steven Cartwright,Peoria,Arizona,Accessories,Imation Clip USB flash drive - 8 GB,30.08,2,-5.264,6,2012,8,-17.5,Loss
CA-2012-119627,2012-08-17,2012-08-23,Steven Cartwright,Peoria,Arizona,Paper,Xerox 21,36.288,7,12.7008,6,2012,8,35.0,Profit
CA-2012-119627,2012-08-17,2012-08-23,Steven Cartwright,Peoria,Arizona,Art,Newell 336,10.272,3,1.1556,6,2012,8,11.249999999999998,Profit
CA-2012-119627,2012-08-17,2012-08-23,Steven Cartwright,Peoria,Arizona,Accessories,First Data FD10 PIN Pad,252.8,4,-31.6,6,2012,8,-12.5,Loss
CA-2014-107853,2014-05-27,2014-06-01,Carlos Daly,Oceanside,California,Paper,Xerox 201,12.96,2,6.2208,5,2014,5,47.99999999999999,Profit
US-2013-148957,2013-09-18,2013-09-24,Chuck Clark,Redmond,Washington,Labels,Avery 481,12.32,4,5.9136,6,2013,9,48.0,Profit
CA-2011-140032,2011-09-08,2011-09-13,Toby Swindell,San Francisco,California,Binders,"Acco PRESSTEX Data Binder with Storage Hooks, Light Blue, 9 1/2"" X 11""",8.608,2,3.0128,5,2011,9,35.0,Profit
CA-2014-145506,2014-06-04,2014-06-08,Meg O'Connel,Spokane,Washington,Storage,Eldon Gobal File Keepers,136.26,9,5.4504,4,2014,6,4.0,Profit
CA-2012-129546,2012-09-28,2012-10-05,Roy Phan,Los Angeles,California,Appliances,"Acco Smartsocket Table Surge Protector, 6 Color-Coded Adapter Outlets",186.15,3,55.845,7,2012,9,30.0,Profit
CA-2012-129546,2012-09-28,2012-10-05,Roy Phan,Los Angeles,California,Binders,GBC Recycled VeloBinder Covers,81.792,6,26.5824,7,2012,9,32.5,Profit
CA-2012-129546,2012-09-28,2012-10-05,Roy Phan,Los Angeles,California,Supplies,Acme Galleria Hot Forged Steel Scissors with Colored Handles,47.19,3,13.6851,7,2012,9,29.000000000000004,Profit
CA-2012-129546,2012-09-28,2012-10-05,Roy Phan,Los Angeles,California,Phones,Motorola HK250 Universal Bluetooth Headset,36.784,2,-8.2764,7,2012,9,-22.500000000000004,Loss
CA-2011-138240,2011-10-09,2011-10-14,Shirley Jackson,San Francisco,California,Art,Boston Heavy-Duty Trimline Electric Pencil Sharpeners,144.6,3,41.934,5,2011,10,28.999999999999996,Profit
CA-2011-138240,2011-10-09,2011-10-14,Shirley Jackson,San Francisco,California,Phones,iOttie HLCRIO102 Car Mount,15.992,1,-2.9985,5,2011,10,-18.749999999999996,Loss
CA-2011-100867,2011-10-19,2011-10-24,Eugene Hildebrand,Lakewood,California,Phones,RCA Visys Integrated PBX 8-Line Router,321.552,6,20.097,5,2011,10,6.25,Profit
CA-2013-126858,2013-11-20,2013-11-24,Janet Molinari,Seattle,Washington,Furnishings,Tenex Chairmats For Use With Carpeted Floors,31.96,2,1.598,4,2013,11,5.0,Profit
CA-2011-122679,2011-07-22,2011-07-28,Alejandro Ballentine,Los Angeles,California,Art,Crayola Colored Pencils,19.68,6,6.4944,6,2011,7,33.0,Profit
CA-2012-156566,2012-10-01,2012-10-04,Eric Murdock,Portland,Oregon,Phones,Wilson Electronics DB Pro Signal Booster,572.8,2,50.12,3,2012,10,8.75,Profit
CA-2014-111738,2014-01-04,2014-01-08,Christopher Martinez,San Francisco,California,Binders,GBC ProClick 150 Presentation Binding System,2022.272,8,682.5168,4,2014,1,33.75,Profit
CA-2014-111738,2014-01-04,2014-01-08,Christopher Martinez,San Francisco,California,Art,Manco Dry-Lighter Erasable Highlighter,9.12,3,3.1008,4,2014,1,34.0,Profit
US-2013-123610,2013-05-13,2013-05-17,Vivian Mathis,Mission Viejo,California,Accessories,Memorex Mini Travel Drive 32 GB USB 2.0 Flash Drive,120.0,6,46.8,4,2013,5,38.99999999999999,Profit
US-2013-123610,2013-05-13,2013-05-17,Vivian Mathis,Mission Viejo,California,Appliances,Staples,8.67,1,2.3409,4,2013,5,27.0,Profit
US-2012-158589,2012-11-20,2012-11-24,Kelly Williams,San Francisco,California,Furnishings,Dana Swing-Arm Lamps,32.04,3,8.01,4,2012,11,25.0,Profit
US-2014-104451,2014-05-09,2014-05-13,Michelle Moray,San Francisco,California,Appliances,Fellowes Mighty 8 Compact Surge Protector,81.08,4,22.7024,4,2014,5,28.000000000000004,Profit
CA-2013-101189,2013-02-04,2013-02-09,Jennifer Braxton,Los Angeles,California,Storage,Safco Commercial Shelving,93.02,2,3.7208,5,2013,2,4.0,Profit
CA-2014-156958,2014-12-06,2014-12-07,Patrick Bzostek,Seattle,Washington,Binders,GBC Premium Transparent Covers with Diagonal Lined Pattern,83.92,5,29.372,1,2014,12,35.0,Profit
CA-2014-156958,2014-12-06,2014-12-07,Patrick Bzostek,Seattle,Washington,Furnishings,Eldon Radial Chair Mat for Low to Medium Pile Carpets,199.9,5,39.98,1,2014,12,20.0,Profit
CA-2014-156958,2014-12-06,2014-12-07,Patrick Bzostek,Seattle,Washington,Phones,Cyber Acoustics AC-202b Speech Recognition Stereo Headset,31.176,3,-7.0146,1,2014,12,-22.5,Loss
CA-2014-156958,2014-12-06,2014-12-07,Patrick Bzostek,Seattle,Washington,Binders,GBC VeloBinder Manual Binding System,172.752,6,60.4632,1,2014,12,35.0,Profit
CA-2014-156958,2014-12-06,2014-12-07,Patrick Bzostek,Seattle,Washington,Binders,Fellowes Black Plastic Comb Bindings,9.296,2,3.0212,1,2014,12,32.5,Profit
CA-2014-111759,2014-07-09,2014-07-13,Mathew Reese,Seattle,Washington,Paper,Staples,52.76,2,24.2696,4,2014,7,46.0,Profit
CA-2013-148747,2013-09-26,2013-09-28,Aaron Smayling,San Francisco,California,Bookcases,"Atlantic Metals Mobile 4-Shelf Bookcases, Custom Colors",477.666,2,84.294,2,2013,9,17.64705882352941,Profit
CA-2012-135727,2012-05-11,2012-05-16,Paul Stevenson,Phoenix,Arizona,Chairs,Global Chrome Stack Chair,191.968,7,16.7972,5,2012,5,8.75,Profit
CA-2012-160864,2012-05-03,2012-05-06,Nicole Fjeld,San Jose,California,Binders,Avery Binding System Hidden Tab Executive Style Index Sets,13.848,3,5.193,3,2012,5,37.49999999999999,Profit
CA-2013-125724,2013-09-23,2013-09-28,Suzanne McNair,Broomfield,Colorado,Furnishings,Aluminum Document Frame,68.432,7,8.554,5,2013,9,12.5,Profit
CA-2012-161242,2012-06-01,2012-06-08,Catherine Glotzbach,Los Angeles,California,Paper,"Adams Telephone Message Book W/Dividers/Space For Phone Numbers, 5 1/4""X8 1/2"", 300/Messages",11.76,2,5.7624,7,2012,6,49.00000000000001,Profit
CA-2012-148495,2012-08-13,2012-08-13,Sandra Flanagan,Pomona,California,Furnishings,Ultra Door Pull Handle,31.56,3,10.4148,0,2012,8,33.0,Profit
CA-2013-108630,2013-11-19,2013-11-19,Bobby Elias,Concord,California,Binders,Recycled Premium Regency Composition Covers,61.12,5,22.156,0,2013,11,36.25,Profit
CA-2014-104619,2014-01-25,2014-01-30,Keith Dawkins,San Jose,California,Appliances,"Acco Six-Outlet Power Strip, 4' Cord Length",25.86,3,6.7236,5,2014,1,26.0,Profit
CA-2014-104619,2014-01-25,2014-01-30,Keith Dawkins,San Jose,California,Binders,Ibico EB-19 Dual Function Manual Binding System,276.784,2,89.9548,5,2014,1,32.5,Profit
CA-2014-104619,2014-01-25,2014-01-30,Keith Dawkins,San Jose,California,Phones,Jensen SMPS-640 - speaker phone,110.352,3,8.2764,5,2014,1,7.5,Profit
CA-2012-149517,2012-09-19,2012-09-23,Frank Carlisle,Sacramento,California,Furnishings,"Seth Thomas 8 1/2"" Cubicle Clock",60.84,3,19.4688,4,2012,9,32.0,Profit
CA-2012-116841,2012-04-14,2012-04-18,Theone Pippenger,Springfield,Oregon,Appliances,Acco Smartsocket Color-Coded Six-Outlet AC Adapter Model Surge Protectors,35.208,1,2.6406,4,2012,4,7.500000000000001,Profit
CA-2013-130638,2013-05-17,2013-05-20,Sanjit Chand,Los Angeles,California,Furnishings,"Tenex Carpeted, Granite-Look or Clear Contemporary Contour Shape Chair Mats",282.84,4,19.7988,3,2013,5,7.000000000000001,Profit
CA-2013-130638,2013-05-17,2013-05-20,Sanjit Chand,Los Angeles,California,Labels,Avery 481,27.72,9,13.3056,3,2013,5,48.00000000000001,Profit
CA-2013-110086,2013-09-19,2013-09-23,Bill Donatelli,Woodland,California,Phones,Polycom CX300 Desktop Phone USB VoIP phone,239.984,2,23.9984,4,2013,9,10.0,Profit
CA-2011-128524,2011-11-11,2011-11-13,Mary Zewe,Seattle,Washington,Appliances,Belkin F5C206VTEL 6 Outlet Surge,22.98,1,6.894,2,2011,11,30.0,Profit
CA-2011-128524,2011-11-11,2011-11-13,Mary Zewe,Seattle,Washington,Accessories,Belkin Standard 104 key USB Keyboard,102.13,7,15.3195,2,2011,11,15.0,Profit
CA-2011-128524,2011-11-11,2011-11-13,Mary Zewe,Seattle,Washington,Binders,Fellowes PB500 Electric Punch Plastic Comb Binding Machine with Manual Bind,2033.584,2,762.594,2,2011,11,37.5,Profit
CA-2013-140256,2013-08-23,2013-08-30,Pauline Webber,Los Angeles,California,Art,Newell 346,5.76,2,1.6704,7,2013,8,29.000000000000004,Profit
CA-2011-124702,2011-11-18,2011-11-25,Maya Herman,Seattle,Washington,Furnishings,"Howard Miller 13-1/2"" Diameter Rosebrook Wall Clock",137.54,2,55.016,7,2011,11,40.0,Profit
CA-2011-124702,2011-11-18,2011-11-25,Maya Herman,Seattle,Washington,Tables,"Lesro Round Back Collection Coffee Table, End Table",730.2,4,94.926,7,2011,11,13.0,Profit
US-2014-125808,2014-11-13,2014-11-16,Emily Phan,Los Angeles,California,Paper,Xerox 1899,11.56,2,5.6644,3,2014,11,48.99999999999999,Profit
CA-2011-104563,2011-03-07,2011-03-12,Craig Molinari,Seattle,Washington,Art,Newell Chalk Holder,20.65,5,9.499,5,2011,3,46.00000000000001,Profit
CA-2011-104563,2011-03-07,2011-03-12,Craig Molinari,Seattle,Washington,Storage,"Contico 72""H Heavy-Duty Storage System",204.9,5,0.0,5,2011,3,0.0,No Profit No Loss
CA-2011-104563,2011-03-07,2011-03-12,Craig Molinari,Seattle,Washington,Chairs,Office Star - Task Chair with Contemporary Loop Arms,436.704,6,21.8352,5,2011,3,5.0,Profit
CA-2011-104563,2011-03-07,2011-03-12,Craig Molinari,Seattle,Washington,Chairs,"Global Leather and Oak Executive Chair, Black",481.568,2,54.1764,5,2011,3,11.25,Profit
US-2014-107979,2014-06-09,2014-06-14,Frank Olsen,Glendale,Arizona,Accessories,Memorex Micro Travel Drive 16 GB,89.544,7,12.3123,5,2014,6,13.750000000000002,Profit
US-2014-107979,2014-06-09,2014-06-14,Frank Olsen,Glendale,Arizona,Storage,Rogers Deluxe File Chest,35.168,2,-8.3524,5,2014,6,-23.75,Loss
US-2014-107979,2014-06-09,2014-06-14,Frank Olsen,Glendale,Arizona,Binders,GBC VeloBinder Electric Binding Machine,72.588,2,-48.392,5,2014,6,-66.66666666666667,Loss
CA-2013-107104,2013-11-27,2013-12-01,Maribeth Schnelling,Los Angeles,California,Bookcases,DMI Eclipse Executive Suite Bookcases,3406.664,8,160.3136,4,2013,11,4.705882352941177,Profit
CA-2013-107104,2013-11-27,2013-12-01,Maribeth Schnelling,Los Angeles,California,Art,Newell 31,37.17,9,10.4076,4,2013,11,27.999999999999996,Profit
CA-2013-107104,2013-11-27,2013-12-01,Maribeth Schnelling,Los Angeles,California,Appliances,Belkin F9S820V06 8 Outlet Surge,64.96,2,19.488,4,2013,11,30.000000000000004,Profit
CA-2013-107104,2013-11-27,2013-12-01,Maribeth Schnelling,Los Angeles,California,Furnishings,"GE 48"" Fluorescent Tube, Cool White Energy Saver, 34 Watts, 30/Box",595.38,6,297.69,4,2013,11,50.0,Profit
CA-2014-161893,2014-01-24,2014-01-28,Harold Pawlan,Tucson,Arizona,Accessories,Logitech Wireless Anywhere Mouse MX for PC and Mac,95.984,2,11.998,4,2014,1,12.5,Profit
CA-2014-161893,2014-01-24,2014-01-28,Harold Pawlan,Tucson,Arizona,Binders,Wilson Jones data.warehouse D-Ring Binders with DublLock,4.938,2,-3.6212,4,2014,1,-73.33333333333334,Loss
CA-2011-100860,2011-03-26,2011-03-30,Cindy Stewart,Pomona,California,Labels,Smead Alpha-Z Color-Coded Name Labels First Letter Starter Set,18.75,5,9.0,4,2011,3,48.0,Profit
CA-2013-160717,2013-06-07,2013-06-12,Maria Etezadi,Santa Barbara,California,Phones,Samsung Galaxy Mega 6.3,3023.928,9,226.7946,5,2013,6,7.5,Profit
CA-2013-160717,2013-06-07,2013-06-12,Maria Etezadi,Santa Barbara,California,Accessories,Rosewill 107 Normal Keys USB Wired Standard Keyboard,26.96,2,3.7744,5,2013,6,13.999999999999998,Profit
CA-2013-160717,2013-06-07,2013-06-12,Maria Etezadi,Santa Barbara,California,Phones,Bose SoundLink Bluetooth Speaker,477.6,3,161.19,5,2013,6,33.75,Profit
CA-2014-132619,2014-09-01,2014-09-06,Maxwell Schwartz,San Francisco,California,Storage,Space Solutions Commercial Steel Shelving,193.95,3,9.6975,5,2014,9,5.0,Profit
US-2012-120957,2012-12-07,2012-12-07,Kristen Hastings,Riverside,California,Paper,Xerox 218,12.96,2,6.2208,0,2012,12,47.99999999999999,Profit
CA-2014-157448,2014-11-17,2014-11-21,Lena Creighton,Los Angeles,California,Furnishings,Eldon Radial Chair Mat for Low to Medium Pile Carpets,119.94,3,23.988,4,2014,11,20.0,Profit
CA-2014-157448,2014-11-17,2014-11-21,Lena Creighton,Los Angeles,California,Furnishings,Eldon Image Series Black Desk Accessories,12.42,3,4.4712,4,2014,11,36.0,Profit
CA-2013-126270,2013-04-24,2013-04-28,Art Ferguson,San Clemente,California,Binders,Recycled Pressboard Report Cover with Reinforced Top Hinge,18.088,7,6.5569,4,2013,4,36.25,Profit
CA-2013-126270,2013-04-24,2013-04-28,Art Ferguson,San Clemente,California,Envelopes,"Recycled Interoffice Envelopes with String and Button Closure, 10 x 13",71.97,3,35.985,4,2013,4,50.0,Profit
US-2014-140312,2014-11-14,2014-11-20,Ken Lonsdale,Dublin,California,Phones,Samsung Replacement EH64AVFWE Premium Headset,22.0,5,1.375,6,2014,11,6.25,Profit
CA-2013-137393,2013-05-07,2013-05-11,Gene McClure,Bakersfield,California,Furnishings,"Executive Impressions 8-1/2"" Career Panel/Partition Cubicle Clock",41.6,4,14.144,4,2013,5,34.0,Profit
CA-2012-130113,2012-12-27,2012-12-31,Aaron Hawkins,San Francisco,California,Storage,Fellowes Super Stor/Drawer Files,323.1,2,61.389,4,2012,12,19.0,Profit
CA-2012-130113,2012-12-27,2012-12-31,Aaron Hawkins,San Francisco,California,Phones,Geemarc AmpliPOWER60,668.16,9,75.168,4,2012,12,11.250000000000002,Profit
CA-2014-122770,2014-12-14,2014-12-19,Emily Phan,San Francisco,California,Labels,Avery 49,8.64,3,4.2336,5,2014,12,49.0,Profit
CA-2014-122770,2014-12-14,2014-12-19,Emily Phan,San Francisco,California,Paper,Xerox 1996,38.88,6,18.6624,5,2014,12,48.00000000000001,Profit
CA-2014-122770,2014-12-14,2014-12-19,Emily Phan,San Francisco,California,Furnishings,"Eldon Executive Woodline II Desk Accessories, Mahogany",201.04,8,54.2808,5,2014,12,27.0,Profit
CA-2014-122770,2014-12-14,2014-12-19,Emily Phan,San Francisco,California,Paper,Xerox 1975,12.96,2,6.3504,5,2014,12,48.99999999999999,Profit
CA-2014-118668,2014-01-03,2014-01-05,Fred Wasserman,Los Angeles,California,Accessories,Kensington K72356US Mouse-in-a-Box USB Desktop Mouse,16.59,1,5.8065,2,2014,1,35.0,Profit
CA-2014-116498,2014-05-31,2014-06-04,Kelly Andreada,San Diego,California,Art,"Dixon My First Ticonderoga Pencil, #2",35.1,6,10.179,4,2014,5,28.999999999999996,Profit
CA-2014-130148,2014-09-25,2014-09-29,Neil Knudson,San Francisco,California,Paper,Array Memo Cubes,31.08,6,15.2292,4,2014,9,49.00000000000001,Profit
CA-2014-130148,2014-09-25,2014-09-29,Neil Knudson,San Francisco,California,Supplies,Acme Value Line Scissors,7.3,2,2.19,4,2014,9,30.0,Profit
CA-2014-154116,2014-12-16,2014-12-20,Khloe Miller,Inglewood,California,Paper,"Wirebound Message Books, Two 4 1/4"" x 5"" Forms per Page",22.83,3,10.7301,4,2014,12,47.0,Profit
CA-2014-154116,2014-12-16,2014-12-20,Khloe Miller,Inglewood,California,Appliances,Hoover Commercial SteamVac,54.32,4,16.296,4,2014,12,30.0,Profit
CA-2014-154116,2014-12-16,2014-12-20,Khloe Miller,Inglewood,California,Phones,Panasonic KX TS3282B Corded phone,196.776,3,14.7582,4,2014,12,7.5,Profit
CA-2013-105291,2013-10-31,2013-11-05,Susan Pistek,San Luis Obispo,California,Fasteners,Assorted Color Push Pins,3.62,2,1.1946,5,2013,10,33.0,Profit
CA-2014-125990,2014-10-20,2014-10-24,Joy Smith,San Francisco,California,Binders,JM Magazine Binder,39.624,3,13.8684,4,2014,10,35.0,Profit
CA-2013-161746,2013-10-22,2013-10-28,Carlos Soltero,Los Angeles,California,Chairs,Office Star Flex Back Scooter Chair with Aluminum Finish Frame,242.136,3,12.1068,6,2013,10,5.0,Profit
CA-2013-161746,2013-10-22,2013-10-28,Carlos Soltero,Los Angeles,California,Art,Newell Chalk Holder,12.39,3,5.6994,6,2013,10,46.0,Profit
CA-2013-161746,2013-10-22,2013-10-28,Carlos Soltero,Los Angeles,California,Furnishings,"Eldon Expressions Wood and Plastic Desk Accessories, Oak",19.96,2,5.5888,6,2013,10,27.999999999999996,Profit
CA-2013-161746,2013-10-22,2013-10-28,Carlos Soltero,Los Angeles,California,Storage,SAFCO Boltless Steel Shelving,340.92,3,3.4092,6,2013,10,0.9999999999999999,Profit
CA-2013-116379,2013-11-08,2013-11-13,Lisa DeCherney,San Francisco,California,Binders,GBC VeloBinder Manual Binding System,57.584,2,20.1544,5,2013,11,35.0,Profit
CA-2014-142293,2014-09-18,2014-09-21,Shahid Collister,Boise,Idaho,Accessories,Logitech Trackman Marble Mouse,89.97,3,37.7874,3,2014,9,42.0,Profit
CA-2011-111962,2011-09-29,2011-10-04,Evan Bailliet,Seattle,Washington,Binders,GBC Standard Plastic Binding Systems' Combs,10.048,2,3.14,5,2011,9,31.25,Profit
CA-2011-111962,2011-09-29,2011-10-04,Evan Bailliet,Seattle,Washington,Storage,Fellowes Super Stor/Drawer Files,807.75,5,153.4725,5,2011,9,19.0,Profit
CA-2014-124261,2014-11-15,2014-11-20,Joe Elijah,Los Angeles,California,Art,Newell 347,34.24,8,9.9296,5,2014,11,28.999999999999996,Profit
CA-2014-129294,2014-03-17,2014-03-22,Ken Dana,Los Angeles,California,Storage,"Dual Level, Single-Width Filing Carts",310.12,2,80.6312,5,2014,3,26.0,Profit
CA-2014-129294,2014-03-17,2014-03-22,Ken Dana,Los Angeles,California,Binders,"XtraLife ClearVue Slant-D Ring Binder, White, 3""",70.464,6,22.9008,5,2014,3,32.5,Profit
CA-2014-129294,2014-03-17,2014-03-22,Ken Dana,Los Angeles,California,Binders,Pressboard Hanging Data Binders for Unburst Sheets,19.68,5,6.888,5,2014,3,35.0,Profit
CA-2014-129294,2014-03-17,2014-03-22,Ken Dana,Los Angeles,California,Appliances,Bionaire Personal Warm Mist Humidifier/Vaporizer,140.67,3,54.8613,5,2014,3,39.0,Profit
CA-2014-131303,2014-11-29,2014-12-03,Emily Phan,San Diego,California,Labels,Round Specialty Laser Printer Labels,62.65,5,29.4455,4,2014,11,47.0,Profit
CA-2014-137505,2014-11-25,2014-11-25,Beth Paige,Los Angeles,California,Tables,"Hon Practical Foundations 30 x 60 Training Table, Light Gray/Charcoal",364.08,2,9.102,0,2014,11,2.5,Profit
CA-2014-137505,2014-11-25,2014-11-25,Beth Paige,Los Angeles,California,Tables,Hon 61000 Series Interactive Training Tables,71.088,2,-1.7772,0,2014,11,-2.5,Loss
US-2013-158680,2013-07-02,2013-07-03,Nick Zandusky,Seattle,Washington,Binders,Zipper Ring Binder Pockets,2.496,1,0.9048,1,2013,7,36.25000000000001,Profit
CA-2013-146913,2013-11-01,2013-11-06,Sylvia Foulston,San Francisco,California,Chairs,Office Star - Professional Matrix Back Chair with 2-to-1 Synchro Tilt and Mesh Fabric Seat,1403.92,5,70.196,5,2013,11,5.0,Profit
CA-2011-121762,2011-02-15,2011-02-19,Marina Lichtenstein,Seattle,Washington,Accessories,Logitech G600 MMO Gaming Mouse,239.97,3,86.3892,4,2011,2,36.0,Profit
CA-2011-121762,2011-02-15,2011-02-19,Marina Lichtenstein,Seattle,Washington,Appliances,Belkin 8 Outlet Surge Protector,81.96,2,22.9488,4,2011,2,28.000000000000004,Profit
CA-2011-121762,2011-02-15,2011-02-19,Marina Lichtenstein,Seattle,Washington,Supplies,Compact Automatic Electric Letter Opener,238.62,2,4.7724,4,2011,2,2.0,Profit
CA-2011-123855,2011-06-18,2011-06-23,Mick Crebagga,Los Angeles,California,Phones,Plantronics Cordless Phone Headset with In-line Volume - M214C,139.8,5,12.2325,5,2011,6,8.75,Profit
CA-2014-142328,2014-12-08,2014-12-15,Tracy Collins,San Francisco,California,Paper,"REDIFORM Incoming/Outgoing Call Register, 11"" X 8 1/2"", 100 Messages",50.04,6,25.02,7,2014,12,50.0,Profit
CA-2014-137918,2014-09-30,2014-10-07,Joe Kamberova,Lodi,California,Supplies,"Acme Hot Forged Carbon Steel Scissors with Nickel-Plated Handles, 3 7/8"" Cut, 8""L",97.3,7,28.217,7,2014,9,28.999999999999996,Profit
US-2011-139640,2011-11-07,2011-11-11,Troy Blackwell,Portland,Oregon,Paper,Xerox 1995,25.92,5,9.072,4,2011,11,34.99999999999999,Profit
US-2011-139640,2011-11-07,2011-11-11,Troy Blackwell,Portland,Oregon,Art,Panasonic KP-150 Electric Pencil Sharpener,120.768,4,9.0576,4,2011,11,7.500000000000001,Profit
US-2011-164406,2011-08-15,2011-08-19,Brian Dahlen,San Francisco,California,Appliances,Tripp Lite TLP810NET Broadband Surge for Modem/Fax,152.91,3,42.8148,4,2011,8,27.999999999999996,Profit
US-2011-164406,2011-08-15,2011-08-19,Brian Dahlen,San Francisco,California,Paper,Xerox 1925,92.94,3,41.823,4,2011,8,45.0,Profit
US-2011-164406,2011-08-15,2011-08-19,Brian Dahlen,San Francisco,California,Binders,Avery Heavy-Duty EZD  Binder With Locking Rings,17.856,4,6.2496,4,2011,8,35.0,Profit
US-2011-164406,2011-08-15,2011-08-19,Brian Dahlen,San Francisco,California,Binders,GBC Durable Plastic Covers,46.44,3,15.093,4,2011,8,32.5,Profit
US-2011-164406,2011-08-15,2011-08-19,Brian Dahlen,San Francisco,California,Chairs,Novimex Fabric Task Chair,195.136,4,-12.196,4,2011,8,-6.25,Loss
US-2013-125402,2013-09-26,2013-10-02,Dan Lawera,Long Beach,California,Paper,"Ampad Evidence Wirebond Steno Books, 6"" x 9""",10.9,5,5.123,6,2013,9,47.0,Profit
US-2013-125402,2013-09-26,2013-10-02,Dan Lawera,Long Beach,California,Labels,Alphabetical Labels for Top Tab Filing,29.6,2,14.8,6,2013,9,50.0,Profit
US-2013-125402,2013-09-26,2013-10-02,Dan Lawera,Long Beach,California,Labels,Avery 513,4.98,1,2.2908,6,2013,9,46.0,Profit
US-2013-125402,2013-09-26,2013-10-02,Dan Lawera,Long Beach,California,Copiers,Canon PC-428 Personal Copier,479.976,3,161.9919,6,2013,9,33.75,Profit
US-2013-125402,2013-09-26,2013-10-02,Dan Lawera,Long Beach,California,Phones,"SmartStand Mobile Device Holder, Assorted Colors",44.736,8,4.4736,6,2013,9,10.0,Profit
US-2013-125402,2013-09-26,2013-10-02,Dan Lawera,Long Beach,California,Art,Newell 346,5.76,2,1.6704,6,2013,9,29.000000000000004,Profit
US-2013-125402,2013-09-26,2013-10-02,Dan Lawera,Long Beach,California,Chairs,"Global Airflow Leather Mesh Back Chair, Black",483.136,4,60.392,6,2013,9,12.5,Profit
CA-2014-169327,2014-09-03,2014-09-05,Marc Harrigan,Los Angeles,California,Appliances,"Acco Six-Outlet Power Strip, 4' Cord Length",43.1,5,11.206,2,2014,9,25.999999999999996,Profit
CA-2014-169327,2014-09-03,2014-09-05,Marc Harrigan,Los Angeles,California,Furnishings,Luxo Professional Combination Clamp-On Lamps,511.5,5,132.99,2,2014,9,26.0,Profit
CA-2014-169327,2014-09-03,2014-09-05,Marc Harrigan,Los Angeles,California,Binders,"GBC Velobind Prepunched Cover Sets, Regency Series",147.92,5,46.225,2,2014,9,31.250000000000007,Profit
CA-2011-142979,2011-04-12,2011-04-18,Edward Hooks,Lodi,California,Art,Prismacolor Color Pencil Set,39.68,2,16.2688,6,2011,4,41.0,Profit
CA-2014-138870,2014-06-20,2014-06-24,George Ashbrook,San Francisco,California,Furnishings,"DAX Copper Panel Document Frame, 5 x 7 Size",50.32,4,21.1344,4,2014,6,42.0,Profit
CA-2014-138870,2014-06-20,2014-06-24,George Ashbrook,San Francisco,California,Paper,Xerox 1907,24.56,2,11.5432,4,2014,6,47.0,Profit
CA-2012-164301,2012-03-26,2012-03-30,Ellis Ballard,Seattle,Washington,Tables,Bush Advantage Collection Racetrack Conference Table,3393.68,8,610.8624,4,2012,3,18.0,Profit
CA-2011-112291,2011-04-03,2011-04-08,Katrina Edelman,Los Angeles,California,Envelopes,Staples,11.16,2,5.58,5,2011,4,50.0,Profit
CA-2011-112291,2011-04-03,2011-04-08,Katrina Edelman,Los Angeles,California,Accessories,Enermax Briskie RF Wireless Keyboard and Mouse Combo,62.31,3,22.4316,5,2011,4,36.0,Profit
CA-2011-112291,2011-04-03,2011-04-08,Katrina Edelman,Los Angeles,California,Accessories,Logitech G600 MMO Gaming Mouse,159.98,2,57.5928,5,2011,4,36.0,Profit
CA-2014-117646,2014-08-22,2014-08-26,Sung Chung,Louisville,Colorado,Storage,"Recycled Data-Pak for Archival Bound Computer Printouts, 12-1/2 x 12-1/2 x 16",237.096,3,20.7459,4,2014,8,8.75,Profit
CA-2014-117646,2014-08-22,2014-08-26,Sung Chung,Louisville,Colorado,Furnishings,"DAX Charcoal/Nickel-Tone Document Frame, 5 x 7",22.752,3,7.11,4,2014,8,31.250000000000007,Profit
CA-2014-117646,2014-08-22,2014-08-26,Sung Chung,Louisville,Colorado,Paper,Southworth 25% Cotton Antique Laid Paper & Envelopes,6.672,1,2.085,4,2014,8,31.25,Profit
US-2012-129007,2012-09-13,2012-09-15,Ken Dana,Anaheim,California,Furnishings,Flat Face Poster Frame,131.88,7,55.3896,2,2012,9,42.00000000000001,Profit
US-2012-129007,2012-09-13,2012-09-15,Ken Dana,Anaheim,California,Binders,"Acco Data Flex Cable Posts For Top & Bottom Load Binders, 6"" Capacity",25.032,3,7.8225,2,2012,9,31.25,Profit
US-2012-129007,2012-09-13,2012-09-15,Ken Dana,Anaheim,California,Chairs,Global Comet Stacking Armless Chair,717.72,3,71.772,2,2012,9,10.0,Profit
US-2012-129007,2012-09-13,2012-09-15,Ken Dana,Anaheim,California,Furnishings,Eldon Econocleat Chair Mats for Low Pile Carpets,207.35,5,24.882,2,2012,9,12.000000000000002,Profit
US-2012-129007,2012-09-13,2012-09-15,Ken Dana,Anaheim,California,Furnishings,Tensor Computer Mounted Lamp,44.67,3,12.0609,2,2012,9,27.0,Profit
US-2012-129007,2012-09-13,2012-09-15,Ken Dana,Anaheim,California,Paper,Xerox 1915,209.7,2,100.656,2,2012,9,48.00000000000001,Profit
CA-2012-132388,2012-10-10,2012-10-12,Katherine Nockton,Santa Barbara,California,Chairs,"Global Leather & Oak Executive Chair, Burgundy",362.136,3,-54.3204,2,2012,10,-15.0,Loss
CA-2012-132388,2012-10-10,2012-10-12,Katherine Nockton,Santa Barbara,California,Labels,Avery 503,31.05,3,14.904,2,2012,10,48.0,Profit
CA-2013-129630,2013-09-05,2013-09-05,Ionia McGrath,San Francisco,California,Furnishings,"6"" Cubicle Wall Clock, Black",24.27,3,8.7372,0,2013,9,36.0,Profit
CA-2013-129630,2013-09-05,2013-09-05,Ionia McGrath,San Francisco,California,Copiers,Canon PC1060 Personal Laser Copier,2799.96,5,944.9865,0,2013,9,33.75,Profit
CA-2012-104948,2012-11-13,2012-11-17,Keith Herrera,San Bernardino,California,Binders,"Universal Recycled Hanging Pressboard Report Binders, Letter Size",9.872,2,3.4552,4,2012,11,35.0,Profit
CA-2012-104948,2012-11-13,2012-11-17,Keith Herrera,San Bernardino,California,Bookcases,O'Sullivan Living Dimensions 3-Shelf Bookcases,683.332,4,-40.196,4,2012,11,-5.88235294117647,Loss
CA-2012-104948,2012-11-13,2012-11-17,Keith Herrera,San Bernardino,California,Paper,Xerox 1900,29.96,7,13.482,4,2012,11,44.99999999999999,Profit
CA-2013-164889,2013-06-04,2013-06-07,Christine Phan,Los Angeles,California,Tables,Hon 61000 Series Interactive Training Tables,71.088,2,-1.7772,3,2013,6,-2.5,Loss
CA-2014-164028,2014-11-25,2014-12-01,John Lee,San Francisco,California,Accessories,Memorex Mini Travel Drive 16 GB USB 2.0 Flash Drive,223.58,14,87.1962,6,2014,11,39.0,Profit
CA-2011-143371,2011-12-28,2012-01-03,Maribeth Dona,Anaheim,California,Storage,"Carina Mini System Audio Rack, Model AR050B",998.82,9,29.9646,6,2011,12,3.0,Profit
CA-2011-143371,2011-12-28,2012-01-03,Maribeth Dona,Anaheim,California,Supplies,Acme Box Cutter Scissors,51.15,5,13.299,6,2011,12,26.0,Profit
CA-2012-145415,2012-04-12,2012-04-17,Robert Dilbeck,Seattle,Washington,Storage,"Rogers Jumbo File, Granite",40.74,3,0.4074,5,2012,4,0.9999999999999999,Profit
CA-2012-141593,2012-12-14,2012-12-16,Darren Budd,Los Angeles,California,Binders,Ibico Recycled Grain-Textured Covers,55.264,2,20.724,2,2012,12,37.5,Profit
CA-2012-141593,2012-12-14,2012-12-16,Darren Budd,Los Angeles,California,Paper,Xerox 23,6.48,1,3.1104,2,2012,12,47.99999999999999,Profit
CA-2012-141593,2012-12-14,2012-12-16,Darren Budd,Los Angeles,California,Binders,"GBC Laser Imprintable Binding System Covers, Desert Sand",34.248,3,11.5587,2,2012,12,33.75,Profit
CA-2012-141593,2012-12-14,2012-12-16,Darren Budd,Los Angeles,California,Tables,"Bush Andora Conference Table, Maple/Graphite Gray Finish",273.568,2,10.2588,2,2012,12,3.7500000000000004,Profit
CA-2014-137421,2014-10-07,2014-10-12,Ashley Jarboe,Chandler,Arizona,Art,Avery Hi-Liter Smear-Safe Highlighters,9.344,2,1.8688,5,2014,10,20.0,Profit
US-2013-103674,2013-12-07,2013-12-11,Anne Pryor,Los Angeles,California,Phones,Avaya 5410 Digital phone,271.96,5,27.196,4,2013,12,10.000000000000002,Profit
US-2013-103674,2013-12-07,2013-12-11,Anne Pryor,Los Angeles,California,Art,Blackstonian Pencils,18.69,7,5.2332,4,2013,12,27.999999999999996,Profit
US-2013-103674,2013-12-07,2013-12-11,Anne Pryor,Los Angeles,California,Paper,Xerox 1977,13.36,2,6.4128,4,2013,12,48.0,Profit
US-2013-103674,2013-12-07,2013-12-11,Anne Pryor,Los Angeles,California,Phones,Cisco SPA301,249.584,2,31.198,4,2013,12,12.5,Profit
US-2013-103674,2013-12-07,2013-12-11,Anne Pryor,Los Angeles,California,Fasteners,"Alliance Big Bands Rubber Bands, 12/Pack",13.86,7,0.0,4,2013,12,0.0,No Profit No Loss
US-2013-103674,2013-12-07,2013-12-11,Anne Pryor,Los Angeles,California,Binders,Avery Durable Slant Ring Binders With Label Holder,13.376,4,4.6816,4,2013,12,35.0,Profit
US-2013-103674,2013-12-07,2013-12-11,Anne Pryor,Los Angeles,California,Binders,Ibico Recycled Linen-Style Covers,437.472,14,153.1152,4,2013,12,35.0,Profit
CA-2013-125794,2013-09-30,2013-10-04,Maris LaWare,Los Angeles,California,Accessories,Memorex Mini Travel Drive 64 GB USB 2.0 Flash Drive,36.24,1,15.2208,4,2013,9,42.0,Profit
CA-2014-121258,2014-02-27,2014-03-04,Dave Brooks,Costa Mesa,California,Furnishings,Tenex B1-RE Series Chair Mats for Low Pile Carpets,91.96,2,15.6332,5,2014,2,17.0,Profit
CA-2014-121258,2014-02-27,2014-03-04,Dave Brooks,Costa Mesa,California,Phones,Aastra 57i VoIP phone,258.576,2,19.3932,5,2014,2,7.5,Profit
CA-2014-121258,2014-02-27,2014-03-04,Dave Brooks,Costa Mesa,California,Paper,"It's Hot Message Books with Stickers, 2 3/4"" x 5""",29.6,4,13.32,5,2014,2,45.0,Profit
CA-2014-119914,2014-05-05,2014-05-10,Chris Cortes,Westminster,California,Appliances,"Acco 7-Outlet Masterpiece Power Center, Wihtout Fax/Phone Line Protection",243.16,2,72.948,5,2014,5,30.0,Profit
